"Whan that the Knyght had thus his tale ytoold,",||,"¶Whan that the Knight had thus his tale ytold,"
data/riverside_cats/MilPro_riv.cat,data/oxford_txts/MilPro_oxford.txt,data/csvs/MilPro,The Miller's Prologue 3109,,,10,Whan,that,the,Knyght,had,thus,his,tale,ytoold
data/riverside_cats/MilPro_riv.cat,data/oxford_txts/MilPro_oxford.txt,data/csvs/MilPro,The Miller's Prologue 3109,,,10,u,S,u,S,u,S,u,Sx,uS
data/riverside_cats/MilPro_riv.cat,data/oxford_txts/MilPro_oxford.txt,data/csvs/MilPro,The Miller's Prologue 3109,,,10,whan@adv&conj,that@part,the@def_art,knight@n,haven@v%pt_3,thus@adv,his@pron1%gen,tale@n,itellen@v%ppl
data/riverside_cats/MilPro_riv.cat,data/oxford_txts/MilPro_oxford.txt,data/csvs/MilPro,The Miller's Prologue 3109,,,10,Whan,that,the,Knight,had,thus,his,tale,ytold
data/riverside_cats/MilPro_riv.cat,data/oxford_txts/MilPro_oxford.txt,data/csvs/MilPro,The Miller's Prologue 3109,,,10,u,S,u,S,u,S,u,Sx,uS
data/riverside_cats/MilPro_riv.cat,data/oxford_txts/MilPro_oxford.txt,data/csvs/MilPro,The Miller's Prologue 3109,,,10,whan@adv&conj,that@part,the@def_art,knight@n,haven@v%pt_3,thus@adv,his@pron1%gen,tale@n,itellen@v%ppl

In al the route nas ther yong ne oold,||,In al the route° nas° ther yong ne old
data/riverside_cats/MilPro_riv.cat,data/oxford_txts/MilPro_oxford.txt,data/csvs/MilPro,The Miller's Prologue 3110,,,10,In,al,the,route,nas,ther,yong,ne,oold
data/riverside_cats/MilPro_riv.cat,data/oxford_txts/MilPro_oxford.txt,data/csvs/MilPro,The Miller's Prologue 3110,,,10,u,S,u,Su,S,u,S,u,S
data/riverside_cats/MilPro_riv.cat,data/oxford_txts/MilPro_oxford.txt,data/csvs/MilPro,The Miller's Prologue 3110,,,10,in@prep,al@gram_adj,the@def_art,route@n1,ben@v%pt_3_neg,ther@adv,yong@adj,ne@conj1,olde@adj
data/riverside_cats/MilPro_riv.cat,data/oxford_txts/MilPro_oxford.txt,data/csvs/MilPro,The Miller's Prologue 3110,,,10,In,al,the,route,nas,ther,yong,ne,old
data/riverside_cats/MilPro_riv.cat,data/oxford_txts/MilPro_oxford.txt,data/csvs/MilPro,The Miller's Prologue 3110,,,10,u,S,u,Su,S,u,S,u,S
data/riverside_cats/MilPro_riv.cat,data/oxford_txts/MilPro_oxford.txt,data/csvs/MilPro,The Miller's Prologue 3110,,,10,in@prep,al@gram_adj,the@def_art,route@n1,ben@v%pt_3_neg,ther@adv,yong@adj,ne@conj1,olde@adj

That he ne seyde it was a noble storie,||,"That he ne seide it was a noble storie,"
data/riverside_cats/MilPro_riv.cat,data/oxford_txts/MilPro_oxford.txt,data/csvs/MilPro,The Miller's Prologue 3111,,,0,That,he,ne,seyde,it,was,a,noble,storie
data/riverside_cats/MilPro_riv.cat,data/oxford_txts/MilPro_oxford.txt,data/csvs/MilPro,The Miller's Prologue 3111,,,0,,,,,,,,,
data/riverside_cats/MilPro_riv.cat,data/oxford_txts/MilPro_oxford.txt,data/csvs/MilPro,The Miller's Prologue 3111,,,0,that@conj,he@pron1%nom,ne@adv,seien@v1%pt_3,hit@pron,ben@v%pt_3,a@indef_art,noble@adj,storie@n1
data/riverside_cats/MilPro_riv.cat,data/oxford_txts/MilPro_oxford.txt,data/csvs/MilPro,The Miller's Prologue 3111,,,0,That,he,ne,seide,it,was,a,noble,storie
data/riverside_cats/MilPro_riv.cat,data/oxford_txts/MilPro_oxford.txt,data/csvs/MilPro,The Miller's Prologue 3111,,,0,,,,,,,,,
data/riverside_cats/MilPro_riv.cat,data/oxford_txts/MilPro_oxford.txt,data/csvs/MilPro,The Miller's Prologue 3111,,,0,that@conj,he@pron1%nom,ne@adv,seien@v1%pt_3,hit@pron,ben@v%pt_3,a@indef_art,noble@adj,storie@n1

"And worthy for to drawen to memorie,",||,And worthy for to drawen to memorie;°
data/riverside_cats/MilPro_riv.cat,data/oxford_txts/MilPro_oxford.txt,data/csvs/MilPro,The Miller's Prologue 3112,,,10,And,worthy,for,to,drawen,to,memorie
data/riverside_cats/MilPro_riv.cat,data/oxford_txts/MilPro_oxford.txt,data/csvs/MilPro,The Miller's Prologue 3112,,,10,u,Su,S,u,Su,S,uS
data/riverside_cats/MilPro_riv.cat,data/oxford_txts/MilPro_oxford.txt,data/csvs/MilPro,The Miller's Prologue 3112,,,10,and@conj,worthi@adj,for@prep#adv,to@part,drauen@v%inf,to@prep,memorie@n
data/riverside_cats/MilPro_riv.cat,data/oxford_txts/MilPro_oxford.txt,data/csvs/MilPro,The Miller's Prologue 3112,,,10,And,worthy,for,to,drawen,to,memorie
data/riverside_cats/MilPro_riv.cat,data/oxford_txts/MilPro_oxford.txt,data/csvs/MilPro,The Miller's Prologue 3112,,,10,u,Su,S,u,Su,S,uS
data/riverside_cats/MilPro_riv.cat,data/oxford_txts/MilPro_oxford.txt,data/csvs/MilPro,The Miller's Prologue 3112,,,10,and@conj,worthi@adj,for@prep#adv,to@part,drauen@v%inf,to@prep,memorie@n

And namely the gentils everichon.,||,And namely° the gentils° everichon.°
data/riverside_cats/MilPro_riv.cat,data/oxford_txts/MilPro_oxford.txt,data/csvs/MilPro,The Miller's Prologue 3113,,,10,And,namely,the,gentils,everichon
data/riverside_cats/MilPro_riv.cat,data/oxford_txts/MilPro_oxford.txt,data/csvs/MilPro,The Miller's Prologue 3113,,,10,u,SuS,u,Su,SxuS
data/riverside_cats/MilPro_riv.cat,data/oxford_txts/MilPro_oxford.txt,data/csvs/MilPro,The Miller's Prologue 3113,,,10,and@conj,nameli@adv,the@def_art,gentil@n%pl,everich-on@pron
data/riverside_cats/MilPro_riv.cat,data/oxford_txts/MilPro_oxford.txt,data/csvs/MilPro,The Miller's Prologue 3113,,,10,And,namely,the,gentils,everichon
data/riverside_cats/MilPro_riv.cat,data/oxford_txts/MilPro_oxford.txt,data/csvs/MilPro,The Miller's Prologue 3113,,,10,u,SuS,u,Su,SxuS
data/riverside_cats/MilPro_riv.cat,data/oxford_txts/MilPro_oxford.txt,data/csvs/MilPro,The Miller's Prologue 3113,,,10,and@conj,nameli@adv,the@def_art,gentil@n%pl,everich-on@pron

"Oure Hooste lough and swoor, ""So moot I gon,",||,"Our Hoste lough° and swoor, “So moot I gon,"
data/riverside_cats/MilPro_riv.cat,data/oxford_txts/MilPro_oxford.txt,data/csvs/MilPro,The Miller's Prologue 3114,,,10,Oure,Hooste,lough,and,swoor,So,moot,I,gon
data/riverside_cats/MilPro_riv.cat,data/oxford_txts/MilPro_oxford.txt,data/csvs/MilPro,The Miller's Prologue 3114,,,10,ux,Su,S,u,S,u,S,u,S
data/riverside_cats/MilPro_riv.cat,data/oxford_txts/MilPro_oxford.txt,data/csvs/MilPro,The Miller's Prologue 3114,,,10,oure@pron%pl_gen,hoste@n2,laughen@v%pt_3,and@conj,sweren@v%pt_3,so@adv,moten@v2%pr_1,ich@pron%nom,gon@v%inf
data/riverside_cats/MilPro_riv.cat,data/oxford_txts/MilPro_oxford.txt,data/csvs/MilPro,The Miller's Prologue 3114,,,10,Our,Hoste,lough,and,swoor,So,moot,I,gon
data/riverside_cats/MilPro_riv.cat,data/oxford_txts/MilPro_oxford.txt,data/csvs/MilPro,The Miller's Prologue 3114,,,10,u,Su,S,u,S,u,S,u,S
data/riverside_cats/MilPro_riv.cat,data/oxford_txts/MilPro_oxford.txt,data/csvs/MilPro,The Miller's Prologue 3114,,,10,oure@pron%pl_gen,hoste@n2,laughen@v%pt_3,and@conj,sweren@v%pt_3,so@adv,moten@v2%pr_1,ich@pron%nom,gon@v%inf

This gooth aright; unbokeled is the male.,||,This gooth aright; unbokeled is the male;°
data/riverside_cats/MilPro_riv.cat,data/oxford_txts/MilPro_oxford.txt,data/csvs/MilPro,The Miller's Prologue 3115,,,10,This,gooth,aright,unbokeled,is,the,male
data/riverside_cats/MilPro_riv.cat,data/oxford_txts/MilPro_oxford.txt,data/csvs/MilPro,The Miller's Prologue 3115,,,10,u,S,uS,uSux,S,u,Sx
data/riverside_cats/MilPro_riv.cat,data/oxford_txts/MilPro_oxford.txt,data/csvs/MilPro,The Miller's Prologue 3115,,,10,this@pron,gon@v%pr_3,a-right@adv,unbokelen@v%ppl,ben@v%pr_3,the@def_art,male@n2
data/riverside_cats/MilPro_riv.cat,data/oxford_txts/MilPro_oxford.txt,data/csvs/MilPro,The Miller's Prologue 3115,,,10,This,gooth,aright,unbokeled,is,the,male
data/riverside_cats/MilPro_riv.cat,data/oxford_txts/MilPro_oxford.txt,data/csvs/MilPro,The Miller's Prologue 3115,,,10,u,S,uS,uSux,S,u,Sx
data/riverside_cats/MilPro_riv.cat,data/oxford_txts/MilPro_oxford.txt,data/csvs/MilPro,The Miller's Prologue 3115,,,10,this@pron,gon@v%pr_3,a-right@adv,unbokelen@v%ppl,ben@v%pr_3,the@def_art,male@n2

Lat se now who shal telle another tale;,||,Lat see now who shal telle another tale:
data/riverside_cats/MilPro_riv.cat,data/oxford_txts/MilPro_oxford.txt,data/csvs/MilPro,The Miller's Prologue 3116,,,10,Lat,se,now,who,shal,telle,another,tale
data/riverside_cats/MilPro_riv.cat,data/oxford_txts/MilPro_oxford.txt,data/csvs/MilPro,The Miller's Prologue 3116,,,10,u,S,u,S,u,Sx,uSu,Sx
data/riverside_cats/MilPro_riv.cat,data/oxford_txts/MilPro_oxford.txt,data/csvs/MilPro,The Miller's Prologue 3116,,,10,leten@v%imp,sen@v1%inf,nou@adv,who@pron%nom,shulen@v1%pr_3,tellen@v%inf,another@gram_adj,tale@n
data/riverside_cats/MilPro_riv.cat,data/oxford_txts/MilPro_oxford.txt,data/csvs/MilPro,The Miller's Prologue 3116,,,10,Lat,see,now,who,shal,telle,another,tale
data/riverside_cats/MilPro_riv.cat,data/oxford_txts/MilPro_oxford.txt,data/csvs/MilPro,The Miller's Prologue 3116,,,10,u,S,u,S,u,Sx,uSu,Sx
data/riverside_cats/MilPro_riv.cat,data/oxford_txts/MilPro_oxford.txt,data/csvs/MilPro,The Miller's Prologue 3116,,,10,leten@v%imp,sen@v1%inf,nou@adv,who@pron%nom,shulen@v1%pr_3,tellen@v%inf,another@gram_adj,tale@n

For trewely the game is wel bigonne.,||,"For trewely, the game is wel bigonne."
data/riverside_cats/MilPro_riv.cat,data/oxford_txts/MilPro_oxford.txt,data/csvs/MilPro,The Miller's Prologue 3117,,,10,For,trewely,the,game,is,wel,bigonne
data/riverside_cats/MilPro_riv.cat,data/oxford_txts/MilPro_oxford.txt,data/csvs/MilPro,The Miller's Prologue 3117,,,10,u,SuS,u,Sx,u,S,uSx
data/riverside_cats/MilPro_riv.cat,data/oxford_txts/MilPro_oxford.txt,data/csvs/MilPro,The Miller's Prologue 3117,,,10,for@conj,treuli@adv,the@def_art,game@n,ben@v%pr_3,wel@adv,biginnen@v%ppl
data/riverside_cats/MilPro_riv.cat,data/oxford_txts/MilPro_oxford.txt,data/csvs/MilPro,The Miller's Prologue 3117,,,10,For,trewely,the,game,is,wel,bigonne
data/riverside_cats/MilPro_riv.cat,data/oxford_txts/MilPro_oxford.txt,data/csvs/MilPro,The Miller's Prologue 3117,,,10,u,SuS,u,Sx,u,S,uSx
data/riverside_cats/MilPro_riv.cat,data/oxford_txts/MilPro_oxford.txt,data/csvs/MilPro,The Miller's Prologue 3117,,,10,for@conj,treuli@adv,the@def_art,game@n,ben@v%pr_3,wel@adv,biginnen@v%ppl

"Now telleth ye, sir Monk, if that ye konne,",||,"Now telleth ye, sir Monk, if that ye conne,°"
data/riverside_cats/MilPro_riv.cat,data/oxford_txts/MilPro_oxford.txt,data/csvs/MilPro,The Miller's Prologue 3118,,,10,Now,telleth,ye,sir,Monk,if,that,ye,konne
data/riverside_cats/MilPro_riv.cat,data/oxford_txts/MilPro_oxford.txt,data/csvs/MilPro,The Miller's Prologue 3118,,,10,u,Su,S,u,S,u,S,u,Sx
data/riverside_cats/MilPro_riv.cat,data/oxford_txts/MilPro_oxford.txt,data/csvs/MilPro,The Miller's Prologue 3118,,,10,nou@adv,tellen@v%pr_pl,ye@pron%pl_nom,sire@n#adj,monk@n,if@conj,that@part,ye@pron%pl_nom,connen@v%pr_pl
data/riverside_cats/MilPro_riv.cat,data/oxford_txts/MilPro_oxford.txt,data/csvs/MilPro,The Miller's Prologue 3118,,,10,Now,telleth,ye,sir,Monk,if,that,ye,conne
data/riverside_cats/MilPro_riv.cat,data/oxford_txts/MilPro_oxford.txt,data/csvs/MilPro,The Miller's Prologue 3118,,,10,u,Su,S,u,S,u,S,u,Sx
data/riverside_cats/MilPro_riv.cat,data/oxford_txts/MilPro_oxford.txt,data/csvs/MilPro,The Miller's Prologue 3118,,,10,nou@adv,tellen@v%pr_pl,ye@pron%pl_nom,sire@n#adj,monk@n,if@conj,that@part,ye@pron%pl_nom,connen@v%pr_pl

"Somwhat to quite with the Knyghtes tale.""",||,"Somwhat, to quite° with the Knightes tale.”"
data/riverside_cats/MilPro_riv.cat,data/oxford_txts/MilPro_oxford.txt,data/csvs/MilPro,The Miller's Prologue 3119,,,10,Somwhat,to,quite,with,the,Knyghtes,tale
data/riverside_cats/MilPro_riv.cat,data/oxford_txts/MilPro_oxford.txt,data/csvs/MilPro,The Miller's Prologue 3119,,,10,uS,u,Su,S,u,Su,Sx
data/riverside_cats/MilPro_riv.cat,data/oxford_txts/MilPro_oxford.txt,data/csvs/MilPro,The Miller's Prologue 3119,,,10,som-what@pron,to@part,quiten@v%inf,with@prep,the@def_art,knight@n%gen,tale@n
data/riverside_cats/MilPro_riv.cat,data/oxford_txts/MilPro_oxford.txt,data/csvs/MilPro,The Miller's Prologue 3119,,,10,Somwhat,to,quite,with,the,Knightes,tale
data/riverside_cats/MilPro_riv.cat,data/oxford_txts/MilPro_oxford.txt,data/csvs/MilPro,The Miller's Prologue 3119,,,10,uS,u,Su,S,u,Su,Sx
data/riverside_cats/MilPro_riv.cat,data/oxford_txts/MilPro_oxford.txt,data/csvs/MilPro,The Miller's Prologue 3119,,,10,som-what@pron,to@part,quiten@v%inf,with@prep,the@def_art,knight@n%gen,tale@n

"The Millere, that for dronken was al pale,",||,"¶The Miller, that fordronken° was al pale,"
data/riverside_cats/MilPro_riv.cat,data/oxford_txts/MilPro_oxford.txt,data/csvs/MilPro,The Miller's Prologue 3120,DIFF,,10,The,Millere,that,for,dronken,was,al,pale
data/riverside_cats/MilPro_riv.cat,data/oxford_txts/MilPro_oxford.txt,data/csvs/MilPro,The Miller's Prologue 3120,DIFF,,10,u,Sux,S,u,Su,S,u,Sx
data/riverside_cats/MilPro_riv.cat,data/oxford_txts/MilPro_oxford.txt,data/csvs/MilPro,The Miller's Prologue 3120,DIFF,,10,the@def_art,milnere@n,that@pron,for@prep,dronken@ppl#adj_n,ben@v%pt_3,al@adv,pale@adj
data/riverside_cats/MilPro_riv.cat,data/oxford_txts/MilPro_oxford.txt,data/csvs/MilPro,The Miller's Prologue 3120,DIFF,,10,The,Miller,that,fordronken,was,al,pale
data/riverside_cats/MilPro_riv.cat,data/oxford_txts/MilPro_oxford.txt,data/csvs/MilPro,The Miller's Prologue 3120,DIFF,,10,u,Su,S,uSu,S,u,Sx
data/riverside_cats/MilPro_riv.cat,data/oxford_txts/MilPro_oxford.txt,data/csvs/MilPro,The Miller's Prologue 3120,DIFF,,10,the@def_art,milnere@n,that@pron,,ben@v%pt_3,al@adv,pale@adj

"So that unnethe upon his hors he sat,",||,"So that unnethe° upon his hors he sat,"
data/riverside_cats/MilPro_riv.cat,data/oxford_txts/MilPro_oxford.txt,data/csvs/MilPro,The Miller's Prologue 3121,,,10,So,that,unnethe,upon,his,hors,he,sat
data/riverside_cats/MilPro_riv.cat,data/oxford_txts/MilPro_oxford.txt,data/csvs/MilPro,The Miller's Prologue 3121,,,10,u,S,uSx,uS,u,S,u,S
data/riverside_cats/MilPro_riv.cat,data/oxford_txts/MilPro_oxford.txt,data/csvs/MilPro,The Miller's Prologue 3121,,,10,so@adv,that@conj,unethe@adv,upon@prep,his@pron1%gen,hors@n,he@pron1%nom,sitten@v%pt_3
data/riverside_cats/MilPro_riv.cat,data/oxford_txts/MilPro_oxford.txt,data/csvs/MilPro,The Miller's Prologue 3121,,,10,So,that,unnethe,upon,his,hors,he,sat
data/riverside_cats/MilPro_riv.cat,data/oxford_txts/MilPro_oxford.txt,data/csvs/MilPro,The Miller's Prologue 3121,,,10,u,S,uSx,uS,u,S,u,S
data/riverside_cats/MilPro_riv.cat,data/oxford_txts/MilPro_oxford.txt,data/csvs/MilPro,The Miller's Prologue 3121,,,10,so@adv,that@conj,unethe@adv,upon@prep,his@pron1%gen,hors@n,he@pron1%nom,sitten@v%pt_3

"He nolde avalen neither hood ne hat,",||,"He nolde avalen° neither hood ne hat,"
data/riverside_cats/MilPro_riv.cat,data/oxford_txts/MilPro_oxford.txt,data/csvs/MilPro,The Miller's Prologue 3122,,,10,He,nolde,avalen,neither,hood,ne,hat
data/riverside_cats/MilPro_riv.cat,data/oxford_txts/MilPro_oxford.txt,data/csvs/MilPro,The Miller's Prologue 3122,,,10,u,Sx,uSu,Su,S,u,S
data/riverside_cats/MilPro_riv.cat,data/oxford_txts/MilPro_oxford.txt,data/csvs/MilPro,The Miller's Prologue 3122,,,10,he@pron1%nom,willen@v%pt_3_neg,avalen@v%inf,neither@conj,hod@n,ne@conj1,hat@n
data/riverside_cats/MilPro_riv.cat,data/oxford_txts/MilPro_oxford.txt,data/csvs/MilPro,The Miller's Prologue 3122,,,10,He,nolde,avalen,neither,hood,ne,hat
data/riverside_cats/MilPro_riv.cat,data/oxford_txts/MilPro_oxford.txt,data/csvs/MilPro,The Miller's Prologue 3122,,,10,u,Sx,uSu,Su,S,u,S
data/riverside_cats/MilPro_riv.cat,data/oxford_txts/MilPro_oxford.txt,data/csvs/MilPro,The Miller's Prologue 3122,,,10,he@pron1%nom,willen@v%pt_3_neg,avalen@v%inf,neither@conj,hod@n,ne@conj1,hat@n

"Ne abyde no man for his curteisie,",||,"Ne abide° no man for his curteisie,"
data/riverside_cats/MilPro_riv.cat,data/oxford_txts/MilPro_oxford.txt,data/csvs/MilPro,The Miller's Prologue 3123,,,10,Ne,abyde,no,man,for,his,curteisie
data/riverside_cats/MilPro_riv.cat,data/oxford_txts/MilPro_oxford.txt,data/csvs/MilPro,The Miller's Prologue 3123,,,10,u,Sux,S,u,S,u,SuS
data/riverside_cats/MilPro_riv.cat,data/oxford_txts/MilPro_oxford.txt,data/csvs/MilPro,The Miller's Prologue 3123,,,10,ne@conj1,abiden@v%inf,no@gram_adj,man@n,for@prep,his@pron1%gen,courteisie@n
data/riverside_cats/MilPro_riv.cat,data/oxford_txts/MilPro_oxford.txt,data/csvs/MilPro,The Miller's Prologue 3123,,,10,Ne,abide,no,man,for,his,curteisie
data/riverside_cats/MilPro_riv.cat,data/oxford_txts/MilPro_oxford.txt,data/csvs/MilPro,The Miller's Prologue 3123,,,10,u,Sux,S,u,S,u,SuS
data/riverside_cats/MilPro_riv.cat,data/oxford_txts/MilPro_oxford.txt,data/csvs/MilPro,The Miller's Prologue 3123,,,10,ne@conj1,abiden@v%inf,no@gram_adj,man@n,for@prep,his@pron1%gen,courteisie@n

"But in Pilates voys he gan to crie,",||,"But in Pilates vois he gan to crie,"
data/riverside_cats/MilPro_riv.cat,data/oxford_txts/MilPro_oxford.txt,data/csvs/MilPro,The Miller's Prologue 3124,,,10,But,in,Pilates,voys,he,gan,to,crie
data/riverside_cats/MilPro_riv.cat,data/oxford_txts/MilPro_oxford.txt,data/csvs/MilPro,The Miller's Prologue 3124,,,10,u,S,uSu,S,u,S,u,S
data/riverside_cats/MilPro_riv.cat,data/oxford_txts/MilPro_oxford.txt,data/csvs/MilPro,The Miller's Prologue 3124,,,10,but@conj,in@prep,pilate@n#propn%gen,voice@n,he@pron1%nom,ginnen@v%pt_3,to@part,crien@v%inf
data/riverside_cats/MilPro_riv.cat,data/oxford_txts/MilPro_oxford.txt,data/csvs/MilPro,The Miller's Prologue 3124,,,10,But,in,Pilates,vois,he,gan,to,crie
data/riverside_cats/MilPro_riv.cat,data/oxford_txts/MilPro_oxford.txt,data/csvs/MilPro,The Miller's Prologue 3124,,,10,u,S,uSu,S,u,S,u,S
data/riverside_cats/MilPro_riv.cat,data/oxford_txts/MilPro_oxford.txt,data/csvs/MilPro,The Miller's Prologue 3124,,,10,but@conj,in@prep,pilate@n#propn%gen,voice@n,he@pron1%nom,ginnen@v%pt_3,to@part,crien@v%inf

"And swoor, ""By armes, and by blood and bones,",||,"And swoor by armes and by blood and bones,"
data/riverside_cats/MilPro_riv.cat,data/oxford_txts/MilPro_oxford.txt,data/csvs/MilPro,The Miller's Prologue 3125,,,10,And,swoor,By,armes,and,by,blood,and,bones
data/riverside_cats/MilPro_riv.cat,data/oxford_txts/MilPro_oxford.txt,data/csvs/MilPro,The Miller's Prologue 3125,,,10,u,S,u,Su,S,u,S,u,Sx
data/riverside_cats/MilPro_riv.cat,data/oxford_txts/MilPro_oxford.txt,data/csvs/MilPro,The Miller's Prologue 3125,,,10,and@conj,sweren@v%pt_3,bi@prep,arm@n%pl,and@conj,bi@prep,blod@n1,and@conj,bon@n1%pl
data/riverside_cats/MilPro_riv.cat,data/oxford_txts/MilPro_oxford.txt,data/csvs/MilPro,The Miller's Prologue 3125,,,10,And,swoor,by,armes,and,by,blood,and,bones
data/riverside_cats/MilPro_riv.cat,data/oxford_txts/MilPro_oxford.txt,data/csvs/MilPro,The Miller's Prologue 3125,,,10,u,S,u,Su,S,u,S,u,Sx
data/riverside_cats/MilPro_riv.cat,data/oxford_txts/MilPro_oxford.txt,data/csvs/MilPro,The Miller's Prologue 3125,,,10,and@conj,sweren@v%pt_3,bi@prep,arm@n%pl,and@conj,bi@prep,blod@n1,and@conj,bon@n1%pl

"I kan a noble tale for the nones,",||,"“I can° a noble tale for the nones,°"
data/riverside_cats/MilPro_riv.cat,data/oxford_txts/MilPro_oxford.txt,data/csvs/MilPro,The Miller's Prologue 3126,,,10,I,kan,a,noble,tale,for,the,nones
data/riverside_cats/MilPro_riv.cat,data/oxford_txts/MilPro_oxford.txt,data/csvs/MilPro,The Miller's Prologue 3126,,,10,u,S,u,Su,Sx,u,S,uS
data/riverside_cats/MilPro_riv.cat,data/oxford_txts/MilPro_oxford.txt,data/csvs/MilPro,The Miller's Prologue 3126,,,10,ich@pron%nom,connen@v%pr_1,a@indef_art,noble@adj,tale@n,for@prep,the@def_art,nones@n1
data/riverside_cats/MilPro_riv.cat,data/oxford_txts/MilPro_oxford.txt,data/csvs/MilPro,The Miller's Prologue 3126,,,10,I,can,a,noble,tale,for,the,nones
data/riverside_cats/MilPro_riv.cat,data/oxford_txts/MilPro_oxford.txt,data/csvs/MilPro,The Miller's Prologue 3126,,,10,u,S,u,Su,Sx,u,S,uS
data/riverside_cats/MilPro_riv.cat,data/oxford_txts/MilPro_oxford.txt,data/csvs/MilPro,The Miller's Prologue 3126,,,10,ich@pron%nom,connen@v%pr_1,a@indef_art,noble@adj,tale@n,for@prep,the@def_art,nones@n1

"With which I wol now quite the Knyghtes tale.""",||,With which I wol now quit° the Knightes tale.”
data/riverside_cats/MilPro_riv.cat,data/oxford_txts/MilPro_oxford.txt,data/csvs/MilPro,The Miller's Prologue 3127,,,10,With,which,I,wol,now,quite,the,Knyghtes,tale
data/riverside_cats/MilPro_riv.cat,data/oxford_txts/MilPro_oxford.txt,data/csvs/MilPro,The Miller's Prologue 3127,,,10,u,S,u,S,u,Sx,u,Su,Sx
data/riverside_cats/MilPro_riv.cat,data/oxford_txts/MilPro_oxford.txt,data/csvs/MilPro,The Miller's Prologue 3127,,,10,with@prep,which@pron,ich@pron%nom,willen@v%pr_1,nou@adv,quiten@v%inf,the@def_art,knight@n%gen,tale@n
data/riverside_cats/MilPro_riv.cat,data/oxford_txts/MilPro_oxford.txt,data/csvs/MilPro,The Miller's Prologue 3127,,,10,With,which,I,wol,now,quit,the,Knightes,tale
data/riverside_cats/MilPro_riv.cat,data/oxford_txts/MilPro_oxford.txt,data/csvs/MilPro,The Miller's Prologue 3127,,,10,u,S,u,S,u,S,u,Su,Sx
data/riverside_cats/MilPro_riv.cat,data/oxford_txts/MilPro_oxford.txt,data/csvs/MilPro,The Miller's Prologue 3127,,,10,with@prep,which@pron,ich@pron%nom,willen@v%pr_1,nou@adv,quiten@v%inf,the@def_art,knight@n%gen,tale@n

"Oure Hooste saugh that he was dronke of ale,",||,"Our Hoste saugh that he was dronke of ale,"
data/riverside_cats/MilPro_riv.cat,data/oxford_txts/MilPro_oxford.txt,data/csvs/MilPro,The Miller's Prologue 3128,,,10,Oure,Hooste,saugh,that,he,was,dronke,of,ale
data/riverside_cats/MilPro_riv.cat,data/oxford_txts/MilPro_oxford.txt,data/csvs/MilPro,The Miller's Prologue 3128,,,10,ux,Su,S,u,S,u,Sx,u,Sx
data/riverside_cats/MilPro_riv.cat,data/oxford_txts/MilPro_oxford.txt,data/csvs/MilPro,The Miller's Prologue 3128,,,10,oure@pron%pl_gen,hoste@n2,sen@v1%pt_3,that@conj,he@pron1%nom,ben@v%pt_3,dronken@ppl#adj,of@prep,ale@n
data/riverside_cats/MilPro_riv.cat,data/oxford_txts/MilPro_oxford.txt,data/csvs/MilPro,The Miller's Prologue 3128,,,10,Our,Hoste,saugh,that,he,was,dronke,of,ale
data/riverside_cats/MilPro_riv.cat,data/oxford_txts/MilPro_oxford.txt,data/csvs/MilPro,The Miller's Prologue 3128,,,10,u,Su,S,u,S,u,Sx,u,Sx
data/riverside_cats/MilPro_riv.cat,data/oxford_txts/MilPro_oxford.txt,data/csvs/MilPro,The Miller's Prologue 3128,,,10,oure@pron%pl_gen,hoste@n2,sen@v1%pt_3,that@conj,he@pron1%nom,ben@v%pt_3,dronken@ppl#adj,of@prep,ale@n

"And seyde, ""Abyd, Robyn, my leeve brother;",||,"And seide: “Abid, Robin, my leve° brother,"
data/riverside_cats/MilPro_riv.cat,data/oxford_txts/MilPro_oxford.txt,data/csvs/MilPro,The Miller's Prologue 3129,,,10,And,seyde,Abyd,Robyn,my,leeve,brother
data/riverside_cats/MilPro_riv.cat,data/oxford_txts/MilPro_oxford.txt,data/csvs/MilPro,The Miller's Prologue 3129,,,10,u,Sx,uS,uS,u,Sx,uS
data/riverside_cats/MilPro_riv.cat,data/oxford_txts/MilPro_oxford.txt,data/csvs/MilPro,The Miller's Prologue 3129,,,10,and@conj,seien@v1%pt_3,abiden@v%imp,robin@n2#propn,min@pron%gen,lef@adj,brother@n
data/riverside_cats/MilPro_riv.cat,data/oxford_txts/MilPro_oxford.txt,data/csvs/MilPro,The Miller's Prologue 3129,,,10,And,seide,Abid,Robin,my,leve,brother
data/riverside_cats/MilPro_riv.cat,data/oxford_txts/MilPro_oxford.txt,data/csvs/MilPro,The Miller's Prologue 3129,,,10,u,Sx,uS,uS,u,Sx,uS
data/riverside_cats/MilPro_riv.cat,data/oxford_txts/MilPro_oxford.txt,data/csvs/MilPro,The Miller's Prologue 3129,,,10,and@conj,seien@v1%pt_3,abiden@v%imp,robin@n2#propn,min@pron%gen,lef@adj,brother@n

Som bettre man shal telle us first another.,||,Som bettre man° shal telle us first another:
data/riverside_cats/MilPro_riv.cat,data/oxford_txts/MilPro_oxford.txt,data/csvs/MilPro,The Miller's Prologue 3130,,,10,Som,bettre,man,shal,telle,us,first,another
data/riverside_cats/MilPro_riv.cat,data/oxford_txts/MilPro_oxford.txt,data/csvs/MilPro,The Miller's Prologue 3130,,,10,u,Sx,u,S,ux,S,u,SuS
data/riverside_cats/MilPro_riv.cat,data/oxford_txts/MilPro_oxford.txt,data/csvs/MilPro,The Miller's Prologue 3130,,,10,som@gram_adj,bettre@adj%comp,man@n,shulen@v1%pr_3,tellen@v%inf,us@pron%pl_obj,first@adv,another@pron
data/riverside_cats/MilPro_riv.cat,data/oxford_txts/MilPro_oxford.txt,data/csvs/MilPro,The Miller's Prologue 3130,,,10,Som,bettre,man,shal,telle,us,first,another
data/riverside_cats/MilPro_riv.cat,data/oxford_txts/MilPro_oxford.txt,data/csvs/MilPro,The Miller's Prologue 3130,,,10,u,Sx,u,S,ux,S,u,SuS
data/riverside_cats/MilPro_riv.cat,data/oxford_txts/MilPro_oxford.txt,data/csvs/MilPro,The Miller's Prologue 3130,,,10,som@gram_adj,bettre@adj%comp,man@n,shulen@v1%pr_3,tellen@v%inf,us@pron%pl_obj,first@adv,another@pron

"Abyd, and lat us werken thriftily.""",||,"Abide, and lat us werken thriftily.”°"
data/riverside_cats/MilPro_riv.cat,data/oxford_txts/MilPro_oxford.txt,data/csvs/MilPro,The Miller's Prologue 3131,,,10,Abyd,and,lat,us,werken,thriftily
data/riverside_cats/MilPro_riv.cat,data/oxford_txts/MilPro_oxford.txt,data/csvs/MilPro,The Miller's Prologue 3131,,,10,uS,u,S,u,Su,SuS
data/riverside_cats/MilPro_riv.cat,data/oxford_txts/MilPro_oxford.txt,data/csvs/MilPro,The Miller's Prologue 3131,,,10,abiden@v%imp,and@conj,leten@v%imp,us@pron%pl_obj,werken@v%inf,thriftili@adv
data/riverside_cats/MilPro_riv.cat,data/oxford_txts/MilPro_oxford.txt,data/csvs/MilPro,The Miller's Prologue 3131,,,10,Abide,and,lat,us,werken,thriftily
data/riverside_cats/MilPro_riv.cat,data/oxford_txts/MilPro_oxford.txt,data/csvs/MilPro,The Miller's Prologue 3131,,,10,uSx,u,S,u,Su,SuS
data/riverside_cats/MilPro_riv.cat,data/oxford_txts/MilPro_oxford.txt,data/csvs/MilPro,The Miller's Prologue 3131,,,10,abiden@v%imp,and@conj,leten@v%imp,us@pron%pl_obj,werken@v%inf,thriftili@adv

"""By Goddes soule,"" quod he, ""that wol nat I;",||,"¶“By goddes soul,” quod he, “that wol nat I;"
data/riverside_cats/MilPro_riv.cat,data/oxford_txts/MilPro_oxford.txt,data/csvs/MilPro,The Miller's Prologue 3132,,,10,By,Goddes,soule,quod,he,that,wol,nat,I
data/riverside_cats/MilPro_riv.cat,data/oxford_txts/MilPro_oxford.txt,data/csvs/MilPro,The Miller's Prologue 3132,,,10,u,Su,Sx,u,S,u,S,u,S
data/riverside_cats/MilPro_riv.cat,data/oxford_txts/MilPro_oxford.txt,data/csvs/MilPro,The Miller's Prologue 3132,,,10,bi@prep,god@n1#propn%gen,soule@n,quethen@v%pt_3,he@pron1%nom,that@pron,willen@v%pr_1,not@adv,ich@pron%nom
data/riverside_cats/MilPro_riv.cat,data/oxford_txts/MilPro_oxford.txt,data/csvs/MilPro,The Miller's Prologue 3132,,,10,By,goddes,soul,quod,he,that,wol,nat,I
data/riverside_cats/MilPro_riv.cat,data/oxford_txts/MilPro_oxford.txt,data/csvs/MilPro,The Miller's Prologue 3132,,,10,u,Su,S,u,S,u,S,u,S
data/riverside_cats/MilPro_riv.cat,data/oxford_txts/MilPro_oxford.txt,data/csvs/MilPro,The Miller's Prologue 3132,,,10,bi@prep,god@n1#propn%gen,soule@n,quethen@v%pt_3,he@pron1%nom,that@pron,willen@v%pr_1,not@adv,ich@pron%nom

"For I wol speke or elles go my wey.""",||,"For I wol speke, or elles go my wey.”"
data/riverside_cats/MilPro_riv.cat,data/oxford_txts/MilPro_oxford.txt,data/csvs/MilPro,The Miller's Prologue 3133,,,10,For,I,wol,speke,or,elles,go,my,wey
data/riverside_cats/MilPro_riv.cat,data/oxford_txts/MilPro_oxford.txt,data/csvs/MilPro,The Miller's Prologue 3133,,,10,u,S,u,Sx,u,Su,S,u,S
data/riverside_cats/MilPro_riv.cat,data/oxford_txts/MilPro_oxford.txt,data/csvs/MilPro,The Miller's Prologue 3133,,,10,for@conj,ich@pron%nom,willen@v%pr_1,speken@v%inf,or@conj,elles@adv,gon@v%inf,min@pron%gen,wei@n
data/riverside_cats/MilPro_riv.cat,data/oxford_txts/MilPro_oxford.txt,data/csvs/MilPro,The Miller's Prologue 3133,,,10,For,I,wol,speke,or,elles,go,my,wey
data/riverside_cats/MilPro_riv.cat,data/oxford_txts/MilPro_oxford.txt,data/csvs/MilPro,The Miller's Prologue 3133,,,10,u,S,u,Sx,u,Su,S,u,S
data/riverside_cats/MilPro_riv.cat,data/oxford_txts/MilPro_oxford.txt,data/csvs/MilPro,The Miller's Prologue 3133,,,10,for@conj,ich@pron%nom,willen@v%pr_1,speken@v%inf,or@conj,elles@adv,gon@v%inf,min@pron%gen,wei@n

"Oure Hoost answerde, ""Tel on, a devel wey!",||,"Our Host answerde: “Tel on, a devel wey!°"
data/riverside_cats/MilPro_riv.cat,data/oxford_txts/MilPro_oxford.txt,data/csvs/MilPro,The Miller's Prologue 3134,,,10,Oure,Hoost,answerde,Tel,on,a,devel,wey
data/riverside_cats/MilPro_riv.cat,data/oxford_txts/MilPro_oxford.txt,data/csvs/MilPro,The Miller's Prologue 3134,,,10,ux,S,uSx,u,S,u,Su,S
data/riverside_cats/MilPro_riv.cat,data/oxford_txts/MilPro_oxford.txt,data/csvs/MilPro,The Miller's Prologue 3134,,,10,oure@pron%pl_gen,hoste@n2,answeren@v%pt_3,tellen@v%imp,on@adv1,o@prep2,devel@n#adj,wei@n
data/riverside_cats/MilPro_riv.cat,data/oxford_txts/MilPro_oxford.txt,data/csvs/MilPro,The Miller's Prologue 3134,,,10,Our,Host,answerde,Tel,on,a,devel,wey
data/riverside_cats/MilPro_riv.cat,data/oxford_txts/MilPro_oxford.txt,data/csvs/MilPro,The Miller's Prologue 3134,,,10,u,S,uSx,u,S,u,Su,S
data/riverside_cats/MilPro_riv.cat,data/oxford_txts/MilPro_oxford.txt,data/csvs/MilPro,The Miller's Prologue 3134,,,10,oure@pron%pl_gen,hoste@n2,answeren@v%pt_3,tellen@v%imp,on@adv1,o@prep2,devel@n#adj,wei@n

"Thou art a fool; thy wit is overcome.""",||,"Thou art a fool, thy wit is overcome.”"
data/riverside_cats/MilPro_riv.cat,data/oxford_txts/MilPro_oxford.txt,data/csvs/MilPro,The Miller's Prologue 3135,,,10,Thou,art,a,fool,thy,wit,is,overcome
data/riverside_cats/MilPro_riv.cat,data/oxford_txts/MilPro_oxford.txt,data/csvs/MilPro,The Miller's Prologue 3135,,,10,u,S,u,S,u,S,u,SuSx
data/riverside_cats/MilPro_riv.cat,data/oxford_txts/MilPro_oxford.txt,data/csvs/MilPro,The Miller's Prologue 3135,,,10,thou@pron%nom,ben@v%pr_2,a@indef_art,fol@n,thin@pron%gen,wit@n,ben@v%pr_3,overcomen@v%ppl
data/riverside_cats/MilPro_riv.cat,data/oxford_txts/MilPro_oxford.txt,data/csvs/MilPro,The Miller's Prologue 3135,,,10,Thou,art,a,fool,thy,wit,is,overcome
data/riverside_cats/MilPro_riv.cat,data/oxford_txts/MilPro_oxford.txt,data/csvs/MilPro,The Miller's Prologue 3135,,,10,u,S,u,S,u,S,u,SuSx
data/riverside_cats/MilPro_riv.cat,data/oxford_txts/MilPro_oxford.txt,data/csvs/MilPro,The Miller's Prologue 3135,,,10,thou@pron%nom,ben@v%pr_2,a@indef_art,fol@n,thin@pron%gen,wit@n,ben@v%pr_3,overcomen@v%ppl

"""Now herkneth,"" quod the Millere, ""alle and some!",||,"¶“Now herkneth,” quod the Millere, “alle and some!"
data/riverside_cats/MilPro_riv.cat,data/oxford_txts/MilPro_oxford.txt,data/csvs/MilPro,The Miller's Prologue 3136,,,10,Now,herkneth,quod,the,Millere,alle,and,some
data/riverside_cats/MilPro_riv.cat,data/oxford_txts/MilPro_oxford.txt,data/csvs/MilPro,The Miller's Prologue 3136,,,10,u,Su,S,u,Sux,Sx,u,Sx
data/riverside_cats/MilPro_riv.cat,data/oxford_txts/MilPro_oxford.txt,data/csvs/MilPro,The Miller's Prologue 3136,,,10,nou@adv,herkenen@v%imp,quethen@v%pt_3,the@def_art,milnere@n,al@gram_adjas_n,and@conj,som@pron
data/riverside_cats/MilPro_riv.cat,data/oxford_txts/MilPro_oxford.txt,data/csvs/MilPro,The Miller's Prologue 3136,,,10,Now,herkneth,quod,the,Millere,alle,and,some
data/riverside_cats/MilPro_riv.cat,data/oxford_txts/MilPro_oxford.txt,data/csvs/MilPro,The Miller's Prologue 3136,,,10,u,Su,S,u,Sux,Sx,u,Sx
data/riverside_cats/MilPro_riv.cat,data/oxford_txts/MilPro_oxford.txt,data/csvs/MilPro,The Miller's Prologue 3136,,,10,nou@adv,herkenen@v%imp,quethen@v%pt_3,the@def_art,milnere@n,al@gram_adjas_n,and@conj,som@pron

But first I make a protestacioun,||,But first I make a protestacioun
data/riverside_cats/MilPro_riv.cat,data/oxford_txts/MilPro_oxford.txt,data/csvs/MilPro,The Miller's Prologue 3137,,,10,But,first,I,make,a,protestacioun
data/riverside_cats/MilPro_riv.cat,data/oxford_txts/MilPro_oxford.txt,data/csvs/MilPro,The Miller's Prologue 3137,,,10,u,S,u,Sx,u,SuSuS
data/riverside_cats/MilPro_riv.cat,data/oxford_txts/MilPro_oxford.txt,data/csvs/MilPro,The Miller's Prologue 3137,,,10,but@conj,first@adv,ich@pron%nom,maken@v1%pr_1,a@indef_art,protestacioun@n
data/riverside_cats/MilPro_riv.cat,data/oxford_txts/MilPro_oxford.txt,data/csvs/MilPro,The Miller's Prologue 3137,,,10,But,first,I,make,a,protestacioun
data/riverside_cats/MilPro_riv.cat,data/oxford_txts/MilPro_oxford.txt,data/csvs/MilPro,The Miller's Prologue 3137,,,10,u,S,u,Sx,u,SuSuS
data/riverside_cats/MilPro_riv.cat,data/oxford_txts/MilPro_oxford.txt,data/csvs/MilPro,The Miller's Prologue 3137,,,10,but@conj,first@adv,ich@pron%nom,maken@v1%pr_1,a@indef_art,protestacioun@n

That I am dronke; I knowe it by my soun.,||,"That I am dronke, I knowe it by my soun;°"
data/riverside_cats/MilPro_riv.cat,data/oxford_txts/MilPro_oxford.txt,data/csvs/MilPro,The Miller's Prologue 3138,,,10,That,I,am,dronke,I,knowe,it,by,my,soun
data/riverside_cats/MilPro_riv.cat,data/oxford_txts/MilPro_oxford.txt,data/csvs/MilPro,The Miller's Prologue 3138,,,10,u,S,u,Sx,u,Sx,u,S,u,S
data/riverside_cats/MilPro_riv.cat,data/oxford_txts/MilPro_oxford.txt,data/csvs/MilPro,The Miller's Prologue 3138,,,10,that@conj,ich@pron%nom,ben@v%pr_1,dronken@ppl#adj,ich@pron%nom,knouen@v%pr_1,hit@pron,bi@prep,min@pron%gen,soun@n
data/riverside_cats/MilPro_riv.cat,data/oxford_txts/MilPro_oxford.txt,data/csvs/MilPro,The Miller's Prologue 3138,,,10,That,I,am,dronke,I,knowe,it,by,my,soun
data/riverside_cats/MilPro_riv.cat,data/oxford_txts/MilPro_oxford.txt,data/csvs/MilPro,The Miller's Prologue 3138,,,10,u,S,u,Sx,u,Sx,u,S,u,S
data/riverside_cats/MilPro_riv.cat,data/oxford_txts/MilPro_oxford.txt,data/csvs/MilPro,The Miller's Prologue 3138,,,10,that@conj,ich@pron%nom,ben@v%pr_1,dronken@ppl#adj,ich@pron%nom,knouen@v%pr_1,hit@pron,bi@prep,min@pron%gen,soun@n

"And therfore if that I mysspeke or seye,",||,"And therfore, if that I misspeke or seye,"
data/riverside_cats/MilPro_riv.cat,data/oxford_txts/MilPro_oxford.txt,data/csvs/MilPro,The Miller's Prologue 3139,,,10,And,therfore,if,that,I,mysspeke,or,seye
data/riverside_cats/MilPro_riv.cat,data/oxford_txts/MilPro_oxford.txt,data/csvs/MilPro,The Miller's Prologue 3139,,,10,u,Sux,S,u,S,uSx,u,S
data/riverside_cats/MilPro_riv.cat,data/oxford_txts/MilPro_oxford.txt,data/csvs/MilPro,The Miller's Prologue 3139,,,10,and@conj,ther-fore@adv,if@conj,that@part,ich@pron%nom,misspeken@v%pr_1,or@conj,seien@v1%pr_1
data/riverside_cats/MilPro_riv.cat,data/oxford_txts/MilPro_oxford.txt,data/csvs/MilPro,The Miller's Prologue 3139,,,10,And,therfore,if,that,I,misspeke,or,seye
data/riverside_cats/MilPro_riv.cat,data/oxford_txts/MilPro_oxford.txt,data/csvs/MilPro,The Miller's Prologue 3139,,,10,u,Sux,S,u,S,uSx,u,S
data/riverside_cats/MilPro_riv.cat,data/oxford_txts/MilPro_oxford.txt,data/csvs/MilPro,The Miller's Prologue 3139,,,10,and@conj,ther-fore@adv,if@conj,that@part,ich@pron%nom,misspeken@v%pr_1,or@conj,seien@v1%pr_1

"Wyte it the ale of Southwerk, I you preye.",||,"Wite it° the ale of Southwerk, I yow preye;"
data/riverside_cats/MilPro_riv.cat,data/oxford_txts/MilPro_oxford.txt,data/csvs/MilPro,The Miller's Prologue 3140,,,10,Wyte,it,the,ale,of,Southwerk,I,you,preye
data/riverside_cats/MilPro_riv.cat,data/oxford_txts/MilPro_oxford.txt,data/csvs/MilPro,The Miller's Prologue 3140,,,10,ux,S,u,Sx,u,Su,S,u,S
data/riverside_cats/MilPro_riv.cat,data/oxford_txts/MilPro_oxford.txt,data/csvs/MilPro,The Miller's Prologue 3140,,,10,witen@v3%imp,hit@pron,the@def_art,ale@n,of@prep,southwerk@n#propn,ich@pron%nom,you@pron%pl_obj,preien@v1%pr_1
data/riverside_cats/MilPro_riv.cat,data/oxford_txts/MilPro_oxford.txt,data/csvs/MilPro,The Miller's Prologue 3140,,,10,Wite,it,the,ale,of,Southwerk,I,yow,preye
data/riverside_cats/MilPro_riv.cat,data/oxford_txts/MilPro_oxford.txt,data/csvs/MilPro,The Miller's Prologue 3140,,,10,ux,S,u,Sx,u,Su,S,u,S
data/riverside_cats/MilPro_riv.cat,data/oxford_txts/MilPro_oxford.txt,data/csvs/MilPro,The Miller's Prologue 3140,,,10,witen@v3%imp,hit@pron,the@def_art,ale@n,of@prep,southwerk@n#propn,ich@pron%nom,you@pron%pl_obj,preien@v1%pr_1

For I wol telle a legende and a lyf,||,For I wol telle a legende° and a lif
data/riverside_cats/MilPro_riv.cat,data/oxford_txts/MilPro_oxford.txt,data/csvs/MilPro,The Miller's Prologue 3141,,,10,For,I,wol,telle,a,legende,and,a,lyf
data/riverside_cats/MilPro_riv.cat,data/oxford_txts/MilPro_oxford.txt,data/csvs/MilPro,The Miller's Prologue 3141,,,10,u,S,u,Sx,u,Sux,S,u,S
data/riverside_cats/MilPro_riv.cat,data/oxford_txts/MilPro_oxford.txt,data/csvs/MilPro,The Miller's Prologue 3141,,,10,for@conj,ich@pron%nom,willen@v%pr_1,tellen@v%inf,a@indef_art,legende@n,and@conj,a@indef_art,lif@n
data/riverside_cats/MilPro_riv.cat,data/oxford_txts/MilPro_oxford.txt,data/csvs/MilPro,The Miller's Prologue 3141,,,10,For,I,wol,telle,a,legende,and,a,lif
data/riverside_cats/MilPro_riv.cat,data/oxford_txts/MilPro_oxford.txt,data/csvs/MilPro,The Miller's Prologue 3141,,,10,u,S,u,Sx,u,Sux,S,u,S
data/riverside_cats/MilPro_riv.cat,data/oxford_txts/MilPro_oxford.txt,data/csvs/MilPro,The Miller's Prologue 3141,,,10,for@conj,ich@pron%nom,willen@v%pr_1,tellen@v%inf,a@indef_art,legende@n,and@conj,a@indef_art,lif@n

"Bothe of a carpenter and of his wyf,",||,"Bothe of a carpenter, and of his wif,"
data/riverside_cats/MilPro_riv.cat,data/oxford_txts/MilPro_oxford.txt,data/csvs/MilPro,The Miller's Prologue 3142,,,10,Bothe,of,a,carpenter,and,of,his,wyf
data/riverside_cats/MilPro_riv.cat,data/oxford_txts/MilPro_oxford.txt,data/csvs/MilPro,The Miller's Prologue 3142,,,10,ux,S,u,SuS,u,S,u,S
data/riverside_cats/MilPro_riv.cat,data/oxford_txts/MilPro_oxford.txt,data/csvs/MilPro,The Miller's Prologue 3142,,,10,bothe@num_conj,of@prep,a@indef_art,carpenter@n,and@conj,of@prep,his@pron1%gen,wif@n
data/riverside_cats/MilPro_riv.cat,data/oxford_txts/MilPro_oxford.txt,data/csvs/MilPro,The Miller's Prologue 3142,,,10,Bothe,of,a,carpenter,and,of,his,wif
data/riverside_cats/MilPro_riv.cat,data/oxford_txts/MilPro_oxford.txt,data/csvs/MilPro,The Miller's Prologue 3142,,,10,ux,S,u,SuS,u,S,u,S
data/riverside_cats/MilPro_riv.cat,data/oxford_txts/MilPro_oxford.txt,data/csvs/MilPro,The Miller's Prologue 3142,,,10,bothe@num_conj,of@prep,a@indef_art,carpenter@n,and@conj,of@prep,his@pron1%gen,wif@n

"How that a clerk hath set the wrightes cappe.""",||,How that a clerk hath set the wrightes cappe.”°
data/riverside_cats/MilPro_riv.cat,data/oxford_txts/MilPro_oxford.txt,data/csvs/MilPro,The Miller's Prologue 3143,,,10,How,that,a,clerk,hath,set,the,wrightes,cappe
data/riverside_cats/MilPro_riv.cat,data/oxford_txts/MilPro_oxford.txt,data/csvs/MilPro,The Miller's Prologue 3143,,,10,u,S,u,S,u,S,u,Su,Sx
data/riverside_cats/MilPro_riv.cat,data/oxford_txts/MilPro_oxford.txt,data/csvs/MilPro,The Miller's Prologue 3143,,,10,hou@adv&conj,that@part,a@indef_art,clerk@n,haven@v%pr_3,setten@v%ppl,the@def_art,wrighte@n%gen,cappe@n
data/riverside_cats/MilPro_riv.cat,data/oxford_txts/MilPro_oxford.txt,data/csvs/MilPro,The Miller's Prologue 3143,,,10,How,that,a,clerk,hath,set,the,wrightes,cappe
data/riverside_cats/MilPro_riv.cat,data/oxford_txts/MilPro_oxford.txt,data/csvs/MilPro,The Miller's Prologue 3143,,,10,u,S,u,S,u,S,u,Su,Sx
data/riverside_cats/MilPro_riv.cat,data/oxford_txts/MilPro_oxford.txt,data/csvs/MilPro,The Miller's Prologue 3143,,,10,hou@adv&conj,that@part,a@indef_art,clerk@n,haven@v%pr_3,setten@v%ppl,the@def_art,wrighte@n%gen,cappe@n

"The Reve answerde and seyde, ""Stynt thy clappe!",||,"¶The Reve answerde and seide, “Stint thy clappe,°"
data/riverside_cats/MilPro_riv.cat,data/oxford_txts/MilPro_oxford.txt,data/csvs/MilPro,The Miller's Prologue 3144,,,10,The,Reve,answerde,and,seyde,Stynt,thy,clappe
data/riverside_cats/MilPro_riv.cat,data/oxford_txts/MilPro_oxford.txt,data/csvs/MilPro,The Miller's Prologue 3144,,,10,u,Sx,uSx,u,Su,S,u,Sx
data/riverside_cats/MilPro_riv.cat,data/oxford_txts/MilPro_oxford.txt,data/csvs/MilPro,The Miller's Prologue 3144,,,10,the@def_art,reve@n,answeren@v%pt_3,and@conj,seien@v1%pt_3,stinten@v%imp,thin@pron%gen,clappe@n
data/riverside_cats/MilPro_riv.cat,data/oxford_txts/MilPro_oxford.txt,data/csvs/MilPro,The Miller's Prologue 3144,,,10,The,Reve,answerde,and,seide,Stint,thy,clappe
data/riverside_cats/MilPro_riv.cat,data/oxford_txts/MilPro_oxford.txt,data/csvs/MilPro,The Miller's Prologue 3144,,,10,u,Sx,uSx,u,Su,S,u,Sx
data/riverside_cats/MilPro_riv.cat,data/oxford_txts/MilPro_oxford.txt,data/csvs/MilPro,The Miller's Prologue 3144,,,10,the@def_art,reve@n,answeren@v%pt_3,and@conj,seien@v1%pt_3,stinten@v%imp,thin@pron%gen,clappe@n

Lat be thy lewed dronken harlotrye.,||,Lat be thy lewed° dronken harlotrie.°
data/riverside_cats/MilPro_riv.cat,data/oxford_txts/MilPro_oxford.txt,data/csvs/MilPro,The Miller's Prologue 3145,,,0,Lat,be,thy,lewed,dronken,harlotrye
data/riverside_cats/MilPro_riv.cat,data/oxford_txts/MilPro_oxford.txt,data/csvs/MilPro,The Miller's Prologue 3145,,,0,,,,,,
data/riverside_cats/MilPro_riv.cat,data/oxford_txts/MilPro_oxford.txt,data/csvs/MilPro,The Miller's Prologue 3145,,,0,leten@v%imp,ben@v%inf,thin@pron%gen,leued@adj,dronken@ppl#adj,harlotrie@n
data/riverside_cats/MilPro_riv.cat,data/oxford_txts/MilPro_oxford.txt,data/csvs/MilPro,The Miller's Prologue 3145,,,10,Lat,be,thy,lewed,dronken,harlotrie
data/riverside_cats/MilPro_riv.cat,data/oxford_txts/MilPro_oxford.txt,data/csvs/MilPro,The Miller's Prologue 3145,,,10,u,S,u,Su,Su,SuS
data/riverside_cats/MilPro_riv.cat,data/oxford_txts/MilPro_oxford.txt,data/csvs/MilPro,The Miller's Prologue 3145,,,10,leten@v%imp,ben@v%inf,thin@pron%gen,leued@adj,dronken@ppl#adj,harlotrie@n

It is a synne and eek a greet folye,||,It is a sinne and eek a greet folie
data/riverside_cats/MilPro_riv.cat,data/oxford_txts/MilPro_oxford.txt,data/csvs/MilPro,The Miller's Prologue 3146,,,0,It,is,a,synne,and,eek,a,greet,folye
data/riverside_cats/MilPro_riv.cat,data/oxford_txts/MilPro_oxford.txt,data/csvs/MilPro,The Miller's Prologue 3146,,,0,,,,,,,,,
data/riverside_cats/MilPro_riv.cat,data/oxford_txts/MilPro_oxford.txt,data/csvs/MilPro,The Miller's Prologue 3146,,,0,hit@pron,ben@v%pr_3,a@indef_art,sinne@n,and@conj,ek@adv,a@indef_art,gret@adj,folie@n
data/riverside_cats/MilPro_riv.cat,data/oxford_txts/MilPro_oxford.txt,data/csvs/MilPro,The Miller's Prologue 3146,,,10,It,is,a,sinne,and,eek,a,greet,folie
data/riverside_cats/MilPro_riv.cat,data/oxford_txts/MilPro_oxford.txt,data/csvs/MilPro,The Miller's Prologue 3146,,,10,u,S,u,Sx,u,S,u,S,uS
data/riverside_cats/MilPro_riv.cat,data/oxford_txts/MilPro_oxford.txt,data/csvs/MilPro,The Miller's Prologue 3146,,,10,hit@pron,ben@v%pr_3,a@indef_art,sinne@n,and@conj,ek@adv,a@indef_art,gret@adj,folie@n

"To apeyren any man, or hym defame,",||,"To apeiren° any man, or him diffame,°"
data/riverside_cats/MilPro_riv.cat,data/oxford_txts/MilPro_oxford.txt,data/csvs/MilPro,The Miller's Prologue 3147,,,10,To,apeyren,any,man,or,hym,defame
data/riverside_cats/MilPro_riv.cat,data/oxford_txts/MilPro_oxford.txt,data/csvs/MilPro,The Miller's Prologue 3147,,,10,u,Sux,Su,S,u,S,uSx
data/riverside_cats/MilPro_riv.cat,data/oxford_txts/MilPro_oxford.txt,data/csvs/MilPro,The Miller's Prologue 3147,,,10,to@part,apeiren@v%inf,ani@gram_adj,man@n,or@conj,him@pron%obj,defamen@v%inf
data/riverside_cats/MilPro_riv.cat,data/oxford_txts/MilPro_oxford.txt,data/csvs/MilPro,The Miller's Prologue 3147,,,10,To,apeiren,any,man,or,him,diffame
data/riverside_cats/MilPro_riv.cat,data/oxford_txts/MilPro_oxford.txt,data/csvs/MilPro,The Miller's Prologue 3147,,,10,u,Sux,Su,S,u,S,uSx
data/riverside_cats/MilPro_riv.cat,data/oxford_txts/MilPro_oxford.txt,data/csvs/MilPro,The Miller's Prologue 3147,,,10,to@part,apeiren@v%inf,ani@gram_adj,man@n,or@conj,him@pron%obj,defamen@v%inf

And eek to bryngen wyves in swich fame.,||,And eek to bringen wives in swich fame.
data/riverside_cats/MilPro_riv.cat,data/oxford_txts/MilPro_oxford.txt,data/csvs/MilPro,The Miller's Prologue 3148,,,10,And,eek,to,bryngen,wyves,in,swich,fame
data/riverside_cats/MilPro_riv.cat,data/oxford_txts/MilPro_oxford.txt,data/csvs/MilPro,The Miller's Prologue 3148,,,10,u,S,u,Su,Su,S,u,Sx
data/riverside_cats/MilPro_riv.cat,data/oxford_txts/MilPro_oxford.txt,data/csvs/MilPro,The Miller's Prologue 3148,,,10,and@conj,ek@adv,to@part,bringen@v%inf,wif@n%pl,in@prep,swich@gram_adj,fame@n1
data/riverside_cats/MilPro_riv.cat,data/oxford_txts/MilPro_oxford.txt,data/csvs/MilPro,The Miller's Prologue 3148,,,10,And,eek,to,bringen,wives,in,swich,fame
data/riverside_cats/MilPro_riv.cat,data/oxford_txts/MilPro_oxford.txt,data/csvs/MilPro,The Miller's Prologue 3148,,,10,u,S,u,Su,Su,S,u,Sx
data/riverside_cats/MilPro_riv.cat,data/oxford_txts/MilPro_oxford.txt,data/csvs/MilPro,The Miller's Prologue 3148,,,10,and@conj,ek@adv,to@part,bringen@v%inf,wif@n%pl,in@prep,swich@gram_adj,fame@n1

"Thou mayst ynogh of othere thynges seyn.""",||,Thou mayst ynogh° of othere thinges seyn.”
data/riverside_cats/MilPro_riv.cat,data/oxford_txts/MilPro_oxford.txt,data/csvs/MilPro,The Miller's Prologue 3149,,,10,Thou,mayst,ynogh,of,othere,thynges,seyn
data/riverside_cats/MilPro_riv.cat,data/oxford_txts/MilPro_oxford.txt,data/csvs/MilPro,The Miller's Prologue 3149,,,10,u,S,uS,u,Sux,Su,S
data/riverside_cats/MilPro_riv.cat,data/oxford_txts/MilPro_oxford.txt,data/csvs/MilPro,The Miller's Prologue 3149,,,10,thou@pron%nom,mouen@v3%pr_2,inough@n,of@prep,other@gram_adj,thing@n%pl,seien@v1%inf
data/riverside_cats/MilPro_riv.cat,data/oxford_txts/MilPro_oxford.txt,data/csvs/MilPro,The Miller's Prologue 3149,,,10,Thou,mayst,ynogh,of,othere,thinges,seyn
data/riverside_cats/MilPro_riv.cat,data/oxford_txts/MilPro_oxford.txt,data/csvs/MilPro,The Miller's Prologue 3149,,,10,u,S,uS,u,Sux,Su,S
data/riverside_cats/MilPro_riv.cat,data/oxford_txts/MilPro_oxford.txt,data/csvs/MilPro,The Miller's Prologue 3149,,,10,thou@pron%nom,mouen@v3%pr_2,inough@n,of@prep,other@gram_adj,thing@n%pl,seien@v1%inf

This dronke Millere spak ful soone ageyn,||,"¶This dronken Miller spak ful sone agein,°"
data/riverside_cats/MilPro_riv.cat,data/oxford_txts/MilPro_oxford.txt,data/csvs/MilPro,The Miller's Prologue 3150,DIFF,green,10,This,dronke,Millere,spak,ful,soone,ageyn
data/riverside_cats/MilPro_riv.cat,data/oxford_txts/MilPro_oxford.txt,data/csvs/MilPro,The Miller's Prologue 3150,DIFF,green,10,u,Sx,uSu,S,u,Sx,uS
data/riverside_cats/MilPro_riv.cat,data/oxford_txts/MilPro_oxford.txt,data/csvs/MilPro,The Miller's Prologue 3150,DIFF,green,10,this@gram_adj,dronken@ppl#adj,milnere@n,speken@v%pt_3,ful@adv,sone@adv,ayen@adv
data/riverside_cats/MilPro_riv.cat,data/oxford_txts/MilPro_oxford.txt,data/csvs/MilPro,The Miller's Prologue 3150,DIFF,green,10,This,dronken,Miller,spak,ful,sone,agein
data/riverside_cats/MilPro_riv.cat,data/oxford_txts/MilPro_oxford.txt,data/csvs/MilPro,The Miller's Prologue 3150,DIFF,green,10,u,Su,Su,S,u,Sx,uS
data/riverside_cats/MilPro_riv.cat,data/oxford_txts/MilPro_oxford.txt,data/csvs/MilPro,The Miller's Prologue 3150,DIFF,green,10,this@gram_adj,dronken@ppl#adj,milnere@n,speken@v%pt_3,ful@adv,sone@adv,ayen@adv

"And seyde, ""Leve brother Osewold,",||,"And seide, “Leve° brother Osewold,"
data/riverside_cats/MilPro_riv.cat,data/oxford_txts/MilPro_oxford.txt,data/csvs/MilPro,The Miller's Prologue 3151,,,10,And,seyde,Leve,brother,Osewold
data/riverside_cats/MilPro_riv.cat,data/oxford_txts/MilPro_oxford.txt,data/csvs/MilPro,The Miller's Prologue 3151,,,10,u,Su,Su,Su,SuS
data/riverside_cats/MilPro_riv.cat,data/oxford_txts/MilPro_oxford.txt,data/csvs/MilPro,The Miller's Prologue 3151,,,10,and@conj,seien@v1%pt_3,lef@adj,brother@n,osewold@n#propn
data/riverside_cats/MilPro_riv.cat,data/oxford_txts/MilPro_oxford.txt,data/csvs/MilPro,The Miller's Prologue 3151,,,10,And,seide,Leve,brother,Osewold
data/riverside_cats/MilPro_riv.cat,data/oxford_txts/MilPro_oxford.txt,data/csvs/MilPro,The Miller's Prologue 3151,,,10,u,Su,Su,Su,SuS
data/riverside_cats/MilPro_riv.cat,data/oxford_txts/MilPro_oxford.txt,data/csvs/MilPro,The Miller's Prologue 3151,,,10,and@conj,seien@v1%pt_3,lef@adj,brother@n,osewold@n#propn

"Who hath no wyf, he is no cokewold.",||,"Who° hath no wif, he is no cokewold."
data/riverside_cats/MilPro_riv.cat,data/oxford_txts/MilPro_oxford.txt,data/csvs/MilPro,The Miller's Prologue 3152,,,10,Who,hath,no,wyf,he,is,no,cokewold
data/riverside_cats/MilPro_riv.cat,data/oxford_txts/MilPro_oxford.txt,data/csvs/MilPro,The Miller's Prologue 3152,,,10,u,S,u,S,u,S,u,SuS
data/riverside_cats/MilPro_riv.cat,data/oxford_txts/MilPro_oxford.txt,data/csvs/MilPro,The Miller's Prologue 3152,,,10,who@pron%nom,haven@v%pr_3,no@gram_adj,wif@n,he@pron1%nom,ben@v%pr_3,no@gram_adj,cokewold@n
data/riverside_cats/MilPro_riv.cat,data/oxford_txts/MilPro_oxford.txt,data/csvs/MilPro,The Miller's Prologue 3152,,,10,Who,hath,no,wif,he,is,no,cokewold
data/riverside_cats/MilPro_riv.cat,data/oxford_txts/MilPro_oxford.txt,data/csvs/MilPro,The Miller's Prologue 3152,,,10,u,S,u,S,u,S,u,SuS
data/riverside_cats/MilPro_riv.cat,data/oxford_txts/MilPro_oxford.txt,data/csvs/MilPro,The Miller's Prologue 3152,,,10,who@pron%nom,haven@v%pr_3,no@gram_adj,wif@n,he@pron1%nom,ben@v%pr_3,no@gram_adj,cokewold@n

But I sey nat therfore that thou art oon;,||,But I sey nat therfor that thou art oon;
data/riverside_cats/MilPro_riv.cat,data/oxford_txts/MilPro_oxford.txt,data/csvs/MilPro,The Miller's Prologue 3153,,,10,But,I,sey,nat,therfore,that,thou,art,oon
data/riverside_cats/MilPro_riv.cat,data/oxford_txts/MilPro_oxford.txt,data/csvs/MilPro,The Miller's Prologue 3153,,,10,u,S,u,S,uSx,u,S,u,S
data/riverside_cats/MilPro_riv.cat,data/oxford_txts/MilPro_oxford.txt,data/csvs/MilPro,The Miller's Prologue 3153,,,10,but@conj,ich@pron%nom,seien@v1%pr_1,not@adv,ther-fore@adv,that@conj,thou@pron%nom,ben@v%pr_2,on@pron
data/riverside_cats/MilPro_riv.cat,data/oxford_txts/MilPro_oxford.txt,data/csvs/MilPro,The Miller's Prologue 3153,,,10,But,I,sey,nat,therfor,that,thou,art,oon
data/riverside_cats/MilPro_riv.cat,data/oxford_txts/MilPro_oxford.txt,data/csvs/MilPro,The Miller's Prologue 3153,,,10,u,S,u,S,uS,u,S,u,S
data/riverside_cats/MilPro_riv.cat,data/oxford_txts/MilPro_oxford.txt,data/csvs/MilPro,The Miller's Prologue 3153,,,10,but@conj,ich@pron%nom,seien@v1%pr_1,not@adv,ther-fore@adv,that@conj,thou@pron%nom,ben@v%pr_2,on@pron

"Ther been ful goode wyves many oon,",||,"Ther been ful gode wives many oon,"
data/riverside_cats/MilPro_riv.cat,data/oxford_txts/MilPro_oxford.txt,data/csvs/MilPro,The Miller's Prologue 3154,,,10,Ther,been,ful,goode,wyves,many,oon
data/riverside_cats/MilPro_riv.cat,data/oxford_txts/MilPro_oxford.txt,data/csvs/MilPro,The Miller's Prologue 3154,,,10,u,S,u,Su,Su,Su,S
data/riverside_cats/MilPro_riv.cat,data/oxford_txts/MilPro_oxford.txt,data/csvs/MilPro,The Miller's Prologue 3154,,,10,ther@adv,ben@v%pr_pl,ful@adv,god@adj,wif@n%pl,mani@gram_adj,on@pron
data/riverside_cats/MilPro_riv.cat,data/oxford_txts/MilPro_oxford.txt,data/csvs/MilPro,The Miller's Prologue 3154,,,10,Ther,been,ful,gode,wives,many,oon
data/riverside_cats/MilPro_riv.cat,data/oxford_txts/MilPro_oxford.txt,data/csvs/MilPro,The Miller's Prologue 3154,,,10,u,S,u,Su,Su,Su,S
data/riverside_cats/MilPro_riv.cat,data/oxford_txts/MilPro_oxford.txt,data/csvs/MilPro,The Miller's Prologue 3154,,,10,ther@adv,ben@v%pr_pl,ful@adv,god@adj,wif@n%pl,mani@gram_adj,on@pron

And evere a thousand goode ayeyns oon badde.,||,"And evere a thousand goode ayeins oon badde,"
data/riverside_cats/MilPro_riv.cat,data/oxford_txts/MilPro_oxford.txt,data/csvs/MilPro,The Miller's Prologue 3155,,,10,And,evere,a,thousand,goode,ayeyns,oon,badde
data/riverside_cats/MilPro_riv.cat,data/oxford_txts/MilPro_oxford.txt,data/csvs/MilPro,The Miller's Prologue 3155,,,10,u,Sux,S,uS,ux,S,u,Sx
data/riverside_cats/MilPro_riv.cat,data/oxford_txts/MilPro_oxford.txt,data/csvs/MilPro,The Miller's Prologue 3155,,,10,and@conj,ever@adv,a@indef_art,thousand@num_adj,god@adj,ayenes@prep,on@pron,badde@n2
data/riverside_cats/MilPro_riv.cat,data/oxford_txts/MilPro_oxford.txt,data/csvs/MilPro,The Miller's Prologue 3155,,,10,And,evere,a,thousand,goode,ayeins,oon,badde
data/riverside_cats/MilPro_riv.cat,data/oxford_txts/MilPro_oxford.txt,data/csvs/MilPro,The Miller's Prologue 3155,,,10,u,Sux,S,uS,ux,S,u,Sx
data/riverside_cats/MilPro_riv.cat,data/oxford_txts/MilPro_oxford.txt,data/csvs/MilPro,The Miller's Prologue 3155,,,10,and@conj,ever@adv,a@indef_art,thousand@num_adj,god@adj,ayenes@prep,on@pron,badde@n2

"That knowestow wel thyself, but if thou madde.",||,"That knowestow wel thyself, but if thou madde.°"
data/riverside_cats/MilPro_riv.cat,data/oxford_txts/MilPro_oxford.txt,data/csvs/MilPro,The Miller's Prologue 3156,,,10,That,knowestow,wel,thyself,but,if,thou,madde
data/riverside_cats/MilPro_riv.cat,data/oxford_txts/MilPro_oxford.txt,data/csvs/MilPro,The Miller's Prologue 3156,,,10,u,Sxu,S,uS,u,S,u,Sx
data/riverside_cats/MilPro_riv.cat,data/oxford_txts/MilPro_oxford.txt,data/csvs/MilPro,The Miller's Prologue 3156,,,10,that@pron,knouen@v%pr_2_pron,wel@adv,thi-self@pron,but@conj,if@conj,thou@pron%nom,madden@v%pr_3
data/riverside_cats/MilPro_riv.cat,data/oxford_txts/MilPro_oxford.txt,data/csvs/MilPro,The Miller's Prologue 3156,,,10,That,knowestow,wel,thyself,but,if,thou,madde
data/riverside_cats/MilPro_riv.cat,data/oxford_txts/MilPro_oxford.txt,data/csvs/MilPro,The Miller's Prologue 3156,,,10,u,Sxu,S,uS,u,S,u,Sx
data/riverside_cats/MilPro_riv.cat,data/oxford_txts/MilPro_oxford.txt,data/csvs/MilPro,The Miller's Prologue 3156,,,10,that@pron,knouen@v%pr_2_pron,wel@adv,thi-self@pron,but@conj,if@conj,thou@pron%nom,madden@v%pr_3

Why artow angry with my tale now?,||,Why artow° angry with my tale now?
data/riverside_cats/MilPro_riv.cat,data/oxford_txts/MilPro_oxford.txt,data/csvs/MilPro,The Miller's Prologue 3157,,,10,Why,artow,angry,with,my,tale,now
data/riverside_cats/MilPro_riv.cat,data/oxford_txts/MilPro_oxford.txt,data/csvs/MilPro,The Miller's Prologue 3157,,,10,u,Su,Su,S,u,Su,S
data/riverside_cats/MilPro_riv.cat,data/oxford_txts/MilPro_oxford.txt,data/csvs/MilPro,The Miller's Prologue 3157,,,10,whi@adv,ben@v%pr_2_pron,angri@adj,with@prep,min@pron%gen,tale@n,nou@adv
data/riverside_cats/MilPro_riv.cat,data/oxford_txts/MilPro_oxford.txt,data/csvs/MilPro,The Miller's Prologue 3157,,,10,Why,artow,angry,with,my,tale,now
data/riverside_cats/MilPro_riv.cat,data/oxford_txts/MilPro_oxford.txt,data/csvs/MilPro,The Miller's Prologue 3157,,,10,u,Su,Su,S,u,Su,S
data/riverside_cats/MilPro_riv.cat,data/oxford_txts/MilPro_oxford.txt,data/csvs/MilPro,The Miller's Prologue 3157,,,10,whi@adv,ben@v%pr_2_pron,angri@adj,with@prep,min@pron%gen,tale@n,nou@adv

"I have a wyf, pardee, as wel as thow;",||,"I have a wif, pardee,° as well as thou,"
data/riverside_cats/MilPro_riv.cat,data/oxford_txts/MilPro_oxford.txt,data/csvs/MilPro,The Miller's Prologue 3158,,,10,I,have,a,wyf,pardee,as,wel,as,thow
data/riverside_cats/MilPro_riv.cat,data/oxford_txts/MilPro_oxford.txt,data/csvs/MilPro,The Miller's Prologue 3158,,,10,u,Sx,u,S,uS,u,S,u,S
data/riverside_cats/MilPro_riv.cat,data/oxford_txts/MilPro_oxford.txt,data/csvs/MilPro,The Miller's Prologue 3158,,,10,ich@pron%nom,haven@v%pr_1,a@indef_art,wif@n,parde@interj,as@conj,wel@adv,as@conj,thou@pron%nom
data/riverside_cats/MilPro_riv.cat,data/oxford_txts/MilPro_oxford.txt,data/csvs/MilPro,The Miller's Prologue 3158,,,10,I,have,a,wif,pardee,as,well,as,thou
data/riverside_cats/MilPro_riv.cat,data/oxford_txts/MilPro_oxford.txt,data/csvs/MilPro,The Miller's Prologue 3158,,,10,u,Sx,u,S,uS,u,S,u,S
data/riverside_cats/MilPro_riv.cat,data/oxford_txts/MilPro_oxford.txt,data/csvs/MilPro,The Miller's Prologue 3158,,,10,ich@pron%nom,haven@v%pr_1,a@indef_art,wif@n,parde@interj,as@conj,wel@adv,as@conj,thou@pron%nom

"Yet nolde I, for the oxen in my plogh,",||,"Yet nolde I,° for the oxen in my plogh,"
data/riverside_cats/MilPro_riv.cat,data/oxford_txts/MilPro_oxford.txt,data/csvs/MilPro,The Miller's Prologue 3159,,,10,Yet,nolde,I,for,the,oxen,in,my,plogh
data/riverside_cats/MilPro_riv.cat,data/oxford_txts/MilPro_oxford.txt,data/csvs/MilPro,The Miller's Prologue 3159,,,10,u,Sx,u,S,u,Su,S,u,S
data/riverside_cats/MilPro_riv.cat,data/oxford_txts/MilPro_oxford.txt,data/csvs/MilPro,The Miller's Prologue 3159,,,10,yet@adv,willen@v%pt_3_neg,ich@pron%nom,for@prep,the@def_art,oxe@n%pl,in@prep,min@pron%gen,plough@n
data/riverside_cats/MilPro_riv.cat,data/oxford_txts/MilPro_oxford.txt,data/csvs/MilPro,The Miller's Prologue 3159,,,10,Yet,nolde,I,for,the,oxen,in,my,plogh
data/riverside_cats/MilPro_riv.cat,data/oxford_txts/MilPro_oxford.txt,data/csvs/MilPro,The Miller's Prologue 3159,,,10,u,Sx,u,S,u,Su,S,u,S
data/riverside_cats/MilPro_riv.cat,data/oxford_txts/MilPro_oxford.txt,data/csvs/MilPro,The Miller's Prologue 3159,,,10,yet@adv,willen@v%pt_3_neg,ich@pron%nom,for@prep,the@def_art,oxe@n%pl,in@prep,min@pron%gen,plough@n

"Take upon me moore than ynogh,",||,"Take upon me more than ynogh,°"
data/riverside_cats/MilPro_riv.cat,data/oxford_txts/MilPro_oxford.txt,data/csvs/MilPro,The Miller's Prologue 3160,,,9,Take,upon,me,moore,than,ynogh
data/riverside_cats/MilPro_riv.cat,data/oxford_txts/MilPro_oxford.txt,data/csvs/MilPro,The Miller's Prologue 3160,,,9,Sx,uS,u,Su,S,uS
data/riverside_cats/MilPro_riv.cat,data/oxford_txts/MilPro_oxford.txt,data/csvs/MilPro,The Miller's Prologue 3160,,,9,taken@v%inf,upon@prep,me@pron2%obj,more@n3,than@conj,inough@n
data/riverside_cats/MilPro_riv.cat,data/oxford_txts/MilPro_oxford.txt,data/csvs/MilPro,The Miller's Prologue 3160,,,9,Take,upon,me,more,than,ynogh
data/riverside_cats/MilPro_riv.cat,data/oxford_txts/MilPro_oxford.txt,data/csvs/MilPro,The Miller's Prologue 3160,,,9,Sx,uS,u,Su,S,uS
data/riverside_cats/MilPro_riv.cat,data/oxford_txts/MilPro_oxford.txt,data/csvs/MilPro,The Miller's Prologue 3160,,,9,taken@v%inf,upon@prep,me@pron2%obj,more@n3,than@conj,inough@n

As demen of myself that I were oon;,||,As demen° of myself that I were oon;°
data/riverside_cats/MilPro_riv.cat,data/oxford_txts/MilPro_oxford.txt,data/csvs/MilPro,The Miller's Prologue 3161,,,10,As,demen,of,myself,that,I,were,oon
data/riverside_cats/MilPro_riv.cat,data/oxford_txts/MilPro_oxford.txt,data/csvs/MilPro,The Miller's Prologue 3161,,,10,u,Su,S,uS,u,S,ux,S
data/riverside_cats/MilPro_riv.cat,data/oxford_txts/MilPro_oxford.txt,data/csvs/MilPro,The Miller's Prologue 3161,,,10,as@conj,demen@v%inf,of@prep,mi-self@pron,that@conj,ich@pron%nom,ben@v%pt_1,on@pron
data/riverside_cats/MilPro_riv.cat,data/oxford_txts/MilPro_oxford.txt,data/csvs/MilPro,The Miller's Prologue 3161,,,10,As,demen,of,myself,that,I,were,oon
data/riverside_cats/MilPro_riv.cat,data/oxford_txts/MilPro_oxford.txt,data/csvs/MilPro,The Miller's Prologue 3161,,,10,u,Su,S,uS,u,S,ux,S
data/riverside_cats/MilPro_riv.cat,data/oxford_txts/MilPro_oxford.txt,data/csvs/MilPro,The Miller's Prologue 3161,,,10,as@conj,demen@v%inf,of@prep,mi-self@pron,that@conj,ich@pron%nom,ben@v%pt_1,on@pron

I wol bileve wel that I am noon.,||,I wol beleve wel that I am noon.
data/riverside_cats/MilPro_riv.cat,data/oxford_txts/MilPro_oxford.txt,data/csvs/MilPro,The Miller's Prologue 3162,,,10,I,wol,bileve,wel,that,I,am,noon
data/riverside_cats/MilPro_riv.cat,data/oxford_txts/MilPro_oxford.txt,data/csvs/MilPro,The Miller's Prologue 3162,,,10,u,S,uSu,S,u,S,u,S
data/riverside_cats/MilPro_riv.cat,data/oxford_txts/MilPro_oxford.txt,data/csvs/MilPro,The Miller's Prologue 3162,,,10,ich@pron%nom,willen@v%pr_1,bileven@v2%inf,wel@adv,that@conj,ich@pron%nom,ben@v%pr_1,non@pron
data/riverside_cats/MilPro_riv.cat,data/oxford_txts/MilPro_oxford.txt,data/csvs/MilPro,The Miller's Prologue 3162,,,10,I,wol,beleve,wel,that,I,am,noon
data/riverside_cats/MilPro_riv.cat,data/oxford_txts/MilPro_oxford.txt,data/csvs/MilPro,The Miller's Prologue 3162,,,10,u,S,uSu,S,u,S,u,S
data/riverside_cats/MilPro_riv.cat,data/oxford_txts/MilPro_oxford.txt,data/csvs/MilPro,The Miller's Prologue 3162,,,10,ich@pron%nom,willen@v%pr_1,bileven@v2%inf,wel@adv,that@conj,ich@pron%nom,ben@v%pr_1,non@pron

An housbonde shal nat been inquisityf,||,An housbond shal nat been inquisitive
data/riverside_cats/MilPro_riv.cat,data/oxford_txts/MilPro_oxford.txt,data/csvs/MilPro,The Miller's Prologue 3163,DIFF,,10,An,housbonde,shal,nat,been,inquisityf
data/riverside_cats/MilPro_riv.cat,data/oxford_txts/MilPro_oxford.txt,data/csvs/MilPro,The Miller's Prologue 3163,DIFF,,10,u,Sux,S,u,S,uSuS
data/riverside_cats/MilPro_riv.cat,data/oxford_txts/MilPro_oxford.txt,data/csvs/MilPro,The Miller's Prologue 3163,DIFF,,10,a@indef_art,hous-bonde@n,shulen@v1%pr_3,not@adv,ben@v%inf,inquisitif@adj
data/riverside_cats/MilPro_riv.cat,data/oxford_txts/MilPro_oxford.txt,data/csvs/MilPro,The Miller's Prologue 3163,DIFF,,10,An,housbond,shal,nat,been,inquisitive
data/riverside_cats/MilPro_riv.cat,data/oxford_txts/MilPro_oxford.txt,data/csvs/MilPro,The Miller's Prologue 3163,DIFF,,10,u,Su,S,u,S,uSuSx
data/riverside_cats/MilPro_riv.cat,data/oxford_txts/MilPro_oxford.txt,data/csvs/MilPro,The Miller's Prologue 3163,DIFF,,10,a@indef_art,hous-bonde@n,shulen@v1%pr_3,not@adv,ben@v%inf,

"Of Goddes pryvetee, nor of his wyf.",||,"Of Goddes privetee,° nor of his wif."
data/riverside_cats/MilPro_riv.cat,data/oxford_txts/MilPro_oxford.txt,data/csvs/MilPro,The Miller's Prologue 3164,,,10,Of,Goddes,pryvetee,nor,of,his,wyf
data/riverside_cats/MilPro_riv.cat,data/oxford_txts/MilPro_oxford.txt,data/csvs/MilPro,The Miller's Prologue 3164,,,10,u,Su,SuS,u,S,u,S
data/riverside_cats/MilPro_riv.cat,data/oxford_txts/MilPro_oxford.txt,data/csvs/MilPro,The Miller's Prologue 3164,,,10,of@prep,god@n1#propn%gen,privete@n,nor@conj,of@prep,his@pron1%gen,wif@n
data/riverside_cats/MilPro_riv.cat,data/oxford_txts/MilPro_oxford.txt,data/csvs/MilPro,The Miller's Prologue 3164,,,10,Of,Goddes,privetee,nor,of,his,wif
data/riverside_cats/MilPro_riv.cat,data/oxford_txts/MilPro_oxford.txt,data/csvs/MilPro,The Miller's Prologue 3164,,,10,u,Su,SuS,u,S,u,S
data/riverside_cats/MilPro_riv.cat,data/oxford_txts/MilPro_oxford.txt,data/csvs/MilPro,The Miller's Prologue 3164,,,10,of@prep,god@n1#propn%gen,privete@n,nor@conj,of@prep,his@pron1%gen,wif@n

"So he may fynde Goddes foyson there,",||,"So he may finde° Goddes foison° there,"
data/riverside_cats/MilPro_riv.cat,data/oxford_txts/MilPro_oxford.txt,data/csvs/MilPro,The Miller's Prologue 3165,,,10,So,he,may,fynde,Goddes,foyson,there
data/riverside_cats/MilPro_riv.cat,data/oxford_txts/MilPro_oxford.txt,data/csvs/MilPro,The Miller's Prologue 3165,,,10,u,S,u,Su,Su,Su,Sx
data/riverside_cats/MilPro_riv.cat,data/oxford_txts/MilPro_oxford.txt,data/csvs/MilPro,The Miller's Prologue 3165,,,10,so@adv,he@pron1%nom,mouen@v3%pr_3,finden@v%inf,god@n1#propn%gen,foisoun@n,ther@adv
data/riverside_cats/MilPro_riv.cat,data/oxford_txts/MilPro_oxford.txt,data/csvs/MilPro,The Miller's Prologue 3165,,,10,So,he,may,finde,Goddes,foison,there
data/riverside_cats/MilPro_riv.cat,data/oxford_txts/MilPro_oxford.txt,data/csvs/MilPro,The Miller's Prologue 3165,,,10,u,S,u,Su,Su,Su,Sx
data/riverside_cats/MilPro_riv.cat,data/oxford_txts/MilPro_oxford.txt,data/csvs/MilPro,The Miller's Prologue 3165,,,10,so@adv,he@pron1%nom,mouen@v3%pr_3,finden@v%inf,god@n1#propn%gen,foisoun@n,ther@adv

"Of the remenant nedeth nat enquere.""",||,Of the remenant° nedeth nat enquere.”
data/riverside_cats/MilPro_riv.cat,data/oxford_txts/MilPro_oxford.txt,data/csvs/MilPro,The Miller's Prologue 3166,,,10,Of,the,remenant,nedeth,nat,enquere
data/riverside_cats/MilPro_riv.cat,data/oxford_txts/MilPro_oxford.txt,data/csvs/MilPro,The Miller's Prologue 3166,,,10,u,S,uSu,Su,S,uSx
data/riverside_cats/MilPro_riv.cat,data/oxford_txts/MilPro_oxford.txt,data/csvs/MilPro,The Miller's Prologue 3166,,,10,of@prep,the@def_art,remenaunt@n,neden@v2%pr_3,not@adv,enqueren@v%inf
data/riverside_cats/MilPro_riv.cat,data/oxford_txts/MilPro_oxford.txt,data/csvs/MilPro,The Miller's Prologue 3166,,,10,Of,the,remenant,nedeth,nat,enquere
data/riverside_cats/MilPro_riv.cat,data/oxford_txts/MilPro_oxford.txt,data/csvs/MilPro,The Miller's Prologue 3166,,,10,u,S,uSu,Su,S,uSx
data/riverside_cats/MilPro_riv.cat,data/oxford_txts/MilPro_oxford.txt,data/csvs/MilPro,The Miller's Prologue 3166,,,10,of@prep,the@def_art,remenaunt@n,neden@v2%pr_3,not@adv,enqueren@v%inf

"What sholde I moore seyn, but this Millere",||,"¶What sholde I more seyn, but this Millere"
data/riverside_cats/MilPro_riv.cat,data/oxford_txts/MilPro_oxford.txt,data/csvs/MilPro,The Miller's Prologue 3167,,,10,What,sholde,I,moore,seyn,but,this,Millere
data/riverside_cats/MilPro_riv.cat,data/oxford_txts/MilPro_oxford.txt,data/csvs/MilPro,The Miller's Prologue 3167,,,10,u,Sx,u,Su,S,u,S,uSx
data/riverside_cats/MilPro_riv.cat,data/oxford_txts/MilPro_oxford.txt,data/csvs/MilPro,The Miller's Prologue 3167,,,10,what@pron,shulen@v1%pt_1,ich@pron%nom,more@n3,seien@v1%inf,but@conj,this@gram_adj,milnere@n
data/riverside_cats/MilPro_riv.cat,data/oxford_txts/MilPro_oxford.txt,data/csvs/MilPro,The Miller's Prologue 3167,,,10,What,sholde,I,more,seyn,but,this,Millere
data/riverside_cats/MilPro_riv.cat,data/oxford_txts/MilPro_oxford.txt,data/csvs/MilPro,The Miller's Prologue 3167,,,10,u,Sx,u,Su,S,u,S,uSx
data/riverside_cats/MilPro_riv.cat,data/oxford_txts/MilPro_oxford.txt,data/csvs/MilPro,The Miller's Prologue 3167,,,10,what@pron,shulen@v1%pt_1,ich@pron%nom,more@n3,seien@v1%inf,but@conj,this@gram_adj,milnere@n

"He nolde his wordes for no man forbere,",||,"He nolde his wordes for no man forbere,°"
data/riverside_cats/MilPro_riv.cat,data/oxford_txts/MilPro_oxford.txt,data/csvs/MilPro,The Miller's Prologue 3168,,,10,He,nolde,his,wordes,for,no,man,forbere
data/riverside_cats/MilPro_riv.cat,data/oxford_txts/MilPro_oxford.txt,data/csvs/MilPro,The Miller's Prologue 3168,,,10,u,Sx,u,Su,S,u,S,uSx
data/riverside_cats/MilPro_riv.cat,data/oxford_txts/MilPro_oxford.txt,data/csvs/MilPro,The Miller's Prologue 3168,,,10,he@pron1%nom,willen@v%pt_3_neg,his@pron1%gen,word@n%pl,for@prep,no@gram_adj,man@n,forberen@v%inf
data/riverside_cats/MilPro_riv.cat,data/oxford_txts/MilPro_oxford.txt,data/csvs/MilPro,The Miller's Prologue 3168,,,10,He,nolde,his,wordes,for,no,man,forbere
data/riverside_cats/MilPro_riv.cat,data/oxford_txts/MilPro_oxford.txt,data/csvs/MilPro,The Miller's Prologue 3168,,,10,u,Sx,u,Su,S,u,S,uSx
data/riverside_cats/MilPro_riv.cat,data/oxford_txts/MilPro_oxford.txt,data/csvs/MilPro,The Miller's Prologue 3168,,,10,he@pron1%nom,willen@v%pt_3_neg,his@pron1%gen,word@n%pl,for@prep,no@gram_adj,man@n,forberen@v%inf

But tolde his cherles tale in his manere.,||,But tolde his cherles° tale in his manere;
data/riverside_cats/MilPro_riv.cat,data/oxford_txts/MilPro_oxford.txt,data/csvs/MilPro,The Miller's Prologue 3169,,,10,But,tolde,his,cherles,tale,in,his,manere
data/riverside_cats/MilPro_riv.cat,data/oxford_txts/MilPro_oxford.txt,data/csvs/MilPro,The Miller's Prologue 3169,,,10,u,Sx,u,Su,Sx,u,S,uSx
data/riverside_cats/MilPro_riv.cat,data/oxford_txts/MilPro_oxford.txt,data/csvs/MilPro,The Miller's Prologue 3169,,,10,but@conj,tellen@v%pt_3,his@pron1%gen,cherl@n%gen,tale@n,in@prep,his@pron1%gen,manere@n
data/riverside_cats/MilPro_riv.cat,data/oxford_txts/MilPro_oxford.txt,data/csvs/MilPro,The Miller's Prologue 3169,,,10,But,tolde,his,cherles,tale,in,his,manere
data/riverside_cats/MilPro_riv.cat,data/oxford_txts/MilPro_oxford.txt,data/csvs/MilPro,The Miller's Prologue 3169,,,10,u,Sx,u,Su,Sx,u,S,uSx
data/riverside_cats/MilPro_riv.cat,data/oxford_txts/MilPro_oxford.txt,data/csvs/MilPro,The Miller's Prologue 3169,,,10,but@conj,tellen@v%pt_3,his@pron1%gen,cherl@n%gen,tale@n,in@prep,his@pron1%gen,manere@n

M' athynketh that I shal reherce it heere.,||,M’athinketh° that I shal reherce° it here.
data/riverside_cats/MilPro_riv.cat,data/oxford_txts/MilPro_oxford.txt,data/csvs/MilPro,The Miller's Prologue 3170,,,10,M,athynketh,that,I,shal,reherce,it,heere
data/riverside_cats/MilPro_riv.cat,data/oxford_txts/MilPro_oxford.txt,data/csvs/MilPro,The Miller's Prologue 3170,,,10,,uSu,S,u,S,uSx,u,Sx
data/riverside_cats/MilPro_riv.cat,data/oxford_txts/MilPro_oxford.txt,data/csvs/MilPro,The Miller's Prologue 3170,,,10,me@pron2%obj,athinken@v%pr_3,that@conj,ich@pron%nom,shulen@v1%pr_1,rehersen@v%inf,hit@pron,her@adv
data/riverside_cats/MilPro_riv.cat,data/oxford_txts/MilPro_oxford.txt,data/csvs/MilPro,The Miller's Prologue 3170,,,10,M,athinketh,that,I,shal,reherce,it,here
data/riverside_cats/MilPro_riv.cat,data/oxford_txts/MilPro_oxford.txt,data/csvs/MilPro,The Miller's Prologue 3170,,,10,,uSu,S,u,S,uSx,u,Sx
data/riverside_cats/MilPro_riv.cat,data/oxford_txts/MilPro_oxford.txt,data/csvs/MilPro,The Miller's Prologue 3170,,,10,me@pron2%obj,athinken@v%pr_3,that@conj,ich@pron%nom,shulen@v1%pr_1,rehersen@v%inf,hit@pron,her@adv

"And therfore every gentil wight I preye,",||,"And therfore every gentil wight° I preye,"
data/riverside_cats/MilPro_riv.cat,data/oxford_txts/MilPro_oxford.txt,data/csvs/MilPro,The Miller's Prologue 3171,,,10,And,therfore,every,gentil,wight,I,preye
data/riverside_cats/MilPro_riv.cat,data/oxford_txts/MilPro_oxford.txt,data/csvs/MilPro,The Miller's Prologue 3171,,,10,u,Sux,Sxu,Su,S,u,S
data/riverside_cats/MilPro_riv.cat,data/oxford_txts/MilPro_oxford.txt,data/csvs/MilPro,The Miller's Prologue 3171,,,10,and@conj,ther-fore@adv,everi@pron_gram_adj,gentil@adj,wight@n,ich@pron%nom,preien@v1%pr_1
data/riverside_cats/MilPro_riv.cat,data/oxford_txts/MilPro_oxford.txt,data/csvs/MilPro,The Miller's Prologue 3171,,,10,And,therfore,every,gentil,wight,I,preye
data/riverside_cats/MilPro_riv.cat,data/oxford_txts/MilPro_oxford.txt,data/csvs/MilPro,The Miller's Prologue 3171,,,10,u,Sux,Sxu,Su,S,u,S
data/riverside_cats/MilPro_riv.cat,data/oxford_txts/MilPro_oxford.txt,data/csvs/MilPro,The Miller's Prologue 3171,,,10,and@conj,ther-fore@adv,everi@pron_gram_adj,gentil@adj,wight@n,ich@pron%nom,preien@v1%pr_1

"For Goddes love, demeth nat that I seye",||,"Demeth noght,° for Goddes love, that° I seye"
data/riverside_cats/MilPro_riv.cat,data/oxford_txts/MilPro_oxford.txt,data/csvs/MilPro,The Miller's Prologue 3172,DIFF,green,10,For,Goddes,love,demeth,nat,that,I,seye
data/riverside_cats/MilPro_riv.cat,data/oxford_txts/MilPro_oxford.txt,data/csvs/MilPro,The Miller's Prologue 3172,DIFF,green,10,u,Su,Sx,uS,u,S,u,S
data/riverside_cats/MilPro_riv.cat,data/oxford_txts/MilPro_oxford.txt,data/csvs/MilPro,The Miller's Prologue 3172,DIFF,green,10,for@prep,god@n1#propn%gen,love@n1,demen@v%imp,not@adv,that@conj,ich@pron%nom,seien@v1%pr_1
data/riverside_cats/MilPro_riv.cat,data/oxford_txts/MilPro_oxford.txt,data/csvs/MilPro,The Miller's Prologue 3172,DIFF,green,10,Demeth,noght,for,Goddes,love,that,I,seye
data/riverside_cats/MilPro_riv.cat,data/oxford_txts/MilPro_oxford.txt,data/csvs/MilPro,The Miller's Prologue 3172,DIFF,green,10,uS,u,S,uS,ux,S,u,S
data/riverside_cats/MilPro_riv.cat,data/oxford_txts/MilPro_oxford.txt,data/csvs/MilPro,The Miller's Prologue 3172,DIFF,green,10,demen@v%imp,nought@adv,for@prep,god@n1#propn%gen,love@n1,that@conj,ich@pron%nom,seien@v1%pr_1

"Of yvel entente, but for I moot reherce",||,"Of evel entente, but that I moot° reherce"
data/riverside_cats/MilPro_riv.cat,data/oxford_txts/MilPro_oxford.txt,data/csvs/MilPro,The Miller's Prologue 3173,DIFF,,10,Of,yvel,entente,but,for,I,moot,reherce
data/riverside_cats/MilPro_riv.cat,data/oxford_txts/MilPro_oxford.txt,data/csvs/MilPro,The Miller's Prologue 3173,DIFF,,10,u,S,uSx,u,S,u,S,uSx
data/riverside_cats/MilPro_riv.cat,data/oxford_txts/MilPro_oxford.txt,data/csvs/MilPro,The Miller's Prologue 3173,DIFF,,10,of@prep,ivel@adj,entente@n,but@conj,for@conj,ich@pron%nom,moten@v2%pr_1,rehersen@v%inf
data/riverside_cats/MilPro_riv.cat,data/oxford_txts/MilPro_oxford.txt,data/csvs/MilPro,The Miller's Prologue 3173,DIFF,,0,Of,evel,entente,but,that,I,moot,reherce
data/riverside_cats/MilPro_riv.cat,data/oxford_txts/MilPro_oxford.txt,data/csvs/MilPro,The Miller's Prologue 3173,DIFF,,0,,,,,,,,
data/riverside_cats/MilPro_riv.cat,data/oxford_txts/MilPro_oxford.txt,data/csvs/MilPro,The Miller's Prologue 3173,DIFF,,0,of@prep,ivel@adj,entente@n,but@conj,,ich@pron%nom,moten@v2%pr_1,rehersen@v%inf

"Hir tales alle, be they bettre or werse,",||,"Hir tales alle, be they bet° or werse,"
data/riverside_cats/MilPro_riv.cat,data/oxford_txts/MilPro_oxford.txt,data/csvs/MilPro,The Miller's Prologue 3174,DIFF,,10,Hir,tales,alle,be,they,bettre,or,werse
data/riverside_cats/MilPro_riv.cat,data/oxford_txts/MilPro_oxford.txt,data/csvs/MilPro,The Miller's Prologue 3174,DIFF,,10,u,Su,Su,S,u,Sx,u,Sx
data/riverside_cats/MilPro_riv.cat,data/oxford_txts/MilPro_oxford.txt,data/csvs/MilPro,The Miller's Prologue 3174,DIFF,,10,here@pron%pl_gen,tale@n%pl,al@gram_adj,ben@v%pr_pl,thei@pron%pl_nom,bettre@adj%comp,or@conj,werse@adj%comp
data/riverside_cats/MilPro_riv.cat,data/oxford_txts/MilPro_oxford.txt,data/csvs/MilPro,The Miller's Prologue 3174,DIFF,,10,Hir,tales,alle,be,they,bet,or,werse
data/riverside_cats/MilPro_riv.cat,data/oxford_txts/MilPro_oxford.txt,data/csvs/MilPro,The Miller's Prologue 3174,DIFF,,10,u,Su,Su,S,u,S,u,Sx
data/riverside_cats/MilPro_riv.cat,data/oxford_txts/MilPro_oxford.txt,data/csvs/MilPro,The Miller's Prologue 3174,DIFF,,10,here@pron%pl_gen,tale@n%pl,al@gram_adj,ben@v%pr_pl,thei@pron%pl_nom,,or@conj,werse@adj%comp

Or elles falsen som of my mateere.,||,Or elles falsen° som of my matere.
data/riverside_cats/MilPro_riv.cat,data/oxford_txts/MilPro_oxford.txt,data/csvs/MilPro,The Miller's Prologue 3175,,,10,Or,elles,falsen,som,of,my,mateere
data/riverside_cats/MilPro_riv.cat,data/oxford_txts/MilPro_oxford.txt,data/csvs/MilPro,The Miller's Prologue 3175,,,10,u,Su,Su,S,u,S,uSx
data/riverside_cats/MilPro_riv.cat,data/oxford_txts/MilPro_oxford.txt,data/csvs/MilPro,The Miller's Prologue 3175,,,10,or@conj,elles@adv,falsen@v%inf,som@pron,of@prep,min@pron%gen,matere@n
data/riverside_cats/MilPro_riv.cat,data/oxford_txts/MilPro_oxford.txt,data/csvs/MilPro,The Miller's Prologue 3175,,,10,Or,elles,falsen,som,of,my,matere
data/riverside_cats/MilPro_riv.cat,data/oxford_txts/MilPro_oxford.txt,data/csvs/MilPro,The Miller's Prologue 3175,,,10,u,Su,Su,S,u,S,uSx
data/riverside_cats/MilPro_riv.cat,data/oxford_txts/MilPro_oxford.txt,data/csvs/MilPro,The Miller's Prologue 3175,,,10,or@conj,elles@adv,falsen@v%inf,som@pron,of@prep,min@pron%gen,matere@n

"And therfore, whoso list it nat yheere,",||,"And therfor, whoso list it nat yhere,°"
data/riverside_cats/MilPro_riv.cat,data/oxford_txts/MilPro_oxford.txt,data/csvs/MilPro,The Miller's Prologue 3176,,,10,And,therfore,whoso,list,it,nat,yheere
data/riverside_cats/MilPro_riv.cat,data/oxford_txts/MilPro_oxford.txt,data/csvs/MilPro,The Miller's Prologue 3176,,,10,u,Sux,Su,S,u,S,uSx
data/riverside_cats/MilPro_riv.cat,data/oxford_txts/MilPro_oxford.txt,data/csvs/MilPro,The Miller's Prologue 3176,,,10,and@conj,ther-fore@adv,who-so@pron%nom,listen@v1%pr_3,hit@pron,not@adv,iheren@v%inf
data/riverside_cats/MilPro_riv.cat,data/oxford_txts/MilPro_oxford.txt,data/csvs/MilPro,The Miller's Prologue 3176,,,10,And,therfor,whoso,list,it,nat,yhere
data/riverside_cats/MilPro_riv.cat,data/oxford_txts/MilPro_oxford.txt,data/csvs/MilPro,The Miller's Prologue 3176,,,10,u,Su,Su,S,u,S,uSx
data/riverside_cats/MilPro_riv.cat,data/oxford_txts/MilPro_oxford.txt,data/csvs/MilPro,The Miller's Prologue 3176,,,10,and@conj,ther-fore@adv,who-so@pron%nom,listen@v1%pr_3,hit@pron,not@adv,iheren@v%inf

Turne over the leef and chese another tale;,||,"Turne over the leef,° and chese° another tale;"
data/riverside_cats/MilPro_riv.cat,data/oxford_txts/MilPro_oxford.txt,data/csvs/MilPro,The Miller's Prologue 3177,,,10,Turne,over,the,leef,and,chese,another,tale
data/riverside_cats/MilPro_riv.cat,data/oxford_txts/MilPro_oxford.txt,data/csvs/MilPro,The Miller's Prologue 3177,,,10,ux,Su,S,u,S,ux,Sux,Sx
data/riverside_cats/MilPro_riv.cat,data/oxford_txts/MilPro_oxford.txt,data/csvs/MilPro,The Miller's Prologue 3177,,,10,turnen@v%imp,over@adv,the@def_art,lef@n1,and@conj,chesen@v%imp,another@gram_adj,tale@n
data/riverside_cats/MilPro_riv.cat,data/oxford_txts/MilPro_oxford.txt,data/csvs/MilPro,The Miller's Prologue 3177,,,10,Turne,over,the,leef,and,chese,another,tale
data/riverside_cats/MilPro_riv.cat,data/oxford_txts/MilPro_oxford.txt,data/csvs/MilPro,The Miller's Prologue 3177,,,10,ux,Su,S,u,S,ux,Sux,Sx
data/riverside_cats/MilPro_riv.cat,data/oxford_txts/MilPro_oxford.txt,data/csvs/MilPro,The Miller's Prologue 3177,,,10,turnen@v%imp,over@adv,the@def_art,lef@n1,and@conj,chesen@v%imp,another@gram_adj,tale@n

"For he shal fynde ynowe, grete and smale,",||,"For he shal finde ynowe,° grete and smale,"
data/riverside_cats/MilPro_riv.cat,data/oxford_txts/MilPro_oxford.txt,data/csvs/MilPro,The Miller's Prologue 3178,,,10,For,he,shal,fynde,ynowe,grete,and,smale
data/riverside_cats/MilPro_riv.cat,data/oxford_txts/MilPro_oxford.txt,data/csvs/MilPro,The Miller's Prologue 3178,,,10,u,S,u,Sx,uSu,Sx,u,Sx
data/riverside_cats/MilPro_riv.cat,data/oxford_txts/MilPro_oxford.txt,data/csvs/MilPro,The Miller's Prologue 3178,,,10,for@conj,he@pron1%nom,shulen@v1%pr_3,finden@v%inf,inough@n,gret@n,and@conj,smal@adj
data/riverside_cats/MilPro_riv.cat,data/oxford_txts/MilPro_oxford.txt,data/csvs/MilPro,The Miller's Prologue 3178,,,10,For,he,shal,finde,ynowe,grete,and,smale
data/riverside_cats/MilPro_riv.cat,data/oxford_txts/MilPro_oxford.txt,data/csvs/MilPro,The Miller's Prologue 3178,,,10,u,S,u,Sx,uSu,Sx,u,Sx
data/riverside_cats/MilPro_riv.cat,data/oxford_txts/MilPro_oxford.txt,data/csvs/MilPro,The Miller's Prologue 3178,,,10,for@conj,he@pron1%nom,shulen@v1%pr_3,finden@v%inf,inough@n,gret@n,and@conj,smal@adj

"Of storial thyng that toucheth gentillesse,",||,"Of storial thing° that toucheth gentillesse,°"
data/riverside_cats/MilPro_riv.cat,data/oxford_txts/MilPro_oxford.txt,data/csvs/MilPro,The Miller's Prologue 3179,,,10,Of,storial,thyng,that,toucheth,gentillesse
data/riverside_cats/MilPro_riv.cat,data/oxford_txts/MilPro_oxford.txt,data/csvs/MilPro,The Miller's Prologue 3179,,,10,u,SuS,u,S,ux,SuSx
data/riverside_cats/MilPro_riv.cat,data/oxford_txts/MilPro_oxford.txt,data/csvs/MilPro,The Miller's Prologue 3179,,,10,of@prep,storial@adj,thing@n,that@pron,touchen@v%pr_3,gentilesse@n
data/riverside_cats/MilPro_riv.cat,data/oxford_txts/MilPro_oxford.txt,data/csvs/MilPro,The Miller's Prologue 3179,,,10,Of,storial,thing,that,toucheth,gentillesse
data/riverside_cats/MilPro_riv.cat,data/oxford_txts/MilPro_oxford.txt,data/csvs/MilPro,The Miller's Prologue 3179,,,10,u,SuS,u,S,ux,SuSx
data/riverside_cats/MilPro_riv.cat,data/oxford_txts/MilPro_oxford.txt,data/csvs/MilPro,The Miller's Prologue 3179,,,10,of@prep,storial@adj,thing@n,that@pron,touchen@v%pr_3,gentilesse@n

And eek moralitee and hoolynesse.,||,And eek moralitee and holinesse;
data/riverside_cats/MilPro_riv.cat,data/oxford_txts/MilPro_oxford.txt,data/csvs/MilPro,The Miller's Prologue 3180,,,10,And,eek,moralitee,and,hoolynesse
data/riverside_cats/MilPro_riv.cat,data/oxford_txts/MilPro_oxford.txt,data/csvs/MilPro,The Miller's Prologue 3180,,,10,u,S,uSuS,u,SuSx
data/riverside_cats/MilPro_riv.cat,data/oxford_txts/MilPro_oxford.txt,data/csvs/MilPro,The Miller's Prologue 3180,,,10,and@conj,ek@adv,moralite@n,and@conj,holinesse@n2
data/riverside_cats/MilPro_riv.cat,data/oxford_txts/MilPro_oxford.txt,data/csvs/MilPro,The Miller's Prologue 3180,,,10,And,eek,moralitee,and,holinesse
data/riverside_cats/MilPro_riv.cat,data/oxford_txts/MilPro_oxford.txt,data/csvs/MilPro,The Miller's Prologue 3180,,,10,u,S,uSuS,u,SuSx
data/riverside_cats/MilPro_riv.cat,data/oxford_txts/MilPro_oxford.txt,data/csvs/MilPro,The Miller's Prologue 3180,,,10,and@conj,ek@adv,moralite@n,and@conj,holinesse@n2

Blameth nat me if that ye chese amys.,||,Blameth nat me if that ye chese amis.
data/riverside_cats/MilPro_riv.cat,data/oxford_txts/MilPro_oxford.txt,data/csvs/MilPro,The Miller's Prologue 3181,,,10,Blameth,nat,me,if,that,ye,chese,amys
data/riverside_cats/MilPro_riv.cat,data/oxford_txts/MilPro_oxford.txt,data/csvs/MilPro,The Miller's Prologue 3181,,,10,uS,u,S,u,S,u,Sx,uS
data/riverside_cats/MilPro_riv.cat,data/oxford_txts/MilPro_oxford.txt,data/csvs/MilPro,The Miller's Prologue 3181,,,10,blamen@v%imp,not@adv,me@pron2%obj,if@conj,that@part,ye@pron%pl_nom,chesen@v%pr_pl,amis@adv
data/riverside_cats/MilPro_riv.cat,data/oxford_txts/MilPro_oxford.txt,data/csvs/MilPro,The Miller's Prologue 3181,,,10,Blameth,nat,me,if,that,ye,chese,amis
data/riverside_cats/MilPro_riv.cat,data/oxford_txts/MilPro_oxford.txt,data/csvs/MilPro,The Miller's Prologue 3181,,,10,uS,u,S,u,S,u,Sx,uS
data/riverside_cats/MilPro_riv.cat,data/oxford_txts/MilPro_oxford.txt,data/csvs/MilPro,The Miller's Prologue 3181,,,10,blamen@v%imp,not@adv,me@pron2%obj,if@conj,that@part,ye@pron%pl_nom,chesen@v%pr_pl,amis@adv

The Millere is a cherl; ye knowe wel this.,||,"The Millere is a cherl, ye know wel this;"
data/riverside_cats/MilPro_riv.cat,data/oxford_txts/MilPro_oxford.txt,data/csvs/MilPro,The Miller's Prologue 3182,,,10,The,Millere,is,a,cherl,ye,knowe,wel,this
data/riverside_cats/MilPro_riv.cat,data/oxford_txts/MilPro_oxford.txt,data/csvs/MilPro,The Miller's Prologue 3182,,,10,u,Sux,S,u,S,u,Sx,u,S
data/riverside_cats/MilPro_riv.cat,data/oxford_txts/MilPro_oxford.txt,data/csvs/MilPro,The Miller's Prologue 3182,,,10,the@def_art,milnere@n,ben@v%pr_3,a@indef_art,cherl@n,ye@pron%pl_nom,knouen@v%pr_pl,wel@adv,this@pron
data/riverside_cats/MilPro_riv.cat,data/oxford_txts/MilPro_oxford.txt,data/csvs/MilPro,The Miller's Prologue 3182,,,10,The,Millere,is,a,cherl,ye,know,wel,this
data/riverside_cats/MilPro_riv.cat,data/oxford_txts/MilPro_oxford.txt,data/csvs/MilPro,The Miller's Prologue 3182,,,10,u,Sux,S,u,S,u,S,u,S
data/riverside_cats/MilPro_riv.cat,data/oxford_txts/MilPro_oxford.txt,data/csvs/MilPro,The Miller's Prologue 3182,,,10,the@def_art,milnere@n,ben@v%pr_3,a@indef_art,cherl@n,ye@pron%pl_nom,knouen@v%pr_pl,wel@adv,this@pron

"So was the Reve eek and othere mo,",||,"So was the Reve, and other many mo,"
data/riverside_cats/MilPro_riv.cat,data/oxford_txts/MilPro_oxford.txt,data/csvs/MilPro,The Miller's Prologue 3183,DIFF,,10,So,was,the,Reve,eek,and,othere,mo
data/riverside_cats/MilPro_riv.cat,data/oxford_txts/MilPro_oxford.txt,data/csvs/MilPro,The Miller's Prologue 3183,DIFF,,10,u,S,u,Sx,u,S,uSu,S
data/riverside_cats/MilPro_riv.cat,data/oxford_txts/MilPro_oxford.txt,data/csvs/MilPro,The Miller's Prologue 3183,DIFF,,10,so@adv,ben@v%pt_3,the@def_art,reve@n,ek@adv,and@conj,other@pron,mo@adj%comp
data/riverside_cats/MilPro_riv.cat,data/oxford_txts/MilPro_oxford.txt,data/csvs/MilPro,The Miller's Prologue 3183,DIFF,,10,So,was,the,Reve,and,other,many,mo
data/riverside_cats/MilPro_riv.cat,data/oxford_txts/MilPro_oxford.txt,data/csvs/MilPro,The Miller's Prologue 3183,DIFF,,10,u,S,u,Sx,u,Su,Su,S
data/riverside_cats/MilPro_riv.cat,data/oxford_txts/MilPro_oxford.txt,data/csvs/MilPro,The Miller's Prologue 3183,DIFF,,10,so@adv,ben@v%pt_3,the@def_art,reve@n,and@conj,other@pron,,mo@adj%comp

And harlotrie they tolden bothe two.,||,And harlotrie° they tolden bothe two.
data/riverside_cats/MilPro_riv.cat,data/oxford_txts/MilPro_oxford.txt,data/csvs/MilPro,The Miller's Prologue 3184,,,10,And,harlotrie,they,tolden,bothe,two
data/riverside_cats/MilPro_riv.cat,data/oxford_txts/MilPro_oxford.txt,data/csvs/MilPro,The Miller's Prologue 3184,,,10,u,SuS,u,Su,Su,S
data/riverside_cats/MilPro_riv.cat,data/oxford_txts/MilPro_oxford.txt,data/csvs/MilPro,The Miller's Prologue 3184,,,10,and@conj,harlotrie@n,thei@pron%pl_nom,tellen@v%pt_pl,bothe@num_adj,two@num_adj
data/riverside_cats/MilPro_riv.cat,data/oxford_txts/MilPro_oxford.txt,data/csvs/MilPro,The Miller's Prologue 3184,,,10,And,harlotrie,they,tolden,bothe,two
data/riverside_cats/MilPro_riv.cat,data/oxford_txts/MilPro_oxford.txt,data/csvs/MilPro,The Miller's Prologue 3184,,,10,u,SuS,u,Su,Su,S
data/riverside_cats/MilPro_riv.cat,data/oxford_txts/MilPro_oxford.txt,data/csvs/MilPro,The Miller's Prologue 3184,,,10,and@conj,harlotrie@n,thei@pron%pl_nom,tellen@v%pt_pl,bothe@num_adj,two@num_adj

"Avyseth yow, and put me out of blame;",||,Aviseth yow° and put me out of blame;
data/riverside_cats/MilPro_riv.cat,data/oxford_txts/MilPro_oxford.txt,data/csvs/MilPro,The Miller's Prologue 3185,,,10,Avyseth,yow,and,put,me,out,of,blame
data/riverside_cats/MilPro_riv.cat,data/oxford_txts/MilPro_oxford.txt,data/csvs/MilPro,The Miller's Prologue 3185,,,10,uSu,S,u,S,u,S,u,Sx
data/riverside_cats/MilPro_riv.cat,data/oxford_txts/MilPro_oxford.txt,data/csvs/MilPro,The Miller's Prologue 3185,,,10,avisen@v%imp,you@pron%pl_obj,and@conj,putten@v%imp,me@pron2%obj,oute@adv#prep,of@prep,blame@n
data/riverside_cats/MilPro_riv.cat,data/oxford_txts/MilPro_oxford.txt,data/csvs/MilPro,The Miller's Prologue 3185,,,10,Aviseth,yow,and,put,me,out,of,blame
data/riverside_cats/MilPro_riv.cat,data/oxford_txts/MilPro_oxford.txt,data/csvs/MilPro,The Miller's Prologue 3185,,,10,uSu,S,u,S,u,S,u,Sx
data/riverside_cats/MilPro_riv.cat,data/oxford_txts/MilPro_oxford.txt,data/csvs/MilPro,The Miller's Prologue 3185,,,10,avisen@v%imp,you@pron%pl_obj,and@conj,putten@v%imp,me@pron2%obj,oute@adv#prep,of@prep,blame@n

And eek men shal nat maken ernest of game.,||,And eek men shal nat make ernest of game.°
data/riverside_cats/MilPro_riv.cat,data/oxford_txts/MilPro_oxford.txt,data/csvs/MilPro,The Miller's Prologue 3186,DIFF,green,10,And,eek,men,shal,nat,maken,ernest,of,game
data/riverside_cats/MilPro_riv.cat,data/oxford_txts/MilPro_oxford.txt,data/csvs/MilPro,The Miller's Prologue 3186,DIFF,green,10,u,S,u,S,u,Su,Sx,u,Sx
data/riverside_cats/MilPro_riv.cat,data/oxford_txts/MilPro_oxford.txt,data/csvs/MilPro,The Miller's Prologue 3186,DIFF,green,10,and@conj,ek@adv,man@n%pl,shulen@v1%pr_pl,not@adv,maken@v1%inf,ernest@n,of@prep,game@n
data/riverside_cats/MilPro_riv.cat,data/oxford_txts/MilPro_oxford.txt,data/csvs/MilPro,The Miller's Prologue 3186,DIFF,green,10,And,eek,men,shal,nat,make,ernest,of,game
data/riverside_cats/MilPro_riv.cat,data/oxford_txts/MilPro_oxford.txt,data/csvs/MilPro,The Miller's Prologue 3186,DIFF,green,10,u,S,u,S,u,Sx,uS,u,Sx
data/riverside_cats/MilPro_riv.cat,data/oxford_txts/MilPro_oxford.txt,data/csvs/MilPro,The Miller's Prologue 3186,DIFF,green,10,and@conj,ek@adv,man@n%pl,shulen@v1%pr_pl,not@adv,maken@v1%inf,ernest@n,of@prep,game@n

