"""Lordynges,"" quod he, ""in chirches whan I preche,",||,"¶Our Hoste gan to swere as he° were wood,°"
data/riverside_cats/PardPro_riv.cat,data/oxford_txts/PardPro_oxford.txt,data/csvs/PardPro,The Pardoner's Prologue 329,DIFF,,10,Lordynges,quod,he,in,chirches,whan,I,preche
data/riverside_cats/PardPro_riv.cat,data/oxford_txts/PardPro_oxford.txt,data/csvs/PardPro,The Pardoner's Prologue 329,DIFF,,10,uSu,S,u,S,ux,S,u,Sx
data/riverside_cats/PardPro_riv.cat,data/oxford_txts/PardPro_oxford.txt,data/csvs/PardPro,The Pardoner's Prologue 329,DIFF,,10,lordinge@n%pl,quethen@v%pt_3,he@pron1%nom,in@prep,chirche@n%pl,whan@adv&conj,ich@pron%nom,prechen@v%pr_1
data/riverside_cats/PardPro_riv.cat,data/oxford_txts/PardPro_oxford.txt,data/csvs/PardPro,The Pardoner's Prologue 329,DIFF,,10,Our,Hoste,gan,to,swere,as,he,were,wood
data/riverside_cats/PardPro_riv.cat,data/oxford_txts/PardPro_oxford.txt,data/csvs/PardPro,The Pardoner's Prologue 329,DIFF,,10,u,Sx,u,S,ux,S,u,Su,S
data/riverside_cats/PardPro_riv.cat,data/oxford_txts/PardPro_oxford.txt,data/csvs/PardPro,The Pardoner's Prologue 329,DIFF,,10,oure@pron%pl_gen,hoste@n2,,,,as@conj,he@pron1%nom,ich@pron%nom,

"I peyne me to han an hauteyn speche,",||,"“Harrow!”° quod he, “by nailes and by blood!"
data/riverside_cats/PardPro_riv.cat,data/oxford_txts/PardPro_oxford.txt,data/csvs/PardPro,The Pardoner's Prologue 330,DIFF,,10,I,peyne,me,to,han,an,hauteyn,speche
data/riverside_cats/PardPro_riv.cat,data/oxford_txts/PardPro_oxford.txt,data/csvs/PardPro,The Pardoner's Prologue 330,DIFF,,10,u,Su,S,u,S,u,Su,Sx
data/riverside_cats/PardPro_riv.cat,data/oxford_txts/PardPro_oxford.txt,data/csvs/PardPro,The Pardoner's Prologue 330,DIFF,,10,ich@pron%nom,peinen@v%pr_1,me@pron2%obj,to@part,haven@v%inf,a@indef_art,hautein@adj,speche@n
data/riverside_cats/PardPro_riv.cat,data/oxford_txts/PardPro_oxford.txt,data/csvs/PardPro,The Pardoner's Prologue 330,DIFF,,10,Harrow,quod,he,by,nailes,and,by,blood
data/riverside_cats/PardPro_riv.cat,data/oxford_txts/PardPro_oxford.txt,data/csvs/PardPro,The Pardoner's Prologue 330,DIFF,,10,uS,u,S,u,Su,S,u,S
data/riverside_cats/PardPro_riv.cat,data/oxford_txts/PardPro_oxford.txt,data/csvs/PardPro,The Pardoner's Prologue 330,DIFF,,10,harou@interj,,he@pron1%nom,,nail@n%pl,and@conj,,blod@n1

"And rynge it out as round as gooth a belle,",||,This was a fals cherl° and a fals justise!°
data/riverside_cats/PardPro_riv.cat,data/oxford_txts/PardPro_oxford.txt,data/csvs/PardPro,The Pardoner's Prologue 331,DIFF,,10,And,rynge,it,out,as,round,as,gooth,a,belle
data/riverside_cats/PardPro_riv.cat,data/oxford_txts/PardPro_oxford.txt,data/csvs/PardPro,The Pardoner's Prologue 331,DIFF,,10,u,Sx,u,S,u,S,u,S,u,Sx
data/riverside_cats/PardPro_riv.cat,data/oxford_txts/PardPro_oxford.txt,data/csvs/PardPro,The Pardoner's Prologue 331,DIFF,,10,and@conj,ringen@v2%inf,hit@pron,oute@adv,as@conj,rounde@adv,as@conj,gon@v%pr_3,a@indef_art,belle@n1
data/riverside_cats/PardPro_riv.cat,data/oxford_txts/PardPro_oxford.txt,data/csvs/PardPro,The Pardoner's Prologue 331,DIFF,,10,This,was,a,fals,cherl,and,a,fals,justise
data/riverside_cats/PardPro_riv.cat,data/oxford_txts/PardPro_oxford.txt,data/csvs/PardPro,The Pardoner's Prologue 331,DIFF,,10,u,S,u,S,u,S,u,S,uSx
data/riverside_cats/PardPro_riv.cat,data/oxford_txts/PardPro_oxford.txt,data/csvs/PardPro,The Pardoner's Prologue 331,DIFF,,10,,,a@indef_art,,cherl@n,and@conj,,,justice@n

For I kan al by rote that I telle.,||,As shamful deeth as herte may devise°
data/riverside_cats/PardPro_riv.cat,data/oxford_txts/PardPro_oxford.txt,data/csvs/PardPro,The Pardoner's Prologue 332,DIFF,,10,For,I,kan,al,by,rote,that,I,telle
data/riverside_cats/PardPro_riv.cat,data/oxford_txts/PardPro_oxford.txt,data/csvs/PardPro,The Pardoner's Prologue 332,DIFF,,10,u,S,u,S,u,Su,S,u,Sx
data/riverside_cats/PardPro_riv.cat,data/oxford_txts/PardPro_oxford.txt,data/csvs/PardPro,The Pardoner's Prologue 332,DIFF,,10,for@conj,ich@pron%nom,connen@v%pr_1,al@gram_adjas_n,bi@prep,rote@n2,that@pron,ich@pron%nom,tellen@v%pr_1
data/riverside_cats/PardPro_riv.cat,data/oxford_txts/PardPro_oxford.txt,data/csvs/PardPro,The Pardoner's Prologue 332,DIFF,,10,As,shamful,deeth,as,herte,may,devise
data/riverside_cats/PardPro_riv.cat,data/oxford_txts/PardPro_oxford.txt,data/csvs/PardPro,The Pardoner's Prologue 332,DIFF,,10,u,Su,S,u,Su,S,uSx
data/riverside_cats/PardPro_riv.cat,data/oxford_txts/PardPro_oxford.txt,data/csvs/PardPro,The Pardoner's Prologue 332,DIFF,,10,as@conj,shamefulle@adj,,as@conj,herte@n,,

"My theme is alwey oon, and evere was --",||,Come to thise juges and hir advocats!°
data/riverside_cats/PardPro_riv.cat,data/oxford_txts/PardPro_oxford.txt,data/csvs/PardPro,The Pardoner's Prologue 333,DIFF,,10,My,theme,is,alwey,oon,and,evere,was
data/riverside_cats/PardPro_riv.cat,data/oxford_txts/PardPro_oxford.txt,data/csvs/PardPro,The Pardoner's Prologue 333,DIFF,,10,u,Sx,u,Su,S,u,Sux,S
data/riverside_cats/PardPro_riv.cat,data/oxford_txts/PardPro_oxford.txt,data/csvs/PardPro,The Pardoner's Prologue 333,DIFF,,10,min@pron%gen,teme@n2,ben@v%pr_3,al-wei@adv,on@num_adj,and@conj,ever@adv,ben@v%pt_3,--@dash
data/riverside_cats/PardPro_riv.cat,data/oxford_txts/PardPro_oxford.txt,data/csvs/PardPro,The Pardoner's Prologue 333,DIFF,,10,Come,to,thise,juges,and,hir,advocats
data/riverside_cats/PardPro_riv.cat,data/oxford_txts/PardPro_oxford.txt,data/csvs/PardPro,The Pardoner's Prologue 333,DIFF,,10,ux,S,ux,Su,S,u,SuS
data/riverside_cats/PardPro_riv.cat,data/oxford_txts/PardPro_oxford.txt,data/csvs/PardPro,The Pardoner's Prologue 333,DIFF,,10,,--@dash,,juge@n1%gen,and@conj,--@dash,

Radix malorum est Cupiditas.,||,"Algate° this sely° maide is slain, allas!"
data/riverside_cats/PardPro_riv.cat,data/oxford_txts/PardPro_oxford.txt,data/csvs/PardPro,The Pardoner's Prologue 334,DIFF,,10,Radix,malorum,est,Cupiditas
data/riverside_cats/PardPro_riv.cat,data/oxford_txts/PardPro_oxford.txt,data/csvs/PardPro,The Pardoner's Prologue 334,DIFF,,10,uS,uSu,S,uSuS
data/riverside_cats/PardPro_riv.cat,data/oxford_txts/PardPro_oxford.txt,data/csvs/PardPro,The Pardoner's Prologue 334,DIFF,,10,radix@lat_n,malorum@lat_n,est@lat_v,cupiditas@lat_n
data/riverside_cats/PardPro_riv.cat,data/oxford_txts/PardPro_oxford.txt,data/csvs/PardPro,The Pardoner's Prologue 334,DIFF,,10,Algate,this,sely,maide,is,slain,allas
data/riverside_cats/PardPro_riv.cat,data/oxford_txts/PardPro_oxford.txt,data/csvs/PardPro,The Pardoner's Prologue 334,DIFF,,10,uSx,u,Su,Sx,u,S,uS
data/riverside_cats/PardPro_riv.cat,data/oxford_txts/PardPro_oxford.txt,data/csvs/PardPro,The Pardoner's Prologue 334,DIFF,,10,,,seli@adj,,ben@v%pr_3,,

"""First I pronounce whennes that I come,",||,Allas! to dere° boghte° she beautee!
data/riverside_cats/PardPro_riv.cat,data/oxford_txts/PardPro_oxford.txt,data/csvs/PardPro,The Pardoner's Prologue 335,DIFF,,10,First,I,pronounce,whennes,that,I,come
data/riverside_cats/PardPro_riv.cat,data/oxford_txts/PardPro_oxford.txt,data/csvs/PardPro,The Pardoner's Prologue 335,DIFF,,10,u,S,uSu,Su,S,u,Sx
data/riverside_cats/PardPro_riv.cat,data/oxford_txts/PardPro_oxford.txt,data/csvs/PardPro,The Pardoner's Prologue 335,DIFF,,10,first@adv,ich@pron%nom,pronouncen@v%pr_1,whennes@adv,that@part,ich@pron%nom,comen@v%pr_1
data/riverside_cats/PardPro_riv.cat,data/oxford_txts/PardPro_oxford.txt,data/csvs/PardPro,The Pardoner's Prologue 335,DIFF,,10,Allas,to,dere,boghte,she,beautee
data/riverside_cats/PardPro_riv.cat,data/oxford_txts/PardPro_oxford.txt,data/csvs/PardPro,The Pardoner's Prologue 335,DIFF,,10,uS,u,Su,Su,S,uS
data/riverside_cats/PardPro_riv.cat,data/oxford_txts/PardPro_oxford.txt,data/csvs/PardPro,The Pardoner's Prologue 335,DIFF,,10,,,,bien@v%pt_3,she@pron%nom,

"And thanne my bulles shewe I, alle and some.",||,"Wherfore I seye al day,° as men may see,"
data/riverside_cats/PardPro_riv.cat,data/oxford_txts/PardPro_oxford.txt,data/csvs/PardPro,The Pardoner's Prologue 336,DIFF,,10,And,thanne,my,bulles,shewe,I,alle,and,some
data/riverside_cats/PardPro_riv.cat,data/oxford_txts/PardPro_oxford.txt,data/csvs/PardPro,The Pardoner's Prologue 336,DIFF,,10,u,Sx,u,Su,Sx,u,Sx,u,Sx
data/riverside_cats/PardPro_riv.cat,data/oxford_txts/PardPro_oxford.txt,data/csvs/PardPro,The Pardoner's Prologue 336,DIFF,,10,and@conj,thanne@adv,min@pron%gen,bulle@n%pl,sheuen@v1%pr_1,ich@pron%nom,al@gram_adjas_n,and@conj,som@pron
data/riverside_cats/PardPro_riv.cat,data/oxford_txts/PardPro_oxford.txt,data/csvs/PardPro,The Pardoner's Prologue 336,DIFF,,10,Wherfore,I,seye,al,day,as,men,may,see
data/riverside_cats/PardPro_riv.cat,data/oxford_txts/PardPro_oxford.txt,data/csvs/PardPro,The Pardoner's Prologue 336,DIFF,,10,uSx,u,S,u,S,u,S,u,S
data/riverside_cats/PardPro_riv.cat,data/oxford_txts/PardPro_oxford.txt,data/csvs/PardPro,The Pardoner's Prologue 336,DIFF,,10,wher-for@adv,ich@pron%nom,,al@gram_adjas_n,dai@n,as@conj,,min@pron%gen,

"Oure lige lordes seel on my patente,",||,That yiftes° of fortune or of nature
data/riverside_cats/PardPro_riv.cat,data/oxford_txts/PardPro_oxford.txt,data/csvs/PardPro,The Pardoner's Prologue 337,DIFF,,10,Oure,lige,lordes,seel,on,my,patente
data/riverside_cats/PardPro_riv.cat,data/oxford_txts/PardPro_oxford.txt,data/csvs/PardPro,The Pardoner's Prologue 337,DIFF,,10,ux,Su,Su,S,u,S,uSx
data/riverside_cats/PardPro_riv.cat,data/oxford_txts/PardPro_oxford.txt,data/csvs/PardPro,The Pardoner's Prologue 337,DIFF,,10,oure@pron%pl_gen,lege@adj,lord@n%gen,sele@n3,on@prep,min@pron%gen,patente@n1
data/riverside_cats/PardPro_riv.cat,data/oxford_txts/PardPro_oxford.txt,data/csvs/PardPro,The Pardoner's Prologue 337,DIFF,,10,That,yiftes,of,fortune,or,of,nature
data/riverside_cats/PardPro_riv.cat,data/oxford_txts/PardPro_oxford.txt,data/csvs/PardPro,The Pardoner's Prologue 337,DIFF,,10,u,Su,S,uSx,u,S,uSx
data/riverside_cats/PardPro_riv.cat,data/oxford_txts/PardPro_oxford.txt,data/csvs/PardPro,The Pardoner's Prologue 337,DIFF,,10,,,of@prep,,oure@pron%pl_gen,of@prep,

"That shewe I first, my body to warente,",||,Ben cause of deeth to many a creature.
data/riverside_cats/PardPro_riv.cat,data/oxford_txts/PardPro_oxford.txt,data/csvs/PardPro,The Pardoner's Prologue 338,DIFF,,10,That,shewe,I,first,my,body,to,warente
data/riverside_cats/PardPro_riv.cat,data/oxford_txts/PardPro_oxford.txt,data/csvs/PardPro,The Pardoner's Prologue 338,DIFF,,10,u,Sx,u,S,u,Su,S,uSx
data/riverside_cats/PardPro_riv.cat,data/oxford_txts/PardPro_oxford.txt,data/csvs/PardPro,The Pardoner's Prologue 338,DIFF,,10,that@pron,sheuen@v1%pr_1,ich@pron%nom,first@adv,min@pron%gen,bodi@n,to@prep,waranten@v%inf
data/riverside_cats/PardPro_riv.cat,data/oxford_txts/PardPro_oxford.txt,data/csvs/PardPro,The Pardoner's Prologue 338,DIFF,,10,Ben,cause,of,deeth,to,many,a,creature
data/riverside_cats/PardPro_riv.cat,data/oxford_txts/PardPro_oxford.txt,data/csvs/PardPro,The Pardoner's Prologue 338,DIFF,,10,u,Sx,u,S,u,Sx,u,SuSx
data/riverside_cats/PardPro_riv.cat,data/oxford_txts/PardPro_oxford.txt,data/csvs/PardPro,The Pardoner's Prologue 338,DIFF,,10,,,of@prep,,to@prep,,ich@pron%nom,creature@n

"That no man be so boold, ne preest ne clerk,",||,"Hir beautee was hir deeth, I dar wel sayn;"
data/riverside_cats/PardPro_riv.cat,data/oxford_txts/PardPro_oxford.txt,data/csvs/PardPro,The Pardoner's Prologue 339,DIFF,,10,That,no,man,be,so,boold,ne,preest,ne,clerk
data/riverside_cats/PardPro_riv.cat,data/oxford_txts/PardPro_oxford.txt,data/csvs/PardPro,The Pardoner's Prologue 339,DIFF,,10,u,S,u,S,u,S,u,S,u,S
data/riverside_cats/PardPro_riv.cat,data/oxford_txts/PardPro_oxford.txt,data/csvs/PardPro,The Pardoner's Prologue 339,DIFF,,10,that@conj,no@gram_adj,man@n,ben@v%pr_3,so@adv,bold@adj,ne@conj1,prest@n3,ne@conj1,clerk@n
data/riverside_cats/PardPro_riv.cat,data/oxford_txts/PardPro_oxford.txt,data/csvs/PardPro,The Pardoner's Prologue 339,DIFF,,10,Hir,beautee,was,hir,deeth,I,dar,wel,sayn
data/riverside_cats/PardPro_riv.cat,data/oxford_txts/PardPro_oxford.txt,data/csvs/PardPro,The Pardoner's Prologue 339,DIFF,,10,u,Su,S,u,S,u,S,u,S
data/riverside_cats/PardPro_riv.cat,data/oxford_txts/PardPro_oxford.txt,data/csvs/PardPro,The Pardoner's Prologue 339,DIFF,,10,,,,,,ich@pron%nom,,so@adv,

Me to destourbe of Cristes hooly werk.,||,Allas! so pitously as she was slain!
data/riverside_cats/PardPro_riv.cat,data/oxford_txts/PardPro_oxford.txt,data/csvs/PardPro,The Pardoner's Prologue 340,DIFF,,10,Me,to,destourbe,of,Cristes,hooly,werk
data/riverside_cats/PardPro_riv.cat,data/oxford_txts/PardPro_oxford.txt,data/csvs/PardPro,The Pardoner's Prologue 340,DIFF,,10,u,S,uSx,u,Su,Su,S
data/riverside_cats/PardPro_riv.cat,data/oxford_txts/PardPro_oxford.txt,data/csvs/PardPro,The Pardoner's Prologue 340,DIFF,,10,me@pron2%obj,to@part,distourben@v%inf,of@prep,crist@n#propn%gen,holi@adj2,werk@n
data/riverside_cats/PardPro_riv.cat,data/oxford_txts/PardPro_oxford.txt,data/csvs/PardPro,The Pardoner's Prologue 340,DIFF,,10,Allas,so,pitously,as,she,was,slain
data/riverside_cats/PardPro_riv.cat,data/oxford_txts/PardPro_oxford.txt,data/csvs/PardPro,The Pardoner's Prologue 340,DIFF,,10,uS,u,SuS,u,S,u,S
data/riverside_cats/PardPro_riv.cat,data/oxford_txts/PardPro_oxford.txt,data/csvs/PardPro,The Pardoner's Prologue 340,DIFF,,10,,so@adv,pitousli@adv,as@conj,she@pron%nom,,

And after that thanne telle I forth my tales;,||,Of bothe yiftes that I speke of now
data/riverside_cats/PardPro_riv.cat,data/oxford_txts/PardPro_oxford.txt,data/csvs/PardPro,The Pardoner's Prologue 341,DIFF,,10,And,after,that,thanne,telle,I,forth,my,tales
data/riverside_cats/PardPro_riv.cat,data/oxford_txts/PardPro_oxford.txt,data/csvs/PardPro,The Pardoner's Prologue 341,DIFF,,10,u,Su,S,ux,Sx,u,S,u,Sx
data/riverside_cats/PardPro_riv.cat,data/oxford_txts/PardPro_oxford.txt,data/csvs/PardPro,The Pardoner's Prologue 341,DIFF,,10,and@conj,after@prep,that@pron,thanne@adv,tellen@v%pr_1,ich@pron%nom,forth@adv,min@pron%gen,tale@n%pl
data/riverside_cats/PardPro_riv.cat,data/oxford_txts/PardPro_oxford.txt,data/csvs/PardPro,The Pardoner's Prologue 341,DIFF,,10,Of,bothe,yiftes,that,I,speke,of,now
data/riverside_cats/PardPro_riv.cat,data/oxford_txts/PardPro_oxford.txt,data/csvs/PardPro,The Pardoner's Prologue 341,DIFF,,10,u,Su,Su,S,u,Sx,u,S
data/riverside_cats/PardPro_riv.cat,data/oxford_txts/PardPro_oxford.txt,data/csvs/PardPro,The Pardoner's Prologue 341,DIFF,,10,of@prep,,,that@pron,ich@pron%nom,,of@prep,

"Bulles of popes and of cardynales,",||,Men han ful ofte more harm than prow.°
data/riverside_cats/PardPro_riv.cat,data/oxford_txts/PardPro_oxford.txt,data/csvs/PardPro,The Pardoner's Prologue 342,DIFF,,10,Bulles,of,popes,and,of,cardynales
data/riverside_cats/PardPro_riv.cat,data/oxford_txts/PardPro_oxford.txt,data/csvs/PardPro,The Pardoner's Prologue 342,DIFF,,10,uS,u,Su,S,u,SuSx
data/riverside_cats/PardPro_riv.cat,data/oxford_txts/PardPro_oxford.txt,data/csvs/PardPro,The Pardoner's Prologue 342,DIFF,,10,bulle@n%pl,of@prep,pope@n%pl,and@conj,of@prep,cardinal@n%pl
data/riverside_cats/PardPro_riv.cat,data/oxford_txts/PardPro_oxford.txt,data/csvs/PardPro,The Pardoner's Prologue 342,DIFF,,10,Men,han,ful,ofte,more,harm,than,prow
data/riverside_cats/PardPro_riv.cat,data/oxford_txts/PardPro_oxford.txt,data/csvs/PardPro,The Pardoner's Prologue 342,DIFF,,10,u,S,u,Su,Su,S,u,S
data/riverside_cats/PardPro_riv.cat,data/oxford_txts/PardPro_oxford.txt,data/csvs/PardPro,The Pardoner's Prologue 342,DIFF,,10,,,,,of@prep,,,prou@n

"Of patriarkes and bishopes I shewe,",||,"But trewely, min owene maister dere,"
data/riverside_cats/PardPro_riv.cat,data/oxford_txts/PardPro_oxford.txt,data/csvs/PardPro,The Pardoner's Prologue 343,DIFF,,10,Of,patriarkes,and,bishopes,I,shewe
data/riverside_cats/PardPro_riv.cat,data/oxford_txts/PardPro_oxford.txt,data/csvs/PardPro,The Pardoner's Prologue 343,DIFF,,10,u,SuSu,S,uSx,u,Sx
data/riverside_cats/PardPro_riv.cat,data/oxford_txts/PardPro_oxford.txt,data/csvs/PardPro,The Pardoner's Prologue 343,DIFF,,10,of@prep,patriarke@n%pl,and@conj,bishop@n%pl,ich@pron%nom,sheuen@v1%pr_1
data/riverside_cats/PardPro_riv.cat,data/oxford_txts/PardPro_oxford.txt,data/csvs/PardPro,The Pardoner's Prologue 343,DIFF,,10,But,trewely,min,owene,maister,dere
data/riverside_cats/PardPro_riv.cat,data/oxford_txts/PardPro_oxford.txt,data/csvs/PardPro,The Pardoner's Prologue 343,DIFF,,10,u,SuS,u,Sux,Su,Sx
data/riverside_cats/PardPro_riv.cat,data/oxford_txts/PardPro_oxford.txt,data/csvs/PardPro,The Pardoner's Prologue 343,DIFF,,10,but@conj,,min@pron%gen,ouen@adj,,

"And in Latyn I speke a wordes fewe,",||,This is a pitous tale for to here.
data/riverside_cats/PardPro_riv.cat,data/oxford_txts/PardPro_oxford.txt,data/csvs/PardPro,The Pardoner's Prologue 344,DIFF,,10,And,in,Latyn,I,speke,a,wordes,fewe
data/riverside_cats/PardPro_riv.cat,data/oxford_txts/PardPro_oxford.txt,data/csvs/PardPro,The Pardoner's Prologue 344,DIFF,,10,u,S,uS,u,Sx,u,Su,Sx
data/riverside_cats/PardPro_riv.cat,data/oxford_txts/PardPro_oxford.txt,data/csvs/PardPro,The Pardoner's Prologue 344,DIFF,,10,and@conj,in@prep,latin@n,ich@pron%nom,speken@v%pr_1,a@indef_art,word@n%pl,feue@pron_gram_adj
data/riverside_cats/PardPro_riv.cat,data/oxford_txts/PardPro_oxford.txt,data/csvs/PardPro,The Pardoner's Prologue 344,DIFF,,10,This,is,a,pitous,tale,for,to,here
data/riverside_cats/PardPro_riv.cat,data/oxford_txts/PardPro_oxford.txt,data/csvs/PardPro,The Pardoner's Prologue 344,DIFF,,10,u,S,u,Su,Su,S,u,Sx
data/riverside_cats/PardPro_riv.cat,data/oxford_txts/PardPro_oxford.txt,data/csvs/PardPro,The Pardoner's Prologue 344,DIFF,,10,,ben@v%pr_3,ich@pron%nom,,,,,

"To saffron with my predicacioun,",||,"¶“But natheles, passe over,° is no fors;°"
data/riverside_cats/PardPro_riv.cat,data/oxford_txts/PardPro_oxford.txt,data/csvs/PardPro,The Pardoner's Prologue 345,DIFF,,10,To,saffron,with,my,predicacioun
data/riverside_cats/PardPro_riv.cat,data/oxford_txts/PardPro_oxford.txt,data/csvs/PardPro,The Pardoner's Prologue 345,DIFF,,10,u,Su,S,u,SuSuS
data/riverside_cats/PardPro_riv.cat,data/oxford_txts/PardPro_oxford.txt,data/csvs/PardPro,The Pardoner's Prologue 345,DIFF,,10,to@part,safrounen@v%inf,with@prep,min@pron%gen,predicacioun@n
data/riverside_cats/PardPro_riv.cat,data/oxford_txts/PardPro_oxford.txt,data/csvs/PardPro,The Pardoner's Prologue 345,DIFF,,10,But,natheles,passe,over,is,no,fors
data/riverside_cats/PardPro_riv.cat,data/oxford_txts/PardPro_oxford.txt,data/csvs/PardPro,The Pardoner's Prologue 345,DIFF,,10,u,SuS,ux,Su,S,u,S
data/riverside_cats/PardPro_riv.cat,data/oxford_txts/PardPro_oxford.txt,data/csvs/PardPro,The Pardoner's Prologue 345,DIFF,,10,but@conj,no-the-lesse@adv,,,ben@v%pr_3,,force@n

And for to stire hem to devocioun.,||,"I prey to God, so save° thy gentil° cors,°"
data/riverside_cats/PardPro_riv.cat,data/oxford_txts/PardPro_oxford.txt,data/csvs/PardPro,The Pardoner's Prologue 346,DIFF,,10,And,for,to,stire,hem,to,devocioun
data/riverside_cats/PardPro_riv.cat,data/oxford_txts/PardPro_oxford.txt,data/csvs/PardPro,The Pardoner's Prologue 346,DIFF,,10,u,S,u,Sx,u,S,uSuS
data/riverside_cats/PardPro_riv.cat,data/oxford_txts/PardPro_oxford.txt,data/csvs/PardPro,The Pardoner's Prologue 346,DIFF,,10,and@conj,for@prep#adv,to@part,stiren@v%inf,hem@pron%pl_obj,to@prep,devocioun@n
data/riverside_cats/PardPro_riv.cat,data/oxford_txts/PardPro_oxford.txt,data/csvs/PardPro,The Pardoner's Prologue 346,DIFF,,10,I,prey,to,God,so,save,thy,gentil,cors
data/riverside_cats/PardPro_riv.cat,data/oxford_txts/PardPro_oxford.txt,data/csvs/PardPro,The Pardoner's Prologue 346,DIFF,,10,u,S,u,S,u,Sx,u,Su,S
data/riverside_cats/PardPro_riv.cat,data/oxford_txts/PardPro_oxford.txt,data/csvs/PardPro,The Pardoner's Prologue 346,DIFF,,10,ich@pron%nom,,to@part,,so@adv,,thin@pron%gen,,cors@n

"Thanne shewe I forth my longe cristal stones,",||,"And eek thine urinals° and thy jordanes,°"
data/riverside_cats/PardPro_riv.cat,data/oxford_txts/PardPro_oxford.txt,data/csvs/PardPro,The Pardoner's Prologue 347,DIFF,,10,Thanne,shewe,I,forth,my,longe,cristal,stones
data/riverside_cats/PardPro_riv.cat,data/oxford_txts/PardPro_oxford.txt,data/csvs/PardPro,The Pardoner's Prologue 347,DIFF,,10,ux,Sx,u,S,u,Sx,uS,uS
data/riverside_cats/PardPro_riv.cat,data/oxford_txts/PardPro_oxford.txt,data/csvs/PardPro,The Pardoner's Prologue 347,DIFF,,10,thanne@adv,sheuen@v1%pr_1,ich@pron%nom,forth@adv,min@pron%gen,long@adj1,cristal@adj,ston@n%pl
data/riverside_cats/PardPro_riv.cat,data/oxford_txts/PardPro_oxford.txt,data/csvs/PardPro,The Pardoner's Prologue 347,DIFF,,10,And,eek,thine,urinals,and,thy,jordanes
data/riverside_cats/PardPro_riv.cat,data/oxford_txts/PardPro_oxford.txt,data/csvs/PardPro,The Pardoner's Prologue 347,DIFF,,10,u,S,ux,SuS,u,S,uSx
data/riverside_cats/PardPro_riv.cat,data/oxford_txts/PardPro_oxford.txt,data/csvs/PardPro,The Pardoner's Prologue 347,DIFF,,10,and@conj,ek@adv,thanne@adv,,and@conj,thin@pron%gen,

Ycrammed ful of cloutes and of bones --,||,"Thin ipocras,° and eek thy galianes,°"
data/riverside_cats/PardPro_riv.cat,data/oxford_txts/PardPro_oxford.txt,data/csvs/PardPro,The Pardoner's Prologue 348,DIFF,,10,Ycrammed,ful,of,cloutes,and,of,bones
data/riverside_cats/PardPro_riv.cat,data/oxford_txts/PardPro_oxford.txt,data/csvs/PardPro,The Pardoner's Prologue 348,DIFF,,10,uSu,S,u,Su,S,u,Sx
data/riverside_cats/PardPro_riv.cat,data/oxford_txts/PardPro_oxford.txt,data/csvs/PardPro,The Pardoner's Prologue 348,DIFF,,10,crammen@v%ppl_abs,ful@adj,of@prep,clout@n1%pl,and@conj,of@prep,bon@n1%pl,--@dash
data/riverside_cats/PardPro_riv.cat,data/oxford_txts/PardPro_oxford.txt,data/csvs/PardPro,The Pardoner's Prologue 348,DIFF,,10,Thin,ipocras,and,eek,thy,galianes
data/riverside_cats/PardPro_riv.cat,data/oxford_txts/PardPro_oxford.txt,data/csvs/PardPro,The Pardoner's Prologue 348,DIFF,,10,u,SuS,u,S,u,SuSx
data/riverside_cats/PardPro_riv.cat,data/oxford_txts/PardPro_oxford.txt,data/csvs/PardPro,The Pardoner's Prologue 348,DIFF,,10,,ipocras@n,and@conj,ek@adv,thin@pron%gen,

"Relikes been they, as wenen they echoon.",||,And every boist° ful of thy letuarie;°
data/riverside_cats/PardPro_riv.cat,data/oxford_txts/PardPro_oxford.txt,data/csvs/PardPro,The Pardoner's Prologue 349,DIFF,,10,Relikes,been,they,as,wenen,they,echoon
data/riverside_cats/PardPro_riv.cat,data/oxford_txts/PardPro_oxford.txt,data/csvs/PardPro,The Pardoner's Prologue 349,DIFF,,10,uSu,S,u,S,ux,S,uS
data/riverside_cats/PardPro_riv.cat,data/oxford_txts/PardPro_oxford.txt,data/csvs/PardPro,The Pardoner's Prologue 349,DIFF,,10,relik@n%pl,ben@v%pr_pl,thei@pron%pl_nom,as@conj,wenen@v2%pr_pl,thei@pron%pl_nom,ech_on@pron
data/riverside_cats/PardPro_riv.cat,data/oxford_txts/PardPro_oxford.txt,data/csvs/PardPro,The Pardoner's Prologue 349,DIFF,,0,And,every,boist,ful,of,thy,letuarie
data/riverside_cats/PardPro_riv.cat,data/oxford_txts/PardPro_oxford.txt,data/csvs/PardPro,The Pardoner's Prologue 349,DIFF,,0,,,,,,,
data/riverside_cats/PardPro_riv.cat,data/oxford_txts/PardPro_oxford.txt,data/csvs/PardPro,The Pardoner's Prologue 349,DIFF,,0,and@conj,everi@pron_gram_adj,,,of@prep,thei@pron%pl_nom,letuarie@n

Thanne have I in latoun a sholder-boon,||,"God blesse hem, and our lady Seint Marie!"
data/riverside_cats/PardPro_riv.cat,data/oxford_txts/PardPro_oxford.txt,data/csvs/PardPro,The Pardoner's Prologue 350,DIFF,,10,Thanne,have,I,in,latoun,a,sholderboon
data/riverside_cats/PardPro_riv.cat,data/oxford_txts/PardPro_oxford.txt,data/csvs/PardPro,The Pardoner's Prologue 350,DIFF,,10,ux,Sx,u,S,uS,u,SuS
data/riverside_cats/PardPro_riv.cat,data/oxford_txts/PardPro_oxford.txt,data/csvs/PardPro,The Pardoner's Prologue 350,DIFF,,10,thanne@adv,haven@v%pr_1,ich@pron%nom,in@prep,latoun@n,a@indef_art,shulder-bon@n
data/riverside_cats/PardPro_riv.cat,data/oxford_txts/PardPro_oxford.txt,data/csvs/PardPro,The Pardoner's Prologue 350,DIFF,,10,God,blesse,hem,and,our,lady,Seint,Marie
data/riverside_cats/PardPro_riv.cat,data/oxford_txts/PardPro_oxford.txt,data/csvs/PardPro,The Pardoner's Prologue 350,DIFF,,10,u,Sx,u,S,u,Su,S,uS
data/riverside_cats/PardPro_riv.cat,data/oxford_txts/PardPro_oxford.txt,data/csvs/PardPro,The Pardoner's Prologue 350,DIFF,,10,,,hem@pron%pl_obj,and@conj,oure@pron%pl_gen,,,marie@n1#propn

Which that was of an hooly Jewes sheep.,||,"So mot I theen,° thou art a propre° man,"
data/riverside_cats/PardPro_riv.cat,data/oxford_txts/PardPro_oxford.txt,data/csvs/PardPro,The Pardoner's Prologue 351,DIFF,,10,Which,that,was,of,an,hooly,Jewes,sheep
data/riverside_cats/PardPro_riv.cat,data/oxford_txts/PardPro_oxford.txt,data/csvs/PardPro,The Pardoner's Prologue 351,DIFF,,10,u,S,u,S,u,Su,Su,S
data/riverside_cats/PardPro_riv.cat,data/oxford_txts/PardPro_oxford.txt,data/csvs/PardPro,The Pardoner's Prologue 351,DIFF,,10,which@pron,that@pron,ben@v%pt_3,of@prep,a@indef_art,holi@adj2,jeu@n%gen,shep@n
data/riverside_cats/PardPro_riv.cat,data/oxford_txts/PardPro_oxford.txt,data/csvs/PardPro,The Pardoner's Prologue 351,DIFF,,10,So,mot,I,theen,thou,art,a,propre,man
data/riverside_cats/PardPro_riv.cat,data/oxford_txts/PardPro_oxford.txt,data/csvs/PardPro,The Pardoner's Prologue 351,DIFF,,10,u,S,u,S,u,S,u,Su,S
data/riverside_cats/PardPro_riv.cat,data/oxford_txts/PardPro_oxford.txt,data/csvs/PardPro,The Pardoner's Prologue 351,DIFF,,10,so@adv,,ich@pron%nom,,thou@pron%nom,,a@indef_art,propre@adj,man@n

"`Goode men,' I seye, `taak of my wordes keep;",||,"And lik a prelat,° by Seint Ronian!"
data/riverside_cats/PardPro_riv.cat,data/oxford_txts/PardPro_oxford.txt,data/csvs/PardPro,The Pardoner's Prologue 352,DIFF,,10,Goode,men,I,seye,taak,of,my,wordes,keep
data/riverside_cats/PardPro_riv.cat,data/oxford_txts/PardPro_oxford.txt,data/csvs/PardPro,The Pardoner's Prologue 352,DIFF,,10,ux,S,u,S,u,S,u,Su,S
data/riverside_cats/PardPro_riv.cat,data/oxford_txts/PardPro_oxford.txt,data/csvs/PardPro,The Pardoner's Prologue 352,DIFF,,10,god@adj,man@n%pl,ich@pron%nom,seien@v1%pr_1,taken@v%imp,of@prep,min@pron%gen,word@n%pl,kep@n
data/riverside_cats/PardPro_riv.cat,data/oxford_txts/PardPro_oxford.txt,data/csvs/PardPro,The Pardoner's Prologue 352,DIFF,,10,And,lik,a,prelat,by,Seint,Ronian
data/riverside_cats/PardPro_riv.cat,data/oxford_txts/PardPro_oxford.txt,data/csvs/PardPro,The Pardoner's Prologue 352,DIFF,,10,u,S,u,Su,S,u,SuS
data/riverside_cats/PardPro_riv.cat,data/oxford_txts/PardPro_oxford.txt,data/csvs/PardPro,The Pardoner's Prologue 352,DIFF,,10,and@conj,,ich@pron%nom,prelate@n,,,

"If that this boon be wasshe in any welle,",||,Seide I nat wel? I can nat speke in terme;°
data/riverside_cats/PardPro_riv.cat,data/oxford_txts/PardPro_oxford.txt,data/csvs/PardPro,The Pardoner's Prologue 353,DIFF,,10,If,that,this,boon,be,wasshe,in,any,welle
data/riverside_cats/PardPro_riv.cat,data/oxford_txts/PardPro_oxford.txt,data/csvs/PardPro,The Pardoner's Prologue 353,DIFF,,10,u,S,u,S,u,Sx,u,Su,Sx
data/riverside_cats/PardPro_riv.cat,data/oxford_txts/PardPro_oxford.txt,data/csvs/PardPro,The Pardoner's Prologue 353,DIFF,,10,if@conj,that@conj,this@gram_adj,bon@n1,ben@v%pr_3,washen@v%ppl,in@prep,ani@gram_adj,welle@n
data/riverside_cats/PardPro_riv.cat,data/oxford_txts/PardPro_oxford.txt,data/csvs/PardPro,The Pardoner's Prologue 353,DIFF,,10,Seide,I,nat,wel,I,can,nat,speke,in,terme
data/riverside_cats/PardPro_riv.cat,data/oxford_txts/PardPro_oxford.txt,data/csvs/PardPro,The Pardoner's Prologue 353,DIFF,,10,ux,S,u,S,u,S,u,Sx,u,Sx
data/riverside_cats/PardPro_riv.cat,data/oxford_txts/PardPro_oxford.txt,data/csvs/PardPro,The Pardoner's Prologue 353,DIFF,,10,,ich@pron%nom,not@adv,welle@n,ich@pron%nom,,not@adv,,in@prep,terme@n

"If cow, or calf, or sheep, or oxe swelle",||,"But wel I woot, thou doost° my hert to erme,°"
data/riverside_cats/PardPro_riv.cat,data/oxford_txts/PardPro_oxford.txt,data/csvs/PardPro,The Pardoner's Prologue 354,DIFF,,10,If,cow,or,calf,or,sheep,or,oxe,swelle
data/riverside_cats/PardPro_riv.cat,data/oxford_txts/PardPro_oxford.txt,data/csvs/PardPro,The Pardoner's Prologue 354,DIFF,,10,u,S,u,S,u,S,u,Su,Sx
data/riverside_cats/PardPro_riv.cat,data/oxford_txts/PardPro_oxford.txt,data/csvs/PardPro,The Pardoner's Prologue 354,DIFF,,10,if@conj,cou@n,or@conj,calf@n1,or@conj,shep@n,or@conj,oxe@n,swellen@v%pr_3
data/riverside_cats/PardPro_riv.cat,data/oxford_txts/PardPro_oxford.txt,data/csvs/PardPro,The Pardoner's Prologue 354,DIFF,,10,But,wel,I,woot,thou,doost,my,hert,to,erme
data/riverside_cats/PardPro_riv.cat,data/oxford_txts/PardPro_oxford.txt,data/csvs/PardPro,The Pardoner's Prologue 354,DIFF,,10,u,S,u,S,u,S,u,S,u,Sx
data/riverside_cats/PardPro_riv.cat,data/oxford_txts/PardPro_oxford.txt,data/csvs/PardPro,The Pardoner's Prologue 354,DIFF,,10,but@conj,,ich@pron%nom,or@conj,thou@pron%nom,,min@pron%gen,,,

"That any worm hath ete, or worm ystonge,",||,That I almost have caught a cardinacle.°
data/riverside_cats/PardPro_riv.cat,data/oxford_txts/PardPro_oxford.txt,data/csvs/PardPro,The Pardoner's Prologue 355,DIFF,,10,That,any,worm,hath,ete,or,worm,ystonge
data/riverside_cats/PardPro_riv.cat,data/oxford_txts/PardPro_oxford.txt,data/csvs/PardPro,The Pardoner's Prologue 355,DIFF,,10,u,Su,S,u,Sx,u,S,uSx
data/riverside_cats/PardPro_riv.cat,data/oxford_txts/PardPro_oxford.txt,data/csvs/PardPro,The Pardoner's Prologue 355,DIFF,,10,that@pron,ani@gram_adj,worm@n,haven@v%pr_3,eten@v%ppl,or@conj,worm@n,stingen@v%ppl
data/riverside_cats/PardPro_riv.cat,data/oxford_txts/PardPro_oxford.txt,data/csvs/PardPro,The Pardoner's Prologue 355,DIFF,,10,That,I,almost,have,caught,a,cardinacle
data/riverside_cats/PardPro_riv.cat,data/oxford_txts/PardPro_oxford.txt,data/csvs/PardPro,The Pardoner's Prologue 355,DIFF,,10,u,S,uS,ux,S,u,SuSx
data/riverside_cats/PardPro_riv.cat,data/oxford_txts/PardPro_oxford.txt,data/csvs/PardPro,The Pardoner's Prologue 355,DIFF,,10,that@pron,ich@pron%nom,al-most@adv,haven@v%pr_3,,,

"Taak water of that welle and wassh his tonge,",||,"By corpus bones!° but° I have triacle,°"
data/riverside_cats/PardPro_riv.cat,data/oxford_txts/PardPro_oxford.txt,data/csvs/PardPro,The Pardoner's Prologue 356,DIFF,,10,Taak,water,of,that,welle,and,wassh,his,tonge
data/riverside_cats/PardPro_riv.cat,data/oxford_txts/PardPro_oxford.txt,data/csvs/PardPro,The Pardoner's Prologue 356,DIFF,,10,u,Su,S,u,Sx,u,S,u,Sx
data/riverside_cats/PardPro_riv.cat,data/oxford_txts/PardPro_oxford.txt,data/csvs/PardPro,The Pardoner's Prologue 356,DIFF,,10,taken@v%imp,water@n,of@prep,that@art&gram_adj,welle@n,and@conj,washen@v%imp,his@pron1%gen,tonge@n2
data/riverside_cats/PardPro_riv.cat,data/oxford_txts/PardPro_oxford.txt,data/csvs/PardPro,The Pardoner's Prologue 356,DIFF,,10,By,corpus,bones,but,I,have,triacle
data/riverside_cats/PardPro_riv.cat,data/oxford_txts/PardPro_oxford.txt,data/csvs/PardPro,The Pardoner's Prologue 356,DIFF,,10,u,Su,Su,S,u,Sx,uSx
data/riverside_cats/PardPro_riv.cat,data/oxford_txts/PardPro_oxford.txt,data/csvs/PardPro,The Pardoner's Prologue 356,DIFF,,10,,cors@n,bon@n1%pl,but@conj,ich@pron%nom,,

"And it is hool anon; and forthermoore,",||,"Or elles a draught° of moiste° and corny° ale,"
data/riverside_cats/PardPro_riv.cat,data/oxford_txts/PardPro_oxford.txt,data/csvs/PardPro,The Pardoner's Prologue 357,DIFF,,10,And,it,is,hool,anon,and,forthermoore
data/riverside_cats/PardPro_riv.cat,data/oxford_txts/PardPro_oxford.txt,data/csvs/PardPro,The Pardoner's Prologue 357,DIFF,,10,u,S,u,S,uS,u,SuSx
data/riverside_cats/PardPro_riv.cat,data/oxford_txts/PardPro_oxford.txt,data/csvs/PardPro,The Pardoner's Prologue 357,DIFF,,10,and@conj,hit@pron,ben@v%pr_3,hole@adj2,an-on@adv,and@conj,further_more@adv
data/riverside_cats/PardPro_riv.cat,data/oxford_txts/PardPro_oxford.txt,data/csvs/PardPro,The Pardoner's Prologue 357,DIFF,,10,Or,elles,a,draught,of,moiste,and,corny,ale
data/riverside_cats/PardPro_riv.cat,data/oxford_txts/PardPro_oxford.txt,data/csvs/PardPro,The Pardoner's Prologue 357,DIFF,,10,u,Su,S,u,S,ux,S,ux,Sx
data/riverside_cats/PardPro_riv.cat,data/oxford_txts/PardPro_oxford.txt,data/csvs/PardPro,The Pardoner's Prologue 357,DIFF,,10,,,ben@v%pr_3,draught@n,of@prep,,and@conj,,ale@n

"Of pokkes and of scabbe, and every soore",||,"Or but° I here anon° a mery tale,"
data/riverside_cats/PardPro_riv.cat,data/oxford_txts/PardPro_oxford.txt,data/csvs/PardPro,The Pardoner's Prologue 358,DIFF,,10,Of,pokkes,and,of,scabbe,and,every,soore
data/riverside_cats/PardPro_riv.cat,data/oxford_txts/PardPro_oxford.txt,data/csvs/PardPro,The Pardoner's Prologue 358,DIFF,,10,u,Su,S,u,Sx,u,Sxu,Sx
data/riverside_cats/PardPro_riv.cat,data/oxford_txts/PardPro_oxford.txt,data/csvs/PardPro,The Pardoner's Prologue 358,DIFF,,10,of@prep,pok@n%pl,and@conj,of@prep,scabbe@n,and@conj,everi@pron_gram_adj,sore@n1
data/riverside_cats/PardPro_riv.cat,data/oxford_txts/PardPro_oxford.txt,data/csvs/PardPro,The Pardoner's Prologue 358,DIFF,,10,Or,but,I,here,anon,a,mery,tale
data/riverside_cats/PardPro_riv.cat,data/oxford_txts/PardPro_oxford.txt,data/csvs/PardPro,The Pardoner's Prologue 358,DIFF,,10,u,S,u,Sx,uS,u,Su,Sx
data/riverside_cats/PardPro_riv.cat,data/oxford_txts/PardPro_oxford.txt,data/csvs/PardPro,The Pardoner's Prologue 358,DIFF,,10,,but@conj,ich@pron%nom,,an-on@adv,,,

Shal every sheep be hool that of this welle,||,Min herte is lost for° pitee of this maide.
data/riverside_cats/PardPro_riv.cat,data/oxford_txts/PardPro_oxford.txt,data/csvs/PardPro,The Pardoner's Prologue 359,DIFF,,10,Shal,every,sheep,be,hool,that,of,this,welle
data/riverside_cats/PardPro_riv.cat,data/oxford_txts/PardPro_oxford.txt,data/csvs/PardPro,The Pardoner's Prologue 359,DIFF,,10,u,Sxu,S,u,S,u,S,u,Sx
data/riverside_cats/PardPro_riv.cat,data/oxford_txts/PardPro_oxford.txt,data/csvs/PardPro,The Pardoner's Prologue 359,DIFF,,10,shulen@v1%pr_3,everi@pron_gram_adj,shep@n,ben@v%inf,hole@adj2,that@pron,of@prep,this@gram_adj,welle@n
data/riverside_cats/PardPro_riv.cat,data/oxford_txts/PardPro_oxford.txt,data/csvs/PardPro,The Pardoner's Prologue 359,DIFF,,10,Min,herte,is,lost,for,pitee,of,this,maide
data/riverside_cats/PardPro_riv.cat,data/oxford_txts/PardPro_oxford.txt,data/csvs/PardPro,The Pardoner's Prologue 359,DIFF,,10,u,Sx,u,S,u,Su,S,u,Sx
data/riverside_cats/PardPro_riv.cat,data/oxford_txts/PardPro_oxford.txt,data/csvs/PardPro,The Pardoner's Prologue 359,DIFF,,10,min@pron%gen,herte@n,ben@v%pr_3,,,,of@prep,this@gram_adj,

Drynketh a draughte. Taak kep eek what I telle:,||,"¶“Thou bel ami,° thou Pardoner,” he seide,"
data/riverside_cats/PardPro_riv.cat,data/oxford_txts/PardPro_oxford.txt,data/csvs/PardPro,The Pardoner's Prologue 360,DIFF,,10,Drynketh,a,draughte,Taak,kep,eek,what,I,telle
data/riverside_cats/PardPro_riv.cat,data/oxford_txts/PardPro_oxford.txt,data/csvs/PardPro,The Pardoner's Prologue 360,DIFF,,10,uS,u,Sx,u,S,u,S,u,Sx
data/riverside_cats/PardPro_riv.cat,data/oxford_txts/PardPro_oxford.txt,data/csvs/PardPro,The Pardoner's Prologue 360,DIFF,,10,drinken@v%pr_3,a@indef_art,draught@n,taken@v%imp,kep@n,ek@adv,what@pron,ich@pron%nom,tellen@v%pr_1
data/riverside_cats/PardPro_riv.cat,data/oxford_txts/PardPro_oxford.txt,data/csvs/PardPro,The Pardoner's Prologue 360,DIFF,,10,Thou,bel,ami,thou,Pardoner,he,seide
data/riverside_cats/PardPro_riv.cat,data/oxford_txts/PardPro_oxford.txt,data/csvs/PardPro,The Pardoner's Prologue 360,DIFF,,10,u,S,uS,u,SuS,u,Sx
data/riverside_cats/PardPro_riv.cat,data/oxford_txts/PardPro_oxford.txt,data/csvs/PardPro,The Pardoner's Prologue 360,DIFF,,10,thou@pron%nom,,,thou@pron%nom,pardoner@n,he@pron1%nom,

If that the good-man that the beestes oweth,||,“Tel us som mirthe° or japes° right anon.”
data/riverside_cats/PardPro_riv.cat,data/oxford_txts/PardPro_oxford.txt,data/csvs/PardPro,The Pardoner's Prologue 361,DIFF,,10,If,that,the,goodman,that,the,beestes,oweth
data/riverside_cats/PardPro_riv.cat,data/oxford_txts/PardPro_oxford.txt,data/csvs/PardPro,The Pardoner's Prologue 361,DIFF,,10,u,S,u,Su,S,u,Su,Sx
data/riverside_cats/PardPro_riv.cat,data/oxford_txts/PardPro_oxford.txt,data/csvs/PardPro,The Pardoner's Prologue 361,DIFF,,10,if@conj,that@conj,the@def_art,god_man@n,that@pron,the@def_art,beste@n%pl,ouen@v%pr_3
data/riverside_cats/PardPro_riv.cat,data/oxford_txts/PardPro_oxford.txt,data/csvs/PardPro,The Pardoner's Prologue 361,DIFF,,10,Tel,us,som,mirthe,or,japes,right,anon
data/riverside_cats/PardPro_riv.cat,data/oxford_txts/PardPro_oxford.txt,data/csvs/PardPro,The Pardoner's Prologue 361,DIFF,,10,u,S,u,Sx,u,Su,S,uS
data/riverside_cats/PardPro_riv.cat,data/oxford_txts/PardPro_oxford.txt,data/csvs/PardPro,The Pardoner's Prologue 361,DIFF,,10,,us@pron%pl_obj,,mirthe@n,,jape@n%pl,,an-on@adv

"Wol every wyke, er that the cok hym croweth,",||,"“It shall be doon,” quod he, “by Seint Ronion!"
data/riverside_cats/PardPro_riv.cat,data/oxford_txts/PardPro_oxford.txt,data/csvs/PardPro,The Pardoner's Prologue 362,DIFF,,10,Wol,every,wyke,er,that,the,cok,hym,croweth
data/riverside_cats/PardPro_riv.cat,data/oxford_txts/PardPro_oxford.txt,data/csvs/PardPro,The Pardoner's Prologue 362,DIFF,,10,u,Sxu,Sx,u,S,u,S,u,Sx
data/riverside_cats/PardPro_riv.cat,data/oxford_txts/PardPro_oxford.txt,data/csvs/PardPro,The Pardoner's Prologue 362,DIFF,,10,willen@v%pr_3,everi@pron_gram_adj,weke@n,er@conj1,that@conj,the@def_art,cok@n1,him@pron%obj,crouen@v%pr_3
data/riverside_cats/PardPro_riv.cat,data/oxford_txts/PardPro_oxford.txt,data/csvs/PardPro,The Pardoner's Prologue 362,DIFF,,0,It,shall,be,doon,quod,he,by,Seint,Ronion
data/riverside_cats/PardPro_riv.cat,data/oxford_txts/PardPro_oxford.txt,data/csvs/PardPro,The Pardoner's Prologue 362,DIFF,,0,,,,,,,,,
data/riverside_cats/PardPro_riv.cat,data/oxford_txts/PardPro_oxford.txt,data/csvs/PardPro,The Pardoner's Prologue 362,DIFF,,0,hit@pron,,,,,he@pron1%nom,that@conj,,

"Fastynge, drynken of this welle a draughte,",||,"But first,” quod he, “heer at this ale stake°"
data/riverside_cats/PardPro_riv.cat,data/oxford_txts/PardPro_oxford.txt,data/csvs/PardPro,The Pardoner's Prologue 363,DIFF,,10,Fastynge,drynken,of,this,welle,a,draughte
data/riverside_cats/PardPro_riv.cat,data/oxford_txts/PardPro_oxford.txt,data/csvs/PardPro,The Pardoner's Prologue 363,DIFF,,10,uSu,Su,S,u,Sx,u,Sx
data/riverside_cats/PardPro_riv.cat,data/oxford_txts/PardPro_oxford.txt,data/csvs/PardPro,The Pardoner's Prologue 363,DIFF,,10,fasten@v2%prp_abs,drinken@v%inf,of@prep,this@gram_adj,welle@n,a@indef_art,draught@n
data/riverside_cats/PardPro_riv.cat,data/oxford_txts/PardPro_oxford.txt,data/csvs/PardPro,The Pardoner's Prologue 363,DIFF,,10,But,first,quod,he,heer,at,this,ale,stake
data/riverside_cats/PardPro_riv.cat,data/oxford_txts/PardPro_oxford.txt,data/csvs/PardPro,The Pardoner's Prologue 363,DIFF,,10,u,S,u,S,u,S,u,Su,Sx
data/riverside_cats/PardPro_riv.cat,data/oxford_txts/PardPro_oxford.txt,data/csvs/PardPro,The Pardoner's Prologue 363,DIFF,,10,but@conj,,,he@pron1%nom,,at@prep,this@gram_adj,ale@n,stake@n

"As thilke hooly Jew oure eldres taughte,",||,"I wol both drinke, and eten° of a cake.”°"
data/riverside_cats/PardPro_riv.cat,data/oxford_txts/PardPro_oxford.txt,data/csvs/PardPro,The Pardoner's Prologue 364,DIFF,,10,As,thilke,hooly,Jew,oure,eldres,taughte
data/riverside_cats/PardPro_riv.cat,data/oxford_txts/PardPro_oxford.txt,data/csvs/PardPro,The Pardoner's Prologue 364,DIFF,,10,u,Sx,uS,u,Su,Su,Sx
data/riverside_cats/PardPro_riv.cat,data/oxford_txts/PardPro_oxford.txt,data/csvs/PardPro,The Pardoner's Prologue 364,DIFF,,10,as@conj,thilke@gram_adj,holi@adj2,jeu@n,oure@pron%pl_gen,eldre@n%pl,techen@v%pt_3
data/riverside_cats/PardPro_riv.cat,data/oxford_txts/PardPro_oxford.txt,data/csvs/PardPro,The Pardoner's Prologue 364,DIFF,,10,I,wol,both,drinke,and,eten,of,a,cake
data/riverside_cats/PardPro_riv.cat,data/oxford_txts/PardPro_oxford.txt,data/csvs/PardPro,The Pardoner's Prologue 364,DIFF,,10,u,S,u,Sx,u,Su,S,u,Sx
data/riverside_cats/PardPro_riv.cat,data/oxford_txts/PardPro_oxford.txt,data/csvs/PardPro,The Pardoner's Prologue 364,DIFF,,10,ich@pron%nom,,,,and@conj,,of@prep,,cake@n

His beestes and his stoor shal multiplie.,||,"And right anon the gentils° gonne crie,"
data/riverside_cats/PardPro_riv.cat,data/oxford_txts/PardPro_oxford.txt,data/csvs/PardPro,The Pardoner's Prologue 365,DIFF,,10,His,beestes,and,his,stoor,shal,multiplie
data/riverside_cats/PardPro_riv.cat,data/oxford_txts/PardPro_oxford.txt,data/csvs/PardPro,The Pardoner's Prologue 365,DIFF,,10,u,Su,S,u,S,u,SuS
data/riverside_cats/PardPro_riv.cat,data/oxford_txts/PardPro_oxford.txt,data/csvs/PardPro,The Pardoner's Prologue 365,DIFF,,10,his@pron1%gen,beste@n%pl,and@conj,his@pron1%gen,store@n1,shulen@v1%pr_3,multiplien@v%inf
data/riverside_cats/PardPro_riv.cat,data/oxford_txts/PardPro_oxford.txt,data/csvs/PardPro,The Pardoner's Prologue 365,DIFF,,10,And,right,anon,the,gentils,gonne,crie
data/riverside_cats/PardPro_riv.cat,data/oxford_txts/PardPro_oxford.txt,data/csvs/PardPro,The Pardoner's Prologue 365,DIFF,,10,u,S,uS,u,Su,Su,S
data/riverside_cats/PardPro_riv.cat,data/oxford_txts/PardPro_oxford.txt,data/csvs/PardPro,The Pardoner's Prologue 365,DIFF,,10,and@conj,,an-on@adv,,gentil@n%pl,,

"`And, sires, also it heeleth jalousie;",||,“Nay! lat him telle us of no ribaudie;°
data/riverside_cats/PardPro_riv.cat,data/oxford_txts/PardPro_oxford.txt,data/csvs/PardPro,The Pardoner's Prologue 366,DIFF,,10,And,sires,also,it,heeleth,jalousie
data/riverside_cats/PardPro_riv.cat,data/oxford_txts/PardPro_oxford.txt,data/csvs/PardPro,The Pardoner's Prologue 366,DIFF,,10,u,Su,Su,S,ux,SuS
data/riverside_cats/PardPro_riv.cat,data/oxford_txts/PardPro_oxford.txt,data/csvs/PardPro,The Pardoner's Prologue 366,DIFF,,10,and@conj,sire@n%pl,also@adv,hit@pron,helen@v1%pr_3,jelousie@n
data/riverside_cats/PardPro_riv.cat,data/oxford_txts/PardPro_oxford.txt,data/csvs/PardPro,The Pardoner's Prologue 366,DIFF,,10,Nay,lat,him,telle,us,of,no,ribaudie
data/riverside_cats/PardPro_riv.cat,data/oxford_txts/PardPro_oxford.txt,data/csvs/PardPro,The Pardoner's Prologue 366,DIFF,,10,u,S,u,Sx,u,S,u,SuS
data/riverside_cats/PardPro_riv.cat,data/oxford_txts/PardPro_oxford.txt,data/csvs/PardPro,The Pardoner's Prologue 366,DIFF,,10,,,him@pron%obj,,us@pron%pl_obj,of@prep,and@conj,

"For though a man be falle in jalous rage,",||,"Tel us som moral thing, that we may lere°"
data/riverside_cats/PardPro_riv.cat,data/oxford_txts/PardPro_oxford.txt,data/csvs/PardPro,The Pardoner's Prologue 367,DIFF,,10,For,though,a,man,be,falle,in,jalous,rage
data/riverside_cats/PardPro_riv.cat,data/oxford_txts/PardPro_oxford.txt,data/csvs/PardPro,The Pardoner's Prologue 367,DIFF,,10,u,S,u,S,u,Sx,u,Su,Sx
data/riverside_cats/PardPro_riv.cat,data/oxford_txts/PardPro_oxford.txt,data/csvs/PardPro,The Pardoner's Prologue 367,DIFF,,10,for@conj,though@conj,a@indef_art,man@n,ben@v%pr_3,fallen@v%ppl,in@prep,jelous@adj,rage@n
data/riverside_cats/PardPro_riv.cat,data/oxford_txts/PardPro_oxford.txt,data/csvs/PardPro,The Pardoner's Prologue 367,DIFF,,10,Tel,us,som,moral,thing,that,we,may,lere
data/riverside_cats/PardPro_riv.cat,data/oxford_txts/PardPro_oxford.txt,data/csvs/PardPro,The Pardoner's Prologue 367,DIFF,,10,u,S,u,Su,S,u,S,u,Sx
data/riverside_cats/PardPro_riv.cat,data/oxford_txts/PardPro_oxford.txt,data/csvs/PardPro,The Pardoner's Prologue 367,DIFF,,10,,us@pron%pl_obj,,moral@adj,thing@n,ben@v%pr_3,we@pron%pl_nom,,

"Lat maken with this water his potage,",||,"Som wit,° and thanne wol we gladly here.”"
data/riverside_cats/PardPro_riv.cat,data/oxford_txts/PardPro_oxford.txt,data/csvs/PardPro,The Pardoner's Prologue 368,DIFF,,10,Lat,maken,with,this,water,his,potage
data/riverside_cats/PardPro_riv.cat,data/oxford_txts/PardPro_oxford.txt,data/csvs/PardPro,The Pardoner's Prologue 368,DIFF,,10,u,Su,S,u,Su,S,uSx
data/riverside_cats/PardPro_riv.cat,data/oxford_txts/PardPro_oxford.txt,data/csvs/PardPro,The Pardoner's Prologue 368,DIFF,,10,leten@v%imp,maken@v1%inf,with@prep,this@gram_adj,water@n,his@pron1%gen,potage@n
data/riverside_cats/PardPro_riv.cat,data/oxford_txts/PardPro_oxford.txt,data/csvs/PardPro,The Pardoner's Prologue 368,DIFF,,10,Som,wit,and,thanne,wol,we,gladly,here
data/riverside_cats/PardPro_riv.cat,data/oxford_txts/PardPro_oxford.txt,data/csvs/PardPro,The Pardoner's Prologue 368,DIFF,,10,u,S,u,Su,S,u,Su,Sx
data/riverside_cats/PardPro_riv.cat,data/oxford_txts/PardPro_oxford.txt,data/csvs/PardPro,The Pardoner's Prologue 368,DIFF,,10,,,and@conj,thanne@adv,,we@pron%pl_nom,gladli@adv,

"And nevere shal he moore his wyf mystriste,",||,"“I graunte, ywis,” quod he, “but I mot thinke"
data/riverside_cats/PardPro_riv.cat,data/oxford_txts/PardPro_oxford.txt,data/csvs/PardPro,The Pardoner's Prologue 369,DIFF,,10,And,nevere,shal,he,moore,his,wyf,mystriste
data/riverside_cats/PardPro_riv.cat,data/oxford_txts/PardPro_oxford.txt,data/csvs/PardPro,The Pardoner's Prologue 369,DIFF,,10,u,Sux,S,u,Sx,u,S,uSx
data/riverside_cats/PardPro_riv.cat,data/oxford_txts/PardPro_oxford.txt,data/csvs/PardPro,The Pardoner's Prologue 369,DIFF,,10,and@conj,never@adv,shulen@v1%pr_3,he@pron1%nom,more@adv%comp,his@pron1%gen,wif@n,mistristen@v%inf
data/riverside_cats/PardPro_riv.cat,data/oxford_txts/PardPro_oxford.txt,data/csvs/PardPro,The Pardoner's Prologue 369,DIFF,,10,I,graunte,ywis,quod,he,but,I,mot,thinke
data/riverside_cats/PardPro_riv.cat,data/oxford_txts/PardPro_oxford.txt,data/csvs/PardPro,The Pardoner's Prologue 369,DIFF,,10,u,Sx,uS,u,S,u,S,u,Sx
data/riverside_cats/PardPro_riv.cat,data/oxford_txts/PardPro_oxford.txt,data/csvs/PardPro,The Pardoner's Prologue 369,DIFF,,10,ich@pron%nom,,,,he@pron1%nom,but@conj,ich@pron%nom,,

"Though he the soothe of hir defaute wiste,",||,"Upon som honest° thing, whil that I drinke.”"
data/riverside_cats/PardPro_riv.cat,data/oxford_txts/PardPro_oxford.txt,data/csvs/PardPro,The Pardoner's Prologue 370,DIFF,,10,Though,he,the,soothe,of,hir,defaute,wiste
data/riverside_cats/PardPro_riv.cat,data/oxford_txts/PardPro_oxford.txt,data/csvs/PardPro,The Pardoner's Prologue 370,DIFF,,10,u,S,u,Sx,u,S,uSu,Sx
data/riverside_cats/PardPro_riv.cat,data/oxford_txts/PardPro_oxford.txt,data/csvs/PardPro,The Pardoner's Prologue 370,DIFF,,10,though@conj,he@pron1%nom,the@def_art,soth@n,of@prep,hire@pron1%fem_gen,defaute@n,witen@v1%pt_3
data/riverside_cats/PardPro_riv.cat,data/oxford_txts/PardPro_oxford.txt,data/csvs/PardPro,The Pardoner's Prologue 370,DIFF,,10,Upon,som,honest,thing,whil,that,I,drinke
data/riverside_cats/PardPro_riv.cat,data/oxford_txts/PardPro_oxford.txt,data/csvs/PardPro,The Pardoner's Prologue 370,DIFF,,10,uS,u,Su,S,u,S,u,Sx
data/riverside_cats/PardPro_riv.cat,data/oxford_txts/PardPro_oxford.txt,data/csvs/PardPro,The Pardoner's Prologue 370,DIFF,,10,upon@prep,,honeste@adj,thing@n,,,ich@pron%nom,

