"""In feith, Squier, thow hast thee wel yquit",||,"¶“In feith, Squier, thou hast thee wel yquit,°"
data/riverside_cats/FranPro_riv.cat,data/oxford_txts/FranPro_oxford.txt,data/csvs/FranPro,Prologue to the Franklin's Tale 673,,,10,In,feith,Squier,thow,hast,thee,wel,yquit
data/riverside_cats/FranPro_riv.cat,data/oxford_txts/FranPro_oxford.txt,data/csvs/FranPro,Prologue to the Franklin's Tale 673,,,10,u,S,uS,u,S,u,S,uS
data/riverside_cats/FranPro_riv.cat,data/oxford_txts/FranPro_oxford.txt,data/csvs/FranPro,Prologue to the Franklin's Tale 673,,,10,in@prep,feith@n,squier@n,thou@pron%nom,haven@v%pr_2,the@pron2%obj,wel@adv,quiten@v%ppl
data/riverside_cats/FranPro_riv.cat,data/oxford_txts/FranPro_oxford.txt,data/csvs/FranPro,Prologue to the Franklin's Tale 673,,,10,In,feith,Squier,thou,hast,thee,wel,yquit
data/riverside_cats/FranPro_riv.cat,data/oxford_txts/FranPro_oxford.txt,data/csvs/FranPro,Prologue to the Franklin's Tale 673,,,10,u,S,uS,u,S,u,S,uS
data/riverside_cats/FranPro_riv.cat,data/oxford_txts/FranPro_oxford.txt,data/csvs/FranPro,Prologue to the Franklin's Tale 673,,,10,in@prep,feith@n,squier@n,thou@pron%nom,haven@v%pr_2,the@pron2%obj,wel@adv,quiten@v%ppl

"And gentilly. I preise wel thy wit,""",||,"And gentilly° I preise wel thy wit,”°"
data/riverside_cats/FranPro_riv.cat,data/oxford_txts/FranPro_oxford.txt,data/csvs/FranPro,Prologue to the Franklin's Tale 674,,,10,And,gentilly,I,preise,wel,thy,wit
data/riverside_cats/FranPro_riv.cat,data/oxford_txts/FranPro_oxford.txt,data/csvs/FranPro,Prologue to the Franklin's Tale 674,,,10,u,SuS,u,Su,S,u,S
data/riverside_cats/FranPro_riv.cat,data/oxford_txts/FranPro_oxford.txt,data/csvs/FranPro,Prologue to the Franklin's Tale 674,,,10,and@conj,gentilli@adv,ich@pron%nom,preisen@v%pr_1,wel@adv,thin@pron%gen,wit@n
data/riverside_cats/FranPro_riv.cat,data/oxford_txts/FranPro_oxford.txt,data/csvs/FranPro,Prologue to the Franklin's Tale 674,,,10,And,gentilly,I,preise,wel,thy,wit
data/riverside_cats/FranPro_riv.cat,data/oxford_txts/FranPro_oxford.txt,data/csvs/FranPro,Prologue to the Franklin's Tale 674,,,10,u,SuS,u,Su,S,u,S
data/riverside_cats/FranPro_riv.cat,data/oxford_txts/FranPro_oxford.txt,data/csvs/FranPro,Prologue to the Franklin's Tale 674,,,10,and@conj,gentilli@adv,ich@pron%nom,preisen@v%pr_1,wel@adv,thin@pron%gen,wit@n

"Quod the Frankeleyn, ""considerynge thy yowthe,",||,"Quod the Frankelein, “Considering thy youthe,"
data/riverside_cats/FranPro_riv.cat,data/oxford_txts/FranPro_oxford.txt,data/csvs/FranPro,Prologue to the Franklin's Tale 675,,,10,Quod,the,Frankeleyn,considerynge,thy,yowthe
data/riverside_cats/FranPro_riv.cat,data/oxford_txts/FranPro_oxford.txt,data/csvs/FranPro,Prologue to the Franklin's Tale 675,,,10,u,S,uSu,SuxSx,u,Sx
data/riverside_cats/FranPro_riv.cat,data/oxford_txts/FranPro_oxford.txt,data/csvs/FranPro,Prologue to the Franklin's Tale 675,,,10,quethen@v%pt_3,the@def_art,frankelein@n,consideren@v%prp_abs,thin@pron%gen,youth@n
data/riverside_cats/FranPro_riv.cat,data/oxford_txts/FranPro_oxford.txt,data/csvs/FranPro,Prologue to the Franklin's Tale 675,,,10,Quod,the,Frankelein,Considering,thy,youthe
data/riverside_cats/FranPro_riv.cat,data/oxford_txts/FranPro_oxford.txt,data/csvs/FranPro,Prologue to the Franklin's Tale 675,,,10,u,S,uSu,SuxS,u,Sx
data/riverside_cats/FranPro_riv.cat,data/oxford_txts/FranPro_oxford.txt,data/csvs/FranPro,Prologue to the Franklin's Tale 675,,,10,quethen@v%pt_3,the@def_art,frankelein@n,consideren@v%prp_abs,thin@pron%gen,youth@n

"So feelyngly thou spekest, sire, I allow the!",||,"So feelingly° thou spekest, sir, I allow’the°"
data/riverside_cats/FranPro_riv.cat,data/oxford_txts/FranPro_oxford.txt,data/csvs/FranPro,Prologue to the Franklin's Tale 676,DIFF,,10,So,feelyngly,thou,spekest,sire,I,allow,the
data/riverside_cats/FranPro_riv.cat,data/oxford_txts/FranPro_oxford.txt,data/csvs/FranPro,Prologue to the Franklin's Tale 676,DIFF,,10,u,SuS,u,Sx,ux,x,Su,S
data/riverside_cats/FranPro_riv.cat,data/oxford_txts/FranPro_oxford.txt,data/csvs/FranPro,Prologue to the Franklin's Tale 676,DIFF,,10,so@adv,felingli@adv,thou@pron%nom,speken@v%pr_2,sire@n,ich@pron%nom,allouen@v%pr_1,the@pron2%obj
data/riverside_cats/FranPro_riv.cat,data/oxford_txts/FranPro_oxford.txt,data/csvs/FranPro,Prologue to the Franklin's Tale 676,DIFF,,10,So,feelingly,thou,spekest,sir,I,allowthe
data/riverside_cats/FranPro_riv.cat,data/oxford_txts/FranPro_oxford.txt,data/csvs/FranPro,Prologue to the Franklin's Tale 676,DIFF,,10,u,SuS,u,Su,S,x,uSx
data/riverside_cats/FranPro_riv.cat,data/oxford_txts/FranPro_oxford.txt,data/csvs/FranPro,Prologue to the Franklin's Tale 676,DIFF,,10,so@adv,felingli@adv,thou@pron%nom,speken@v%pr_2,sire@n,ich@pron%nom,

"As to my doom, ther is noon that is heere",||,"As to my doom,° there is non that is here"
data/riverside_cats/FranPro_riv.cat,data/oxford_txts/FranPro_oxford.txt,data/csvs/FranPro,Prologue to the Franklin's Tale 677,,,10,As,to,my,doom,ther,is,noon,that,is,heere
data/riverside_cats/FranPro_riv.cat,data/oxford_txts/FranPro_oxford.txt,data/csvs/FranPro,Prologue to the Franklin's Tale 677,,,10,u,S,u,S,u,S,u,S,u,Sx
data/riverside_cats/FranPro_riv.cat,data/oxford_txts/FranPro_oxford.txt,data/csvs/FranPro,Prologue to the Franklin's Tale 677,,,10,as@conj,to@prep,min@pron%gen,dom@n,ther@adv,ben@v%pr_3,non@pron,that@pron,ben@v%pr_3,her@adv
data/riverside_cats/FranPro_riv.cat,data/oxford_txts/FranPro_oxford.txt,data/csvs/FranPro,Prologue to the Franklin's Tale 677,,,10,As,to,my,doom,there,is,non,that,is,here
data/riverside_cats/FranPro_riv.cat,data/oxford_txts/FranPro_oxford.txt,data/csvs/FranPro,Prologue to the Franklin's Tale 677,,,10,u,S,u,S,ux,S,u,S,u,Sx
data/riverside_cats/FranPro_riv.cat,data/oxford_txts/FranPro_oxford.txt,data/csvs/FranPro,Prologue to the Franklin's Tale 677,,,10,as@conj,to@prep,min@pron%gen,dom@n,ther@adv,ben@v%pr_3,non@pron,that@pron,ben@v%pr_3,her@adv

"Of eloquence that shal be thy peere,",||,"Of° eloquence that shal be thy pere,"
data/riverside_cats/FranPro_riv.cat,data/oxford_txts/FranPro_oxford.txt,data/csvs/FranPro,Prologue to the Franklin's Tale 678,,,10,Of,eloquence,that,shal,be,thy,peere
data/riverside_cats/FranPro_riv.cat,data/oxford_txts/FranPro_oxford.txt,data/csvs/FranPro,Prologue to the Franklin's Tale 678,,,10,u,SuSu,S,u,S,u,Sx
data/riverside_cats/FranPro_riv.cat,data/oxford_txts/FranPro_oxford.txt,data/csvs/FranPro,Prologue to the Franklin's Tale 678,,,10,of@prep,eloquence@n,that@pron,shulen@v1%pr_3,ben@v%inf,thin@pron%gen,per@n
data/riverside_cats/FranPro_riv.cat,data/oxford_txts/FranPro_oxford.txt,data/csvs/FranPro,Prologue to the Franklin's Tale 678,,,10,Of,eloquence,that,shal,be,thy,pere
data/riverside_cats/FranPro_riv.cat,data/oxford_txts/FranPro_oxford.txt,data/csvs/FranPro,Prologue to the Franklin's Tale 678,,,10,u,SuSu,S,u,S,u,Sx
data/riverside_cats/FranPro_riv.cat,data/oxford_txts/FranPro_oxford.txt,data/csvs/FranPro,Prologue to the Franklin's Tale 678,,,10,of@prep,eloquence@n,that@pron,shulen@v1%pr_3,ben@v%inf,thin@pron%gen,per@n

"If that thou lyve; God yeve thee good chaunce,",||,"If that thou live; God yeve° thee good chaunce,°"
data/riverside_cats/FranPro_riv.cat,data/oxford_txts/FranPro_oxford.txt,data/csvs/FranPro,Prologue to the Franklin's Tale 679,,,10,If,that,thou,lyve,God,yeve,thee,good,chaunce
data/riverside_cats/FranPro_riv.cat,data/oxford_txts/FranPro_oxford.txt,data/csvs/FranPro,Prologue to the Franklin's Tale 679,,,10,u,S,u,Sx,u,Su,S,u,Sx
data/riverside_cats/FranPro_riv.cat,data/oxford_txts/FranPro_oxford.txt,data/csvs/FranPro,Prologue to the Franklin's Tale 679,,,10,if@conj,that@part,thou@pron%nom,liven@v1%pr_2,god@n1#propn,yeven@v%pr_3,the@pron2%obj,god@adj,chaunce@n
data/riverside_cats/FranPro_riv.cat,data/oxford_txts/FranPro_oxford.txt,data/csvs/FranPro,Prologue to the Franklin's Tale 679,,,10,If,that,thou,live,God,yeve,thee,good,chaunce
data/riverside_cats/FranPro_riv.cat,data/oxford_txts/FranPro_oxford.txt,data/csvs/FranPro,Prologue to the Franklin's Tale 679,,,10,u,S,u,Sx,u,Su,S,u,Sx
data/riverside_cats/FranPro_riv.cat,data/oxford_txts/FranPro_oxford.txt,data/csvs/FranPro,Prologue to the Franklin's Tale 679,,,10,if@conj,that@part,thou@pron%nom,liven@v1%pr_2,god@n1#propn,yeven@v%pr_3,the@pron2%obj,god@adj,chaunce@n

"And in vertu sende thee continuaunce,",||,And in vertu send thee continuaunce!°
data/riverside_cats/FranPro_riv.cat,data/oxford_txts/FranPro_oxford.txt,data/csvs/FranPro,Prologue to the Franklin's Tale 680,,,9,And,in,vertu,sende,thee,continuaunce
data/riverside_cats/FranPro_riv.cat,data/oxford_txts/FranPro_oxford.txt,data/csvs/FranPro,Prologue to the Franklin's Tale 680,,,9,S,u,Su,Sx,u,SuSx
data/riverside_cats/FranPro_riv.cat,data/oxford_txts/FranPro_oxford.txt,data/csvs/FranPro,Prologue to the Franklin's Tale 680,,,9,and@conj,in@prep,vertu@n,senden@v2%pr_3,the@pron2%obj,continuaunce@n
data/riverside_cats/FranPro_riv.cat,data/oxford_txts/FranPro_oxford.txt,data/csvs/FranPro,Prologue to the Franklin's Tale 680,,,9,And,in,vertu,send,thee,continuaunce
data/riverside_cats/FranPro_riv.cat,data/oxford_txts/FranPro_oxford.txt,data/csvs/FranPro,Prologue to the Franklin's Tale 680,,,9,S,u,Su,S,u,SuSx
data/riverside_cats/FranPro_riv.cat,data/oxford_txts/FranPro_oxford.txt,data/csvs/FranPro,Prologue to the Franklin's Tale 680,,,9,and@conj,in@prep,vertu@n,senden@v2%pr_3,the@pron2%obj,continuaunce@n

For of thy speche I have greet deyntee.,||,For of° thy speche I have greet deintee.°
data/riverside_cats/FranPro_riv.cat,data/oxford_txts/FranPro_oxford.txt,data/csvs/FranPro,Prologue to the Franklin's Tale 681,,,10,For,of,thy,speche,I,have,greet,deyntee
data/riverside_cats/FranPro_riv.cat,data/oxford_txts/FranPro_oxford.txt,data/csvs/FranPro,Prologue to the Franklin's Tale 681,,,10,u,S,u,Sx,u,Su,S,uS
data/riverside_cats/FranPro_riv.cat,data/oxford_txts/FranPro_oxford.txt,data/csvs/FranPro,Prologue to the Franklin's Tale 681,,,10,for@conj,of@prep,thin@pron%gen,speche@n,ich@pron%nom,haven@v%pr_1,gret@adj,deinte@n
data/riverside_cats/FranPro_riv.cat,data/oxford_txts/FranPro_oxford.txt,data/csvs/FranPro,Prologue to the Franklin's Tale 681,,,10,For,of,thy,speche,I,have,greet,deintee
data/riverside_cats/FranPro_riv.cat,data/oxford_txts/FranPro_oxford.txt,data/csvs/FranPro,Prologue to the Franklin's Tale 681,,,10,u,S,u,Sx,u,Su,S,uS
data/riverside_cats/FranPro_riv.cat,data/oxford_txts/FranPro_oxford.txt,data/csvs/FranPro,Prologue to the Franklin's Tale 681,,,10,for@conj,of@prep,thin@pron%gen,speche@n,ich@pron%nom,haven@v%pr_1,gret@adj,deinte@n

"I have a sone, and by the Trinitee,",||,"I have a sone, and, by the Trinitee,"
data/riverside_cats/FranPro_riv.cat,data/oxford_txts/FranPro_oxford.txt,data/csvs/FranPro,Prologue to the Franklin's Tale 682,,,10,I,have,a,sone,and,by,the,Trinitee
data/riverside_cats/FranPro_riv.cat,data/oxford_txts/FranPro_oxford.txt,data/csvs/FranPro,Prologue to the Franklin's Tale 682,,,10,u,Sx,u,Sx,u,S,u,SuS
data/riverside_cats/FranPro_riv.cat,data/oxford_txts/FranPro_oxford.txt,data/csvs/FranPro,Prologue to the Franklin's Tale 682,,,10,ich@pron%nom,haven@v%pr_1,a@indef_art,sone@n,and@conj,bi@prep,the@def_art,trinite@n
data/riverside_cats/FranPro_riv.cat,data/oxford_txts/FranPro_oxford.txt,data/csvs/FranPro,Prologue to the Franklin's Tale 682,,,10,I,have,a,sone,and,by,the,Trinitee
data/riverside_cats/FranPro_riv.cat,data/oxford_txts/FranPro_oxford.txt,data/csvs/FranPro,Prologue to the Franklin's Tale 682,,,10,u,Sx,u,Sx,u,S,u,SuS
data/riverside_cats/FranPro_riv.cat,data/oxford_txts/FranPro_oxford.txt,data/csvs/FranPro,Prologue to the Franklin's Tale 682,,,10,ich@pron%nom,haven@v%pr_1,a@indef_art,sone@n,and@conj,bi@prep,the@def_art,trinite@n

"I hadde levere than twenty pound worth lond,",||,"I hadde lever° than twenty pound worth lond,"
data/riverside_cats/FranPro_riv.cat,data/oxford_txts/FranPro_oxford.txt,data/csvs/FranPro,Prologue to the Franklin's Tale 683,,,10,I,hadde,levere,than,twenty,pound,worth,lond
data/riverside_cats/FranPro_riv.cat,data/oxford_txts/FranPro_oxford.txt,data/csvs/FranPro,Prologue to the Franklin's Tale 683,,,10,u,Sx,uSx,u,Su,S,u,S
data/riverside_cats/FranPro_riv.cat,data/oxford_txts/FranPro_oxford.txt,data/csvs/FranPro,Prologue to the Franklin's Tale 683,,,10,ich@pron%nom,haven@v%pt_1,lef@adj%comp,than@conj,twenti@num_adj,pounde@n1,worth@adj,lond@n
data/riverside_cats/FranPro_riv.cat,data/oxford_txts/FranPro_oxford.txt,data/csvs/FranPro,Prologue to the Franklin's Tale 683,,,10,I,hadde,lever,than,twenty,pound,worth,lond
data/riverside_cats/FranPro_riv.cat,data/oxford_txts/FranPro_oxford.txt,data/csvs/FranPro,Prologue to the Franklin's Tale 683,,,10,u,Sx,uS,u,Su,S,u,S
data/riverside_cats/FranPro_riv.cat,data/oxford_txts/FranPro_oxford.txt,data/csvs/FranPro,Prologue to the Franklin's Tale 683,,,10,ich@pron%nom,haven@v%pt_1,lef@adj%comp,than@conj,twenti@num_adj,pounde@n1,worth@adj,lond@n

"Though it right now were fallen in myn hond,",||,"Though it right now were fallen in min hond,"
data/riverside_cats/FranPro_riv.cat,data/oxford_txts/FranPro_oxford.txt,data/csvs/FranPro,Prologue to the Franklin's Tale 684,,,10,Though,it,right,now,were,fallen,in,myn,hond
data/riverside_cats/FranPro_riv.cat,data/oxford_txts/FranPro_oxford.txt,data/csvs/FranPro,Prologue to the Franklin's Tale 684,,,10,u,S,u,S,ux,Su,S,u,S
data/riverside_cats/FranPro_riv.cat,data/oxford_txts/FranPro_oxford.txt,data/csvs/FranPro,Prologue to the Franklin's Tale 684,,,10,though@conj,hit@pron,righte@adv,nou@adv,ben@v%pt_3,fallen@v%ppl,in@prep,min@pron%gen,honde@n
data/riverside_cats/FranPro_riv.cat,data/oxford_txts/FranPro_oxford.txt,data/csvs/FranPro,Prologue to the Franklin's Tale 684,,,10,Though,it,right,now,were,fallen,in,min,hond
data/riverside_cats/FranPro_riv.cat,data/oxford_txts/FranPro_oxford.txt,data/csvs/FranPro,Prologue to the Franklin's Tale 684,,,10,u,S,u,S,ux,Su,S,u,S
data/riverside_cats/FranPro_riv.cat,data/oxford_txts/FranPro_oxford.txt,data/csvs/FranPro,Prologue to the Franklin's Tale 684,,,10,though@conj,hit@pron,righte@adv,nou@adv,ben@v%pt_3,fallen@v%ppl,in@prep,min@pron%gen,honde@n

He were a man of swich discrecioun,||,He° were a man of swich discrecioun°
data/riverside_cats/FranPro_riv.cat,data/oxford_txts/FranPro_oxford.txt,data/csvs/FranPro,Prologue to the Franklin's Tale 685,,,10,He,were,a,man,of,swich,discrecioun
data/riverside_cats/FranPro_riv.cat,data/oxford_txts/FranPro_oxford.txt,data/csvs/FranPro,Prologue to the Franklin's Tale 685,,,10,u,Sx,u,S,u,S,uSuS
data/riverside_cats/FranPro_riv.cat,data/oxford_txts/FranPro_oxford.txt,data/csvs/FranPro,Prologue to the Franklin's Tale 685,,,10,he@pron1%nom,ben@v%pt_3,a@indef_art,man@n,of@prep,swich@gram_adj,discrecioun@n
data/riverside_cats/FranPro_riv.cat,data/oxford_txts/FranPro_oxford.txt,data/csvs/FranPro,Prologue to the Franklin's Tale 685,,,10,He,were,a,man,of,swich,discrecioun
data/riverside_cats/FranPro_riv.cat,data/oxford_txts/FranPro_oxford.txt,data/csvs/FranPro,Prologue to the Franklin's Tale 685,,,10,u,Sx,u,S,u,S,uSuS
data/riverside_cats/FranPro_riv.cat,data/oxford_txts/FranPro_oxford.txt,data/csvs/FranPro,Prologue to the Franklin's Tale 685,,,10,he@pron1%nom,ben@v%pt_3,a@indef_art,man@n,of@prep,swich@gram_adj,discrecioun@n

"As that ye been! Fy on possessioun,",||,As that ye been. Fy on possessioun°
data/riverside_cats/FranPro_riv.cat,data/oxford_txts/FranPro_oxford.txt,data/csvs/FranPro,Prologue to the Franklin's Tale 686,,,10,As,that,ye,been,Fy,on,possessioun
data/riverside_cats/FranPro_riv.cat,data/oxford_txts/FranPro_oxford.txt,data/csvs/FranPro,Prologue to the Franklin's Tale 686,,,10,u,S,u,S,u,S,uSuS
data/riverside_cats/FranPro_riv.cat,data/oxford_txts/FranPro_oxford.txt,data/csvs/FranPro,Prologue to the Franklin's Tale 686,,,10,as@conj,that@part,ye@pron%pl_nom,ben@v%pr_pl,fi@interj,on@prep,possessioun@n
data/riverside_cats/FranPro_riv.cat,data/oxford_txts/FranPro_oxford.txt,data/csvs/FranPro,Prologue to the Franklin's Tale 686,,,10,As,that,ye,been,Fy,on,possessioun
data/riverside_cats/FranPro_riv.cat,data/oxford_txts/FranPro_oxford.txt,data/csvs/FranPro,Prologue to the Franklin's Tale 686,,,10,u,S,u,S,u,S,uSuS
data/riverside_cats/FranPro_riv.cat,data/oxford_txts/FranPro_oxford.txt,data/csvs/FranPro,Prologue to the Franklin's Tale 686,,,10,as@conj,that@part,ye@pron%pl_nom,ben@v%pr_pl,fi@interj,on@prep,possessioun@n

But if a man be vertuous withal!,||,But if° a man be vertuous withal.
data/riverside_cats/FranPro_riv.cat,data/oxford_txts/FranPro_oxford.txt,data/csvs/FranPro,Prologue to the Franklin's Tale 687,,,10,But,if,a,man,be,vertuous,withal
data/riverside_cats/FranPro_riv.cat,data/oxford_txts/FranPro_oxford.txt,data/csvs/FranPro,Prologue to the Franklin's Tale 687,,,10,u,S,u,S,u,SuS,uS
data/riverside_cats/FranPro_riv.cat,data/oxford_txts/FranPro_oxford.txt,data/csvs/FranPro,Prologue to the Franklin's Tale 687,,,10,but@conj,if@conj,a@indef_art,man@n,ben@v%pr_3,vertuous@adj,with-al@adv
data/riverside_cats/FranPro_riv.cat,data/oxford_txts/FranPro_oxford.txt,data/csvs/FranPro,Prologue to the Franklin's Tale 687,,,10,But,if,a,man,be,vertuous,withal
data/riverside_cats/FranPro_riv.cat,data/oxford_txts/FranPro_oxford.txt,data/csvs/FranPro,Prologue to the Franklin's Tale 687,,,10,u,S,u,S,u,SuS,uS
data/riverside_cats/FranPro_riv.cat,data/oxford_txts/FranPro_oxford.txt,data/csvs/FranPro,Prologue to the Franklin's Tale 687,,,10,but@conj,if@conj,a@indef_art,man@n,ben@v%pr_3,vertuous@adj,with-al@adv

"I have my sone snybbed, and yet shal,",||,"I have my sone snibbed,° and yet° shal,"
data/riverside_cats/FranPro_riv.cat,data/oxford_txts/FranPro_oxford.txt,data/csvs/FranPro,Prologue to the Franklin's Tale 688,,,10,I,have,my,sone,snybbed,and,yet,shal
data/riverside_cats/FranPro_riv.cat,data/oxford_txts/FranPro_oxford.txt,data/csvs/FranPro,Prologue to the Franklin's Tale 688,,,10,u,Sx,u,Su,Su,S,u,S
data/riverside_cats/FranPro_riv.cat,data/oxford_txts/FranPro_oxford.txt,data/csvs/FranPro,Prologue to the Franklin's Tale 688,,,10,ich@pron%nom,haven@v%pr_1,min@pron%gen,sone@n,snibben@v%ppl,and@conj,yet@adv,shulen@v1%pr_1
data/riverside_cats/FranPro_riv.cat,data/oxford_txts/FranPro_oxford.txt,data/csvs/FranPro,Prologue to the Franklin's Tale 688,,,10,I,have,my,sone,snibbed,and,yet,shal
data/riverside_cats/FranPro_riv.cat,data/oxford_txts/FranPro_oxford.txt,data/csvs/FranPro,Prologue to the Franklin's Tale 688,,,10,u,Sx,u,Su,Su,S,u,S
data/riverside_cats/FranPro_riv.cat,data/oxford_txts/FranPro_oxford.txt,data/csvs/FranPro,Prologue to the Franklin's Tale 688,,,10,ich@pron%nom,haven@v%pr_1,min@pron%gen,sone@n,snibben@v%ppl,and@conj,yet@adv,shulen@v1%pr_1

For he to vertu listeth nat entende;,||,For he to vertu listeth nat° entende;°
data/riverside_cats/FranPro_riv.cat,data/oxford_txts/FranPro_oxford.txt,data/csvs/FranPro,Prologue to the Franklin's Tale 689,,,10,For,he,to,vertu,listeth,nat,entende
data/riverside_cats/FranPro_riv.cat,data/oxford_txts/FranPro_oxford.txt,data/csvs/FranPro,Prologue to the Franklin's Tale 689,,,10,u,S,u,Su,Su,S,uSx
data/riverside_cats/FranPro_riv.cat,data/oxford_txts/FranPro_oxford.txt,data/csvs/FranPro,Prologue to the Franklin's Tale 689,,,10,for@conj,he@pron1%nom,to@prep,vertu@n,listen@v1%pr_3,not@adv,entenden@v%inf
data/riverside_cats/FranPro_riv.cat,data/oxford_txts/FranPro_oxford.txt,data/csvs/FranPro,Prologue to the Franklin's Tale 689,,,10,For,he,to,vertu,listeth,nat,entende
data/riverside_cats/FranPro_riv.cat,data/oxford_txts/FranPro_oxford.txt,data/csvs/FranPro,Prologue to the Franklin's Tale 689,,,10,u,S,u,Su,Su,S,uSx
data/riverside_cats/FranPro_riv.cat,data/oxford_txts/FranPro_oxford.txt,data/csvs/FranPro,Prologue to the Franklin's Tale 689,,,10,for@conj,he@pron1%nom,to@prep,vertu@n,listen@v1%pr_3,not@adv,entenden@v%inf

"But for to pleye at dees, and to despende",||,"But for to pleye at dees,° and to despende,°"
data/riverside_cats/FranPro_riv.cat,data/oxford_txts/FranPro_oxford.txt,data/csvs/FranPro,Prologue to the Franklin's Tale 690,,,10,But,for,to,pleye,at,dees,and,to,despende
data/riverside_cats/FranPro_riv.cat,data/oxford_txts/FranPro_oxford.txt,data/csvs/FranPro,Prologue to the Franklin's Tale 690,,,10,u,S,u,S,u,S,u,S,uSx
data/riverside_cats/FranPro_riv.cat,data/oxford_txts/FranPro_oxford.txt,data/csvs/FranPro,Prologue to the Franklin's Tale 690,,,10,but@conj,for@prep#adv,to@part,pleien@v1%inf,at@prep,de@n%pl,and@conj,to@part,dispenden@v%inf
data/riverside_cats/FranPro_riv.cat,data/oxford_txts/FranPro_oxford.txt,data/csvs/FranPro,Prologue to the Franklin's Tale 690,,,10,But,for,to,pleye,at,dees,and,to,despende
data/riverside_cats/FranPro_riv.cat,data/oxford_txts/FranPro_oxford.txt,data/csvs/FranPro,Prologue to the Franklin's Tale 690,,,10,u,S,u,S,u,S,u,S,uSx
data/riverside_cats/FranPro_riv.cat,data/oxford_txts/FranPro_oxford.txt,data/csvs/FranPro,Prologue to the Franklin's Tale 690,,,10,but@conj,for@prep#adv,to@part,pleien@v1%inf,at@prep,de@n%pl,and@conj,to@part,dispenden@v%inf

And lese al that he hath is his usage.,||,"And lese° al that he hath, is his usage.°"
data/riverside_cats/FranPro_riv.cat,data/oxford_txts/FranPro_oxford.txt,data/csvs/FranPro,Prologue to the Franklin's Tale 691,,,10,And,lese,al,that,he,hath,is,his,usage
data/riverside_cats/FranPro_riv.cat,data/oxford_txts/FranPro_oxford.txt,data/csvs/FranPro,Prologue to the Franklin's Tale 691,,,10,u,Sx,u,S,u,S,u,S,uSx
data/riverside_cats/FranPro_riv.cat,data/oxford_txts/FranPro_oxford.txt,data/csvs/FranPro,Prologue to the Franklin's Tale 691,,,10,and@conj,lesen@v4%inf,al@gram_adjas_n,that@pron,he@pron1%nom,haven@v%pr_3,ben@v%pr_3,his@pron1%gen,usage@n
data/riverside_cats/FranPro_riv.cat,data/oxford_txts/FranPro_oxford.txt,data/csvs/FranPro,Prologue to the Franklin's Tale 691,,,10,And,lese,al,that,he,hath,is,his,usage
data/riverside_cats/FranPro_riv.cat,data/oxford_txts/FranPro_oxford.txt,data/csvs/FranPro,Prologue to the Franklin's Tale 691,,,10,u,Sx,u,S,u,S,u,S,uSx
data/riverside_cats/FranPro_riv.cat,data/oxford_txts/FranPro_oxford.txt,data/csvs/FranPro,Prologue to the Franklin's Tale 691,,,10,and@conj,lesen@v4%inf,al@gram_adjas_n,that@pron,he@pron1%nom,haven@v%pr_3,ben@v%pr_3,his@pron1%gen,usage@n

And he hath levere talken with a page,||,And he hath lever° talken with a page°
data/riverside_cats/FranPro_riv.cat,data/oxford_txts/FranPro_oxford.txt,data/csvs/FranPro,Prologue to the Franklin's Tale 692,,,10,And,he,hath,levere,talken,with,a,page
data/riverside_cats/FranPro_riv.cat,data/oxford_txts/FranPro_oxford.txt,data/csvs/FranPro,Prologue to the Franklin's Tale 692,,,10,u,S,u,Sux,Su,S,u,Sx
data/riverside_cats/FranPro_riv.cat,data/oxford_txts/FranPro_oxford.txt,data/csvs/FranPro,Prologue to the Franklin's Tale 692,,,10,and@conj,he@pron1%nom,haven@v%pr_3,lef@adj%comp,talken@v%inf,with@prep,a@indef_art,page@n1
data/riverside_cats/FranPro_riv.cat,data/oxford_txts/FranPro_oxford.txt,data/csvs/FranPro,Prologue to the Franklin's Tale 692,,,10,And,he,hath,lever,talken,with,a,page
data/riverside_cats/FranPro_riv.cat,data/oxford_txts/FranPro_oxford.txt,data/csvs/FranPro,Prologue to the Franklin's Tale 692,,,10,u,S,u,Su,Su,S,u,Sx
data/riverside_cats/FranPro_riv.cat,data/oxford_txts/FranPro_oxford.txt,data/csvs/FranPro,Prologue to the Franklin's Tale 692,,,10,and@conj,he@pron1%nom,haven@v%pr_3,lef@adj%comp,talken@v%inf,with@prep,a@indef_art,page@n1

Than to comune with any gentil wight,||,Than to comune° with any gentil° wight°
data/riverside_cats/FranPro_riv.cat,data/oxford_txts/FranPro_oxford.txt,data/csvs/FranPro,Prologue to the Franklin's Tale 693,,,10,Than,to,comune,with,any,gentil,wight
data/riverside_cats/FranPro_riv.cat,data/oxford_txts/FranPro_oxford.txt,data/csvs/FranPro,Prologue to the Franklin's Tale 693,,,10,u,S,uSx,u,Su,Su,S
data/riverside_cats/FranPro_riv.cat,data/oxford_txts/FranPro_oxford.txt,data/csvs/FranPro,Prologue to the Franklin's Tale 693,,,10,than@conj,to@part,communen@v%inf,with@prep,ani@gram_adj,gentil@adj,wight@n
data/riverside_cats/FranPro_riv.cat,data/oxford_txts/FranPro_oxford.txt,data/csvs/FranPro,Prologue to the Franklin's Tale 693,,,10,Than,to,comune,with,any,gentil,wight
data/riverside_cats/FranPro_riv.cat,data/oxford_txts/FranPro_oxford.txt,data/csvs/FranPro,Prologue to the Franklin's Tale 693,,,10,u,S,uSx,u,Su,Su,S
data/riverside_cats/FranPro_riv.cat,data/oxford_txts/FranPro_oxford.txt,data/csvs/FranPro,Prologue to the Franklin's Tale 693,,,10,than@conj,to@part,communen@v%inf,with@prep,ani@gram_adj,gentil@adj,wight@n

"Where he myghte lerne gentillesse aright.""",||,There° he might lerne gentillesse aright.”—
data/riverside_cats/FranPro_riv.cat,data/oxford_txts/FranPro_oxford.txt,data/csvs/FranPro,Prologue to the Franklin's Tale 694,DIFF,,10,Where,he,myghte,lerne,gentillesse,aright
data/riverside_cats/FranPro_riv.cat,data/oxford_txts/FranPro_oxford.txt,data/csvs/FranPro,Prologue to the Franklin's Tale 694,DIFF,,10,ux,S,ux,Su,SuSx,uS
data/riverside_cats/FranPro_riv.cat,data/oxford_txts/FranPro_oxford.txt,data/csvs/FranPro,Prologue to the Franklin's Tale 694,DIFF,,10,wher@adv&conj,he@pron1%nom,mouen@v3%pt_3,lernen@v%inf,gentilesse@n,a-right@adv
data/riverside_cats/FranPro_riv.cat,data/oxford_txts/FranPro_oxford.txt,data/csvs/FranPro,Prologue to the Franklin's Tale 694,DIFF,,10,There,he,might,lerne,gentillesse,aright
data/riverside_cats/FranPro_riv.cat,data/oxford_txts/FranPro_oxford.txt,data/csvs/FranPro,Prologue to the Franklin's Tale 694,DIFF,,10,ux,S,u,Su,SuSx,uS
data/riverside_cats/FranPro_riv.cat,data/oxford_txts/FranPro_oxford.txt,data/csvs/FranPro,Prologue to the Franklin's Tale 694,DIFF,,10,,he@pron1%nom,mouen@v3%pt_3,lernen@v%inf,gentilesse@n,a-right@adv

"""Straw for youre gentillesse!"" quod oure Hoost.",||,"¶“Straw for° your gentillesse,” quod our Host;"
data/riverside_cats/FranPro_riv.cat,data/oxford_txts/FranPro_oxford.txt,data/csvs/FranPro,Prologue to the Franklin's Tale 695,,,10,Straw,for,youre,gentillesse,quod,oure,Hoost
data/riverside_cats/FranPro_riv.cat,data/oxford_txts/FranPro_oxford.txt,data/csvs/FranPro,Prologue to the Franklin's Tale 695,,,10,u,S,ux,SuSx,u,Su,S
data/riverside_cats/FranPro_riv.cat,data/oxford_txts/FranPro_oxford.txt,data/csvs/FranPro,Prologue to the Franklin's Tale 695,,,10,strau@n#interj,for@prep,your@pron%pl_gen,gentilesse@n,quethen@v%pt_3,oure@pron%pl_gen,hoste@n2
data/riverside_cats/FranPro_riv.cat,data/oxford_txts/FranPro_oxford.txt,data/csvs/FranPro,Prologue to the Franklin's Tale 695,,,10,Straw,for,your,gentillesse,quod,our,Host
data/riverside_cats/FranPro_riv.cat,data/oxford_txts/FranPro_oxford.txt,data/csvs/FranPro,Prologue to the Franklin's Tale 695,,,10,u,S,u,SuSu,S,u,S
data/riverside_cats/FranPro_riv.cat,data/oxford_txts/FranPro_oxford.txt,data/csvs/FranPro,Prologue to the Franklin's Tale 695,,,10,strau@n#interj,for@prep,your@pron%pl_gen,gentilesse@n,quethen@v%pt_3,oure@pron%pl_gen,hoste@n2

"""What, Frankeleyn! Pardee, sire, wel thou woost",||,"“What, Frankelein? pardee,° sir, wel thou wost°"
data/riverside_cats/FranPro_riv.cat,data/oxford_txts/FranPro_oxford.txt,data/csvs/FranPro,Prologue to the Franklin's Tale 696,,,10,What,Frankeleyn,Pardee,sire,wel,thou,woost
data/riverside_cats/FranPro_riv.cat,data/oxford_txts/FranPro_oxford.txt,data/csvs/FranPro,Prologue to the Franklin's Tale 696,,,10,u,SuS,uS,ux,S,u,S
data/riverside_cats/FranPro_riv.cat,data/oxford_txts/FranPro_oxford.txt,data/csvs/FranPro,Prologue to the Franklin's Tale 696,,,10,what@interj,frankelein@n,parde@interj,sire@n,wel@adv,thou@pron%nom,witen@v1%pr_2
data/riverside_cats/FranPro_riv.cat,data/oxford_txts/FranPro_oxford.txt,data/csvs/FranPro,Prologue to the Franklin's Tale 696,,,10,What,Frankelein,pardee,sir,wel,thou,wost
data/riverside_cats/FranPro_riv.cat,data/oxford_txts/FranPro_oxford.txt,data/csvs/FranPro,Prologue to the Franklin's Tale 696,,,10,u,SuS,uS,u,S,u,S
data/riverside_cats/FranPro_riv.cat,data/oxford_txts/FranPro_oxford.txt,data/csvs/FranPro,Prologue to the Franklin's Tale 696,,,10,what@interj,frankelein@n,parde@interj,sire@n,wel@adv,thou@pron%nom,witen@v1%pr_2

That ech of yow moot tellen atte leste,||,That eche of yow mot° tellen atte leste
data/riverside_cats/FranPro_riv.cat,data/oxford_txts/FranPro_oxford.txt,data/csvs/FranPro,Prologue to the Franklin's Tale 697,,,10,That,ech,of,yow,moot,tellen,atte,leste
data/riverside_cats/FranPro_riv.cat,data/oxford_txts/FranPro_oxford.txt,data/csvs/FranPro,Prologue to the Franklin's Tale 697,,,10,u,S,u,S,u,Su,Su,Sx
data/riverside_cats/FranPro_riv.cat,data/oxford_txts/FranPro_oxford.txt,data/csvs/FranPro,Prologue to the Franklin's Tale 697,,,10,that@conj,ech@pron,of@prep,you@pron%pl_obj,moten@v2%pr_3,tellen@v%inf,atte@prep,leste@adj1#n%sup
data/riverside_cats/FranPro_riv.cat,data/oxford_txts/FranPro_oxford.txt,data/csvs/FranPro,Prologue to the Franklin's Tale 697,,,10,That,eche,of,yow,mot,tellen,atte,leste
data/riverside_cats/FranPro_riv.cat,data/oxford_txts/FranPro_oxford.txt,data/csvs/FranPro,Prologue to the Franklin's Tale 697,,,10,u,Sx,u,S,u,Su,Su,Sx
data/riverside_cats/FranPro_riv.cat,data/oxford_txts/FranPro_oxford.txt,data/csvs/FranPro,Prologue to the Franklin's Tale 697,,,10,that@conj,ech@pron,of@prep,you@pron%pl_obj,moten@v2%pr_3,tellen@v%inf,atte@prep,leste@adj1#n%sup

"A tale or two, or breken his biheste.""",||,"A tale or two, or breken his biheste.”°"
data/riverside_cats/FranPro_riv.cat,data/oxford_txts/FranPro_oxford.txt,data/csvs/FranPro,Prologue to the Franklin's Tale 698,,,10,A,tale,or,two,or,breken,his,biheste
data/riverside_cats/FranPro_riv.cat,data/oxford_txts/FranPro_oxford.txt,data/csvs/FranPro,Prologue to the Franklin's Tale 698,,,10,u,Sx,u,S,u,Su,S,uSx
data/riverside_cats/FranPro_riv.cat,data/oxford_txts/FranPro_oxford.txt,data/csvs/FranPro,Prologue to the Franklin's Tale 698,,,10,a@indef_art,tale@n,or@conj,two@num_adj,or@conj,breken@v%inf,his@pron1%gen,biheste@n
data/riverside_cats/FranPro_riv.cat,data/oxford_txts/FranPro_oxford.txt,data/csvs/FranPro,Prologue to the Franklin's Tale 698,,,10,A,tale,or,two,or,breken,his,biheste
data/riverside_cats/FranPro_riv.cat,data/oxford_txts/FranPro_oxford.txt,data/csvs/FranPro,Prologue to the Franklin's Tale 698,,,10,u,Sx,u,S,u,Su,S,uSx
data/riverside_cats/FranPro_riv.cat,data/oxford_txts/FranPro_oxford.txt,data/csvs/FranPro,Prologue to the Franklin's Tale 698,,,10,a@indef_art,tale@n,or@conj,two@num_adj,or@conj,breken@v%inf,his@pron1%gen,biheste@n

"""That knowe I wel, sire,"" quod the Frankeleyn.",||,"¶“That knowe I wel, sir,” quod the Frankelein;"
data/riverside_cats/FranPro_riv.cat,data/oxford_txts/FranPro_oxford.txt,data/csvs/FranPro,Prologue to the Franklin's Tale 699,,,10,That,knowe,I,wel,sire,quod,the,Frankeleyn
data/riverside_cats/FranPro_riv.cat,data/oxford_txts/FranPro_oxford.txt,data/csvs/FranPro,Prologue to the Franklin's Tale 699,,,10,u,Sx,u,S,ux,S,u,SuS
data/riverside_cats/FranPro_riv.cat,data/oxford_txts/FranPro_oxford.txt,data/csvs/FranPro,Prologue to the Franklin's Tale 699,,,10,that@pron,knouen@v%pr_1,ich@pron%nom,wel@adv,sire@n,quethen@v%pt_3,the@def_art,frankelein@n
data/riverside_cats/FranPro_riv.cat,data/oxford_txts/FranPro_oxford.txt,data/csvs/FranPro,Prologue to the Franklin's Tale 699,,,10,That,knowe,I,wel,sir,quod,the,Frankelein
data/riverside_cats/FranPro_riv.cat,data/oxford_txts/FranPro_oxford.txt,data/csvs/FranPro,Prologue to the Franklin's Tale 699,,,10,u,Sx,u,S,u,S,u,SuS
data/riverside_cats/FranPro_riv.cat,data/oxford_txts/FranPro_oxford.txt,data/csvs/FranPro,Prologue to the Franklin's Tale 699,,,10,that@pron,knouen@v%pr_1,ich@pron%nom,wel@adv,sire@n,quethen@v%pt_3,the@def_art,frankelein@n

"""I prey yow, haveth me nat in desdeyn,",||,"“I prey yow, haveth me nat° in desdein"
data/riverside_cats/FranPro_riv.cat,data/oxford_txts/FranPro_oxford.txt,data/csvs/FranPro,Prologue to the Franklin's Tale 700,,,10,I,prey,yow,haveth,me,nat,in,desdeyn
data/riverside_cats/FranPro_riv.cat,data/oxford_txts/FranPro_oxford.txt,data/csvs/FranPro,Prologue to the Franklin's Tale 700,,,10,u,S,u,Su,S,u,S,uS
data/riverside_cats/FranPro_riv.cat,data/oxford_txts/FranPro_oxford.txt,data/csvs/FranPro,Prologue to the Franklin's Tale 700,,,10,ich@pron%nom,preien@v1%pr_1,you@pron%pl_obj,haven@v%imp,me@pron2%obj,not@adv,in@prep,disdeine@n
data/riverside_cats/FranPro_riv.cat,data/oxford_txts/FranPro_oxford.txt,data/csvs/FranPro,Prologue to the Franklin's Tale 700,,,10,I,prey,yow,haveth,me,nat,in,desdein
data/riverside_cats/FranPro_riv.cat,data/oxford_txts/FranPro_oxford.txt,data/csvs/FranPro,Prologue to the Franklin's Tale 700,,,10,u,S,u,Su,S,u,S,uS
data/riverside_cats/FranPro_riv.cat,data/oxford_txts/FranPro_oxford.txt,data/csvs/FranPro,Prologue to the Franklin's Tale 700,,,10,ich@pron%nom,preien@v1%pr_1,you@pron%pl_obj,haven@v%imp,me@pron2%obj,not@adv,in@prep,disdeine@n

"Though to this man I speke a word or two.""",||,Though to this man I speke a word or two.”
data/riverside_cats/FranPro_riv.cat,data/oxford_txts/FranPro_oxford.txt,data/csvs/FranPro,Prologue to the Franklin's Tale 701,,,10,Though,to,this,man,I,speke,a,word,or,two
data/riverside_cats/FranPro_riv.cat,data/oxford_txts/FranPro_oxford.txt,data/csvs/FranPro,Prologue to the Franklin's Tale 701,,,10,u,S,u,S,u,Sx,u,S,u,S
data/riverside_cats/FranPro_riv.cat,data/oxford_txts/FranPro_oxford.txt,data/csvs/FranPro,Prologue to the Franklin's Tale 701,,,10,though@conj,to@prep,this@gram_adj,man@n,ich@pron%nom,speken@v%pr_1,a@indef_art,word@n,or@conj,two@num_adj
data/riverside_cats/FranPro_riv.cat,data/oxford_txts/FranPro_oxford.txt,data/csvs/FranPro,Prologue to the Franklin's Tale 701,,,10,Though,to,this,man,I,speke,a,word,or,two
data/riverside_cats/FranPro_riv.cat,data/oxford_txts/FranPro_oxford.txt,data/csvs/FranPro,Prologue to the Franklin's Tale 701,,,10,u,S,u,S,u,Sx,u,S,u,S
data/riverside_cats/FranPro_riv.cat,data/oxford_txts/FranPro_oxford.txt,data/csvs/FranPro,Prologue to the Franklin's Tale 701,,,10,though@conj,to@prep,this@gram_adj,man@n,ich@pron%nom,speken@v%pr_1,a@indef_art,word@n,or@conj,two@num_adj

"""Telle on thy tale withouten wordes mo.""",||,¶“Telle on thy tale withouten wordes mo.”
data/riverside_cats/FranPro_riv.cat,data/oxford_txts/FranPro_oxford.txt,data/csvs/FranPro,Prologue to the Franklin's Tale 702,,,10,Telle,on,thy,tale,withouten,wordes,mo
data/riverside_cats/FranPro_riv.cat,data/oxford_txts/FranPro_oxford.txt,data/csvs/FranPro,Prologue to the Franklin's Tale 702,,,10,ux,S,u,Sx,uSu,Su,S
data/riverside_cats/FranPro_riv.cat,data/oxford_txts/FranPro_oxford.txt,data/csvs/FranPro,Prologue to the Franklin's Tale 702,,,10,tellen@v%imp,on@adv1,thin@pron%gen,tale@n,withouten@prep,word@n%pl,mo@adj%comp
data/riverside_cats/FranPro_riv.cat,data/oxford_txts/FranPro_oxford.txt,data/csvs/FranPro,Prologue to the Franklin's Tale 702,,,10,Telle,on,thy,tale,withouten,wordes,mo
data/riverside_cats/FranPro_riv.cat,data/oxford_txts/FranPro_oxford.txt,data/csvs/FranPro,Prologue to the Franklin's Tale 702,,,10,ux,S,u,Sx,uSu,Su,S
data/riverside_cats/FranPro_riv.cat,data/oxford_txts/FranPro_oxford.txt,data/csvs/FranPro,Prologue to the Franklin's Tale 702,,,10,tellen@v%imp,on@adv1,thin@pron%gen,tale@n,withouten@prep,word@n%pl,mo@adj%comp

"""Gladly, sire Hoost,"" quod he, ""I wole obeye",||,"¶“Gladly, sir Host,” quod he, “I wol obeye"
data/riverside_cats/FranPro_riv.cat,data/oxford_txts/FranPro_oxford.txt,data/csvs/FranPro,Prologue to the Franklin's Tale 703,,,0,Gladly,sire,Hoost,quod,he,I,wole,obeye
data/riverside_cats/FranPro_riv.cat,data/oxford_txts/FranPro_oxford.txt,data/csvs/FranPro,Prologue to the Franklin's Tale 703,,,0,,,,,,,,
data/riverside_cats/FranPro_riv.cat,data/oxford_txts/FranPro_oxford.txt,data/csvs/FranPro,Prologue to the Franklin's Tale 703,,,0,gladli@adv,sire@n#adj,hoste@n2,quethen@v%pt_3,he@pron1%nom,ich@pron%nom,willen@v%pr_1,obeien@v%inf
data/riverside_cats/FranPro_riv.cat,data/oxford_txts/FranPro_oxford.txt,data/csvs/FranPro,Prologue to the Franklin's Tale 703,,,0,Gladly,sir,Host,quod,he,I,wol,obeye
data/riverside_cats/FranPro_riv.cat,data/oxford_txts/FranPro_oxford.txt,data/csvs/FranPro,Prologue to the Franklin's Tale 703,,,0,,,,,,,,
data/riverside_cats/FranPro_riv.cat,data/oxford_txts/FranPro_oxford.txt,data/csvs/FranPro,Prologue to the Franklin's Tale 703,,,0,gladli@adv,sire@n#adj,hoste@n2,quethen@v%pt_3,he@pron1%nom,ich@pron%nom,willen@v%pr_1,obeien@v%inf

Unto your wyl; now herkneth what I seye.,||,Unto your wil; now herkneth° what I seye.
data/riverside_cats/FranPro_riv.cat,data/oxford_txts/FranPro_oxford.txt,data/csvs/FranPro,Prologue to the Franklin's Tale 704,,,10,Unto,your,wyl,now,herkneth,what,I,seye
data/riverside_cats/FranPro_riv.cat,data/oxford_txts/FranPro_oxford.txt,data/csvs/FranPro,Prologue to the Franklin's Tale 704,,,10,uS,u,S,u,Su,S,u,S
data/riverside_cats/FranPro_riv.cat,data/oxford_txts/FranPro_oxford.txt,data/csvs/FranPro,Prologue to the Franklin's Tale 704,,,10,unto@prep,your@pron%pl_gen,wille@n,nou@adv,herkenen@v%imp,what@pron,ich@pron%nom,seien@v1%pr_1
data/riverside_cats/FranPro_riv.cat,data/oxford_txts/FranPro_oxford.txt,data/csvs/FranPro,Prologue to the Franklin's Tale 704,,,10,Unto,your,wil,now,herkneth,what,I,seye
data/riverside_cats/FranPro_riv.cat,data/oxford_txts/FranPro_oxford.txt,data/csvs/FranPro,Prologue to the Franklin's Tale 704,,,10,uS,u,S,u,Su,S,u,S
data/riverside_cats/FranPro_riv.cat,data/oxford_txts/FranPro_oxford.txt,data/csvs/FranPro,Prologue to the Franklin's Tale 704,,,10,unto@prep,your@pron%pl_gen,wille@n,nou@adv,herkenen@v%imp,what@pron,ich@pron%nom,seien@v1%pr_1

I wol yow nat contrarien in no wyse,||,I wol yow nat contrarien° in no wise
data/riverside_cats/FranPro_riv.cat,data/oxford_txts/FranPro_oxford.txt,data/csvs/FranPro,Prologue to the Franklin's Tale 705,,,0,I,wol,yow,nat,contrarien,in,no,wyse
data/riverside_cats/FranPro_riv.cat,data/oxford_txts/FranPro_oxford.txt,data/csvs/FranPro,Prologue to the Franklin's Tale 705,,,0,,,,,,,,
data/riverside_cats/FranPro_riv.cat,data/oxford_txts/FranPro_oxford.txt,data/csvs/FranPro,Prologue to the Franklin's Tale 705,,,0,ich@pron%nom,willen@v%pr_1,you@pron%pl_obj,not@adv,contrarien@v%inf,in@prep,no@gram_adj,wise@n2
data/riverside_cats/FranPro_riv.cat,data/oxford_txts/FranPro_oxford.txt,data/csvs/FranPro,Prologue to the Franklin's Tale 705,,,0,I,wol,yow,nat,contrarien,in,no,wise
data/riverside_cats/FranPro_riv.cat,data/oxford_txts/FranPro_oxford.txt,data/csvs/FranPro,Prologue to the Franklin's Tale 705,,,0,,,,,,,,
data/riverside_cats/FranPro_riv.cat,data/oxford_txts/FranPro_oxford.txt,data/csvs/FranPro,Prologue to the Franklin's Tale 705,,,0,ich@pron%nom,willen@v%pr_1,you@pron%pl_obj,not@adv,contrarien@v%inf,in@prep,no@gram_adj,wise@n2

As fer as that my wittes wol suffyse.,||,As fer as that my wittes° wol suffise;
data/riverside_cats/FranPro_riv.cat,data/oxford_txts/FranPro_oxford.txt,data/csvs/FranPro,Prologue to the Franklin's Tale 706,,,10,As,fer,as,that,my,wittes,wol,suffyse
data/riverside_cats/FranPro_riv.cat,data/oxford_txts/FranPro_oxford.txt,data/csvs/FranPro,Prologue to the Franklin's Tale 706,,,10,u,S,u,S,u,Su,S,uSx
data/riverside_cats/FranPro_riv.cat,data/oxford_txts/FranPro_oxford.txt,data/csvs/FranPro,Prologue to the Franklin's Tale 706,,,10,as@conj,fer@adv,as@conj,that@part,min@pron%gen,wit@n%pl,willen@v%pr_pl,suffisen@v%inf
data/riverside_cats/FranPro_riv.cat,data/oxford_txts/FranPro_oxford.txt,data/csvs/FranPro,Prologue to the Franklin's Tale 706,,,10,As,fer,as,that,my,wittes,wol,suffise
data/riverside_cats/FranPro_riv.cat,data/oxford_txts/FranPro_oxford.txt,data/csvs/FranPro,Prologue to the Franklin's Tale 706,,,10,u,S,u,S,u,Su,S,uSx
data/riverside_cats/FranPro_riv.cat,data/oxford_txts/FranPro_oxford.txt,data/csvs/FranPro,Prologue to the Franklin's Tale 706,,,10,as@conj,fer@adv,as@conj,that@part,min@pron%gen,wit@n%pl,willen@v%pr_pl,suffisen@v%inf

I prey to God that it may plesen yow;,||,"I prey to God that it may plesen yow,"
data/riverside_cats/FranPro_riv.cat,data/oxford_txts/FranPro_oxford.txt,data/csvs/FranPro,Prologue to the Franklin's Tale 707,,,10,I,prey,to,God,that,it,may,plesen,yow
data/riverside_cats/FranPro_riv.cat,data/oxford_txts/FranPro_oxford.txt,data/csvs/FranPro,Prologue to the Franklin's Tale 707,,,10,u,S,u,S,u,S,u,Su,S
data/riverside_cats/FranPro_riv.cat,data/oxford_txts/FranPro_oxford.txt,data/csvs/FranPro,Prologue to the Franklin's Tale 707,,,10,ich@pron%nom,preien@v1%pr_1,to@prep,god@n1#propn,that@conj,hit@pron,mouen@v3%pr_3,plesen@v%inf,you@pron%pl_obj
data/riverside_cats/FranPro_riv.cat,data/oxford_txts/FranPro_oxford.txt,data/csvs/FranPro,Prologue to the Franklin's Tale 707,,,10,I,prey,to,God,that,it,may,plesen,yow
data/riverside_cats/FranPro_riv.cat,data/oxford_txts/FranPro_oxford.txt,data/csvs/FranPro,Prologue to the Franklin's Tale 707,,,10,u,S,u,S,u,S,u,Su,S
data/riverside_cats/FranPro_riv.cat,data/oxford_txts/FranPro_oxford.txt,data/csvs/FranPro,Prologue to the Franklin's Tale 707,,,10,ich@pron%nom,preien@v1%pr_1,to@prep,god@n1#propn,that@conj,hit@pron,mouen@v3%pr_3,plesen@v%inf,you@pron%pl_obj

"Thanne woot I wel that it is good ynow.""",||,Than woot I wel that it is good ynow.”°
data/riverside_cats/FranPro_riv.cat,data/oxford_txts/FranPro_oxford.txt,data/csvs/FranPro,Prologue to the Franklin's Tale 708,,,10,Thanne,woot,I,wel,that,it,is,good,ynow
data/riverside_cats/FranPro_riv.cat,data/oxford_txts/FranPro_oxford.txt,data/csvs/FranPro,Prologue to the Franklin's Tale 708,,,10,ux,S,u,S,u,S,u,S,uS
data/riverside_cats/FranPro_riv.cat,data/oxford_txts/FranPro_oxford.txt,data/csvs/FranPro,Prologue to the Franklin's Tale 708,,,10,thanne@adv,witen@v1%pr_1,ich@pron%nom,wel@adv,that@conj,hit@pron,ben@v%pr_3,god@adj,inough@adv
data/riverside_cats/FranPro_riv.cat,data/oxford_txts/FranPro_oxford.txt,data/csvs/FranPro,Prologue to the Franklin's Tale 708,,,10,Than,woot,I,wel,that,it,is,good,ynow
data/riverside_cats/FranPro_riv.cat,data/oxford_txts/FranPro_oxford.txt,data/csvs/FranPro,Prologue to the Franklin's Tale 708,,,10,u,S,u,S,u,S,u,S,uS
data/riverside_cats/FranPro_riv.cat,data/oxford_txts/FranPro_oxford.txt,data/csvs/FranPro,Prologue to the Franklin's Tale 708,,,10,thanne@adv,witen@v1%pr_1,ich@pron%nom,wel@adv,that@conj,hit@pron,ben@v%pr_3,god@adj,inough@adv

Thise olde gentil Britouns in hir dayes,||,¶Thise olde gentil° Britons° in hir dayes
data/riverside_cats/FranPro_riv.cat,data/oxford_txts/FranPro_oxford.txt,data/csvs/FranPro,Prologue to the Franklin's Tale 709,,,10,Thise,olde,gentil,Britouns,in,hir,dayes
data/riverside_cats/FranPro_riv.cat,data/oxford_txts/FranPro_oxford.txt,data/csvs/FranPro,Prologue to the Franklin's Tale 709,,,10,ux,Sx,uS,uS,u,S,uS
data/riverside_cats/FranPro_riv.cat,data/oxford_txts/FranPro_oxford.txt,data/csvs/FranPro,Prologue to the Franklin's Tale 709,,,10,these@gram_adj%pl,olde@adj,gentil@adj,britoun@n%pl,in@prep,here@pron%pl_gen,dai@n%pl
data/riverside_cats/FranPro_riv.cat,data/oxford_txts/FranPro_oxford.txt,data/csvs/FranPro,Prologue to the Franklin's Tale 709,,,10,Thise,olde,gentil,Britons,in,hir,dayes
data/riverside_cats/FranPro_riv.cat,data/oxford_txts/FranPro_oxford.txt,data/csvs/FranPro,Prologue to the Franklin's Tale 709,,,10,ux,Sx,uS,uS,u,S,uS
data/riverside_cats/FranPro_riv.cat,data/oxford_txts/FranPro_oxford.txt,data/csvs/FranPro,Prologue to the Franklin's Tale 709,,,10,these@gram_adj%pl,olde@adj,gentil@adj,britoun@n%pl,in@prep,here@pron%pl_gen,dai@n%pl

"Of diverse aventures maden layes,",||,"Of diverse aventures maden laies,°"
data/riverside_cats/FranPro_riv.cat,data/oxford_txts/FranPro_oxford.txt,data/csvs/FranPro,Prologue to the Franklin's Tale 710,,,10,Of,diverse,aventures,maden,layes
data/riverside_cats/FranPro_riv.cat,data/oxford_txts/FranPro_oxford.txt,data/csvs/FranPro,Prologue to the Franklin's Tale 710,,,10,u,Sux,SuSu,Sx,uS
data/riverside_cats/FranPro_riv.cat,data/oxford_txts/FranPro_oxford.txt,data/csvs/FranPro,Prologue to the Franklin's Tale 710,,,10,of@prep,diverse@adj,aventure@n%pl,maken@v1%pr_pl,lai@n2%pl
data/riverside_cats/FranPro_riv.cat,data/oxford_txts/FranPro_oxford.txt,data/csvs/FranPro,Prologue to the Franklin's Tale 710,,,10,Of,diverse,aventures,maden,laies
data/riverside_cats/FranPro_riv.cat,data/oxford_txts/FranPro_oxford.txt,data/csvs/FranPro,Prologue to the Franklin's Tale 710,,,10,u,Sux,SuSu,Sx,uS
data/riverside_cats/FranPro_riv.cat,data/oxford_txts/FranPro_oxford.txt,data/csvs/FranPro,Prologue to the Franklin's Tale 710,,,10,of@prep,diverse@adj,aventure@n%pl,maken@v1%pr_pl,lai@n2%pl

"Rymeyed in hir firste Briton tonge,",||,Rimeyed° in hir firste Briton tonge;
data/riverside_cats/FranPro_riv.cat,data/oxford_txts/FranPro_oxford.txt,data/csvs/FranPro,Prologue to the Franklin's Tale 711,,,10,Rymeyed,in,hir,firste,Briton,tonge
data/riverside_cats/FranPro_riv.cat,data/oxford_txts/FranPro_oxford.txt,data/csvs/FranPro,Prologue to the Franklin's Tale 711,,,10,uSu,S,u,Su,Su,Sx
data/riverside_cats/FranPro_riv.cat,data/oxford_txts/FranPro_oxford.txt,data/csvs/FranPro,Prologue to the Franklin's Tale 711,,,10,rimeien@v%ppl_abs,in@prep,here@pron%pl_gen,first@num_adj,britoun@adj,tonge@n2
data/riverside_cats/FranPro_riv.cat,data/oxford_txts/FranPro_oxford.txt,data/csvs/FranPro,Prologue to the Franklin's Tale 711,,,10,Rimeyed,in,hir,firste,Briton,tonge
data/riverside_cats/FranPro_riv.cat,data/oxford_txts/FranPro_oxford.txt,data/csvs/FranPro,Prologue to the Franklin's Tale 711,,,10,uSu,S,u,Su,Su,Sx
data/riverside_cats/FranPro_riv.cat,data/oxford_txts/FranPro_oxford.txt,data/csvs/FranPro,Prologue to the Franklin's Tale 711,,,10,rimeien@v%ppl_abs,in@prep,here@pron%pl_gen,first@num_adj,britoun@adj,tonge@n2

Whiche layes with hir instrumentz they songe,||,"Which laies with hir instrumentz they songe,"
data/riverside_cats/FranPro_riv.cat,data/oxford_txts/FranPro_oxford.txt,data/csvs/FranPro,Prologue to the Franklin's Tale 712,,,10,Whiche,layes,with,hir,instrumentz,they,songe
data/riverside_cats/FranPro_riv.cat,data/oxford_txts/FranPro_oxford.txt,data/csvs/FranPro,Prologue to the Franklin's Tale 712,,,10,ux,Su,S,u,SuS,u,Sx
data/riverside_cats/FranPro_riv.cat,data/oxford_txts/FranPro_oxford.txt,data/csvs/FranPro,Prologue to the Franklin's Tale 712,,,10,which@gram_adj,lai@n2%pl,with@prep,here@pron%pl_gen,instrument@n%pl,thei@pron%pl_nom,singen@v%pt_pl
data/riverside_cats/FranPro_riv.cat,data/oxford_txts/FranPro_oxford.txt,data/csvs/FranPro,Prologue to the Franklin's Tale 712,,,10,Which,laies,with,hir,instrumentz,they,songe
data/riverside_cats/FranPro_riv.cat,data/oxford_txts/FranPro_oxford.txt,data/csvs/FranPro,Prologue to the Franklin's Tale 712,,,10,u,Su,S,u,SuS,u,Sx
data/riverside_cats/FranPro_riv.cat,data/oxford_txts/FranPro_oxford.txt,data/csvs/FranPro,Prologue to the Franklin's Tale 712,,,10,which@gram_adj,lai@n2%pl,with@prep,here@pron%pl_gen,instrument@n%pl,thei@pron%pl_nom,singen@v%pt_pl

Or elles redden hem for hir plesaunce;,||,Or elles redden° hem for hir plesaunce;
data/riverside_cats/FranPro_riv.cat,data/oxford_txts/FranPro_oxford.txt,data/csvs/FranPro,Prologue to the Franklin's Tale 713,,,10,Or,elles,redden,hem,for,hir,plesaunce
data/riverside_cats/FranPro_riv.cat,data/oxford_txts/FranPro_oxford.txt,data/csvs/FranPro,Prologue to the Franklin's Tale 713,,,10,u,Su,Su,S,u,S,uSx
data/riverside_cats/FranPro_riv.cat,data/oxford_txts/FranPro_oxford.txt,data/csvs/FranPro,Prologue to the Franklin's Tale 713,,,10,or@conj,elles@adv,reden@v1%pt_pl,hem@pron%pl_obj,for@prep,here@pron%pl_gen,plesaunce@n1
data/riverside_cats/FranPro_riv.cat,data/oxford_txts/FranPro_oxford.txt,data/csvs/FranPro,Prologue to the Franklin's Tale 713,,,10,Or,elles,redden,hem,for,hir,plesaunce
data/riverside_cats/FranPro_riv.cat,data/oxford_txts/FranPro_oxford.txt,data/csvs/FranPro,Prologue to the Franklin's Tale 713,,,10,u,Su,Su,S,u,S,uSx
data/riverside_cats/FranPro_riv.cat,data/oxford_txts/FranPro_oxford.txt,data/csvs/FranPro,Prologue to the Franklin's Tale 713,,,10,or@conj,elles@adv,reden@v1%pt_pl,hem@pron%pl_obj,for@prep,here@pron%pl_gen,plesaunce@n1

"And oon of hem have I in remembraunce,",||,"And oon of hem have I in remembraunce,°"
data/riverside_cats/FranPro_riv.cat,data/oxford_txts/FranPro_oxford.txt,data/csvs/FranPro,Prologue to the Franklin's Tale 714,,,10,And,oon,of,hem,have,I,in,remembraunce
data/riverside_cats/FranPro_riv.cat,data/oxford_txts/FranPro_oxford.txt,data/csvs/FranPro,Prologue to the Franklin's Tale 714,,,10,u,S,u,S,ux,S,u,SuSx
data/riverside_cats/FranPro_riv.cat,data/oxford_txts/FranPro_oxford.txt,data/csvs/FranPro,Prologue to the Franklin's Tale 714,,,10,and@conj,on@pron,of@prep,hem@pron%pl_obj,haven@v%pr_1,ich@pron%nom,in@prep,remembraunce@n
data/riverside_cats/FranPro_riv.cat,data/oxford_txts/FranPro_oxford.txt,data/csvs/FranPro,Prologue to the Franklin's Tale 714,,,10,And,oon,of,hem,have,I,in,remembraunce
data/riverside_cats/FranPro_riv.cat,data/oxford_txts/FranPro_oxford.txt,data/csvs/FranPro,Prologue to the Franklin's Tale 714,,,10,u,S,u,S,ux,S,u,SuSx
data/riverside_cats/FranPro_riv.cat,data/oxford_txts/FranPro_oxford.txt,data/csvs/FranPro,Prologue to the Franklin's Tale 714,,,10,and@conj,on@pron,of@prep,hem@pron%pl_obj,haven@v%pr_1,ich@pron%nom,in@prep,remembraunce@n

Which I shal seyn with good wyl as I kan.,||,Which I shal seyn° with good wil° as I can.
data/riverside_cats/FranPro_riv.cat,data/oxford_txts/FranPro_oxford.txt,data/csvs/FranPro,Prologue to the Franklin's Tale 715,,,10,Which,I,shal,seyn,with,good,wyl,as,I,kan
data/riverside_cats/FranPro_riv.cat,data/oxford_txts/FranPro_oxford.txt,data/csvs/FranPro,Prologue to the Franklin's Tale 715,,,10,u,S,u,S,u,S,u,S,u,S
data/riverside_cats/FranPro_riv.cat,data/oxford_txts/FranPro_oxford.txt,data/csvs/FranPro,Prologue to the Franklin's Tale 715,,,10,which@pron,ich@pron%nom,shulen@v1%pr_1,seien@v1%inf,with@prep,god@adj,wille@n,as@conj,ich@pron%nom,connen@v%pr_1
data/riverside_cats/FranPro_riv.cat,data/oxford_txts/FranPro_oxford.txt,data/csvs/FranPro,Prologue to the Franklin's Tale 715,,,10,Which,I,shal,seyn,with,good,wil,as,I,can
data/riverside_cats/FranPro_riv.cat,data/oxford_txts/FranPro_oxford.txt,data/csvs/FranPro,Prologue to the Franklin's Tale 715,,,10,u,S,u,S,u,S,u,S,u,S
data/riverside_cats/FranPro_riv.cat,data/oxford_txts/FranPro_oxford.txt,data/csvs/FranPro,Prologue to the Franklin's Tale 715,,,10,which@pron,ich@pron%nom,shulen@v1%pr_1,seien@v1%inf,with@prep,god@adj,wille@n,as@conj,ich@pron%nom,connen@v%pr_1

"But, sires, by cause I am a burel man,",||,"¶But, sirs, bicause I am a burel° man,"
data/riverside_cats/FranPro_riv.cat,data/oxford_txts/FranPro_oxford.txt,data/csvs/FranPro,Prologue to the Franklin's Tale 716,DIFF,,10,But,sires,by,cause,I,am,a,burel,man
data/riverside_cats/FranPro_riv.cat,data/oxford_txts/FranPro_oxford.txt,data/csvs/FranPro,Prologue to the Franklin's Tale 716,DIFF,,10,u,Su,S,ux,x,S,u,Su,S
data/riverside_cats/FranPro_riv.cat,data/oxford_txts/FranPro_oxford.txt,data/csvs/FranPro,Prologue to the Franklin's Tale 716,DIFF,,10,but@conj,sire@n%pl,bi@prep,cause@n,ich@pron%nom,ben@v%pr_1,a@indef_art,burel@n1#adj,man@n
data/riverside_cats/FranPro_riv.cat,data/oxford_txts/FranPro_oxford.txt,data/csvs/FranPro,Prologue to the Franklin's Tale 716,DIFF,,10,But,sirs,bicause,I,am,a,burel,man
data/riverside_cats/FranPro_riv.cat,data/oxford_txts/FranPro_oxford.txt,data/csvs/FranPro,Prologue to the Franklin's Tale 716,DIFF,,10,u,S,uSx,u,S,u,Su,S
data/riverside_cats/FranPro_riv.cat,data/oxford_txts/FranPro_oxford.txt,data/csvs/FranPro,Prologue to the Franklin's Tale 716,DIFF,,10,but@conj,sire@n%pl,,ich@pron%nom,ben@v%pr_1,ich@pron%nom,burel@n1#adj,man@n

"At my bigynnyng first I yow biseche,",||,At my biginning first I yow biseche
data/riverside_cats/FranPro_riv.cat,data/oxford_txts/FranPro_oxford.txt,data/csvs/FranPro,Prologue to the Franklin's Tale 717,,,10,At,my,bigynnyng,first,I,yow,biseche
data/riverside_cats/FranPro_riv.cat,data/oxford_txts/FranPro_oxford.txt,data/csvs/FranPro,Prologue to the Franklin's Tale 717,,,10,u,S,uSu,S,u,S,uSx
data/riverside_cats/FranPro_riv.cat,data/oxford_txts/FranPro_oxford.txt,data/csvs/FranPro,Prologue to the Franklin's Tale 717,,,10,at@prep,min@pron%gen,biginninge@ger,first@adv,ich@pron%nom,you@pron%pl_obj,bisechen@v%pr_1
data/riverside_cats/FranPro_riv.cat,data/oxford_txts/FranPro_oxford.txt,data/csvs/FranPro,Prologue to the Franklin's Tale 717,,,10,At,my,biginning,first,I,yow,biseche
data/riverside_cats/FranPro_riv.cat,data/oxford_txts/FranPro_oxford.txt,data/csvs/FranPro,Prologue to the Franklin's Tale 717,,,10,u,S,uSu,S,u,S,uSx
data/riverside_cats/FranPro_riv.cat,data/oxford_txts/FranPro_oxford.txt,data/csvs/FranPro,Prologue to the Franklin's Tale 717,,,10,at@prep,min@pron%gen,biginninge@ger,first@adv,ich@pron%nom,you@pron%pl_obj,bisechen@v%pr_1

Have me excused of my rude speche.,||,Have me excused of my rude° speche;
data/riverside_cats/FranPro_riv.cat,data/oxford_txts/FranPro_oxford.txt,data/csvs/FranPro,Prologue to the Franklin's Tale 718,,,10,Have,me,excused,of,my,rude,speche
data/riverside_cats/FranPro_riv.cat,data/oxford_txts/FranPro_oxford.txt,data/csvs/FranPro,Prologue to the Franklin's Tale 718,,,10,ux,S,uSu,S,u,Su,Sx
data/riverside_cats/FranPro_riv.cat,data/oxford_txts/FranPro_oxford.txt,data/csvs/FranPro,Prologue to the Franklin's Tale 718,,,10,haven@v%imp,me@pron2%obj,excusen@v%ppl,of@prep,min@pron%gen,rude@adj,speche@n
data/riverside_cats/FranPro_riv.cat,data/oxford_txts/FranPro_oxford.txt,data/csvs/FranPro,Prologue to the Franklin's Tale 718,,,10,Have,me,excused,of,my,rude,speche
data/riverside_cats/FranPro_riv.cat,data/oxford_txts/FranPro_oxford.txt,data/csvs/FranPro,Prologue to the Franklin's Tale 718,,,10,ux,S,uSu,S,u,Su,Sx
data/riverside_cats/FranPro_riv.cat,data/oxford_txts/FranPro_oxford.txt,data/csvs/FranPro,Prologue to the Franklin's Tale 718,,,10,haven@v%imp,me@pron2%obj,excusen@v%ppl,of@prep,min@pron%gen,rude@adj,speche@n

"I lerned nevere rethorik, certeyn;",||,I lerned never rethorik certein;
data/riverside_cats/FranPro_riv.cat,data/oxford_txts/FranPro_oxford.txt,data/csvs/FranPro,Prologue to the Franklin's Tale 719,,,10,I,lerned,nevere,rethorik,certeyn
data/riverside_cats/FranPro_riv.cat,data/oxford_txts/FranPro_oxford.txt,data/csvs/FranPro,Prologue to the Franklin's Tale 719,,,10,u,Su,Sux,SuS,uS
data/riverside_cats/FranPro_riv.cat,data/oxford_txts/FranPro_oxford.txt,data/csvs/FranPro,Prologue to the Franklin's Tale 719,,,10,ich@pron%nom,lernen@v%pt_1,never@adv,rethorike@n,certain@adv
data/riverside_cats/FranPro_riv.cat,data/oxford_txts/FranPro_oxford.txt,data/csvs/FranPro,Prologue to the Franklin's Tale 719,,,10,I,lerned,never,rethorik,certein
data/riverside_cats/FranPro_riv.cat,data/oxford_txts/FranPro_oxford.txt,data/csvs/FranPro,Prologue to the Franklin's Tale 719,,,10,u,Su,Su,SuS,uS
data/riverside_cats/FranPro_riv.cat,data/oxford_txts/FranPro_oxford.txt,data/csvs/FranPro,Prologue to the Franklin's Tale 719,,,10,ich@pron%nom,lernen@v%pt_1,never@adv,rethorike@n,certain@adv

"Thyng that I speke, it moot be bare and pleyn.",||,"Thing that I speke, it moot° be bare° and plein."
data/riverside_cats/FranPro_riv.cat,data/oxford_txts/FranPro_oxford.txt,data/csvs/FranPro,Prologue to the Franklin's Tale 720,,,10,Thyng,that,I,speke,it,moot,be,bare,and,pleyn
data/riverside_cats/FranPro_riv.cat,data/oxford_txts/FranPro_oxford.txt,data/csvs/FranPro,Prologue to the Franklin's Tale 720,,,10,u,S,u,Sx,u,S,u,Sx,u,S
data/riverside_cats/FranPro_riv.cat,data/oxford_txts/FranPro_oxford.txt,data/csvs/FranPro,Prologue to the Franklin's Tale 720,,,10,thing@n,that@pron,ich@pron%nom,speken@v%pr_1,hit@pron,moten@v2%pr_3,ben@v%inf,bar@adj,and@conj,plaine@adj
data/riverside_cats/FranPro_riv.cat,data/oxford_txts/FranPro_oxford.txt,data/csvs/FranPro,Prologue to the Franklin's Tale 720,,,10,Thing,that,I,speke,it,moot,be,bare,and,plein
data/riverside_cats/FranPro_riv.cat,data/oxford_txts/FranPro_oxford.txt,data/csvs/FranPro,Prologue to the Franklin's Tale 720,,,10,u,S,u,Sx,u,S,u,Sx,u,S
data/riverside_cats/FranPro_riv.cat,data/oxford_txts/FranPro_oxford.txt,data/csvs/FranPro,Prologue to the Franklin's Tale 720,,,10,thing@n,that@pron,ich@pron%nom,speken@v%pr_1,hit@pron,moten@v2%pr_3,ben@v%inf,bar@adj,and@conj,plaine@adj

"I sleep nevere on the Mount of Pernaso,",||,"I sleep° never on the mount of Parnaso,"
data/riverside_cats/FranPro_riv.cat,data/oxford_txts/FranPro_oxford.txt,data/csvs/FranPro,Prologue to the Franklin's Tale 721,,,10,I,sleep,nevere,on,the,Mount,of,Pernaso
data/riverside_cats/FranPro_riv.cat,data/oxford_txts/FranPro_oxford.txt,data/csvs/FranPro,Prologue to the Franklin's Tale 721,,,10,u,S,uxx,S,u,S,u,SuS
data/riverside_cats/FranPro_riv.cat,data/oxford_txts/FranPro_oxford.txt,data/csvs/FranPro,Prologue to the Franklin's Tale 721,,,10,ich@pron%nom,slepen@v%pt_1,never@adv,on@prep,the@def_art,mount@n1,of@prep,parnaso@n#propn
data/riverside_cats/FranPro_riv.cat,data/oxford_txts/FranPro_oxford.txt,data/csvs/FranPro,Prologue to the Franklin's Tale 721,,,10,I,sleep,never,on,the,mount,of,Parnaso
data/riverside_cats/FranPro_riv.cat,data/oxford_txts/FranPro_oxford.txt,data/csvs/FranPro,Prologue to the Franklin's Tale 721,,,10,u,S,u,S,u,S,u,SuS
data/riverside_cats/FranPro_riv.cat,data/oxford_txts/FranPro_oxford.txt,data/csvs/FranPro,Prologue to the Franklin's Tale 721,,,10,ich@pron%nom,slepen@v%pt_1,never@adv,on@prep,the@def_art,mount@n1,of@prep,parnaso@n#propn

Ne lerned Marcus Tullius Scithero.,||,Ne lerned Marcus Tullius Cithero.
data/riverside_cats/FranPro_riv.cat,data/oxford_txts/FranPro_oxford.txt,data/csvs/FranPro,Prologue to the Franklin's Tale 722,DIFF,,10,Ne,lerned,Marcus,Tullius,Scithero
data/riverside_cats/FranPro_riv.cat,data/oxford_txts/FranPro_oxford.txt,data/csvs/FranPro,Prologue to the Franklin's Tale 722,DIFF,,10,u,Su,Su,SuS,uxS
data/riverside_cats/FranPro_riv.cat,data/oxford_txts/FranPro_oxford.txt,data/csvs/FranPro,Prologue to the Franklin's Tale 722,DIFF,,10,ne@conj1,lernen@v%pt_1,marcus@n#propn,tullius@n1#propn,scithero@n#propn
data/riverside_cats/FranPro_riv.cat,data/oxford_txts/FranPro_oxford.txt,data/csvs/FranPro,Prologue to the Franklin's Tale 722,DIFF,,10,Ne,lerned,Marcus,Tullius,Cithero
data/riverside_cats/FranPro_riv.cat,data/oxford_txts/FranPro_oxford.txt,data/csvs/FranPro,Prologue to the Franklin's Tale 722,DIFF,,10,u,Su,Su,SuS,uxS
data/riverside_cats/FranPro_riv.cat,data/oxford_txts/FranPro_oxford.txt,data/csvs/FranPro,Prologue to the Franklin's Tale 722,DIFF,,10,ne@conj1,lernen@v%pt_1,marcus@n#propn,tullius@n1#propn,

"Colours ne knowe I none, withouten drede,",||,"Colours° ne knowe I noon, withouten drede,°"
data/riverside_cats/FranPro_riv.cat,data/oxford_txts/FranPro_oxford.txt,data/csvs/FranPro,Prologue to the Franklin's Tale 723,,,10,Colours,ne,knowe,I,none,withouten,drede
data/riverside_cats/FranPro_riv.cat,data/oxford_txts/FranPro_oxford.txt,data/csvs/FranPro,Prologue to the Franklin's Tale 723,,,10,uS,u,Sx,u,Sx,uSu,Sx
data/riverside_cats/FranPro_riv.cat,data/oxford_txts/FranPro_oxford.txt,data/csvs/FranPro,Prologue to the Franklin's Tale 723,,,10,colour@n%pl,ne@adv,knouen@v%pr_1,ich@pron%nom,non@gram_adj,withouten@prep,drede@n
data/riverside_cats/FranPro_riv.cat,data/oxford_txts/FranPro_oxford.txt,data/csvs/FranPro,Prologue to the Franklin's Tale 723,,,10,Colours,ne,knowe,I,noon,withouten,drede
data/riverside_cats/FranPro_riv.cat,data/oxford_txts/FranPro_oxford.txt,data/csvs/FranPro,Prologue to the Franklin's Tale 723,,,10,uS,u,Sx,u,S,uSu,Sx
data/riverside_cats/FranPro_riv.cat,data/oxford_txts/FranPro_oxford.txt,data/csvs/FranPro,Prologue to the Franklin's Tale 723,,,10,colour@n%pl,ne@adv,knouen@v%pr_1,ich@pron%nom,non@gram_adj,withouten@prep,drede@n

"But swiche colours as growen in the mede,",||,"But swich colours as growen in the mede,°"
data/riverside_cats/FranPro_riv.cat,data/oxford_txts/FranPro_oxford.txt,data/csvs/FranPro,Prologue to the Franklin's Tale 724,,,10,But,swiche,colours,as,growen,in,the,mede
data/riverside_cats/FranPro_riv.cat,data/oxford_txts/FranPro_oxford.txt,data/csvs/FranPro,Prologue to the Franklin's Tale 724,,,10,u,Sx,uS,u,Su,S,u,Sx
data/riverside_cats/FranPro_riv.cat,data/oxford_txts/FranPro_oxford.txt,data/csvs/FranPro,Prologue to the Franklin's Tale 724,,,10,but@conj,swich@gram_adj,colour@n%pl,as@conj,grouen@v%pr_pl,in@prep,the@def_art,mede@n2
data/riverside_cats/FranPro_riv.cat,data/oxford_txts/FranPro_oxford.txt,data/csvs/FranPro,Prologue to the Franklin's Tale 724,,,10,But,swich,colours,as,growen,in,the,mede
data/riverside_cats/FranPro_riv.cat,data/oxford_txts/FranPro_oxford.txt,data/csvs/FranPro,Prologue to the Franklin's Tale 724,,,10,u,S,uS,u,Su,S,u,Sx
data/riverside_cats/FranPro_riv.cat,data/oxford_txts/FranPro_oxford.txt,data/csvs/FranPro,Prologue to the Franklin's Tale 724,,,10,but@conj,swich@gram_adj,colour@n%pl,as@conj,grouen@v%pr_pl,in@prep,the@def_art,mede@n2

Or elles swiche as men dye or peynte.,||,Or elles swiche as men do dye or peinte.
data/riverside_cats/FranPro_riv.cat,data/oxford_txts/FranPro_oxford.txt,data/csvs/FranPro,Prologue to the Franklin's Tale 725,DIFF,,10,Or,elles,swiche,as,men,dye,or,peynte
data/riverside_cats/FranPro_riv.cat,data/oxford_txts/FranPro_oxford.txt,data/csvs/FranPro,Prologue to the Franklin's Tale 725,DIFF,,10,u,Su,Su,S,u,S,u,Sx
data/riverside_cats/FranPro_riv.cat,data/oxford_txts/FranPro_oxford.txt,data/csvs/FranPro,Prologue to the Franklin's Tale 725,DIFF,,10,or@conj,elles@adv,swich@gram_adj,as@conj,man@n%pl,deien@v%pr_pl,or@conj,peinten@v%pr_pl
data/riverside_cats/FranPro_riv.cat,data/oxford_txts/FranPro_oxford.txt,data/csvs/FranPro,Prologue to the Franklin's Tale 725,DIFF,,10,Or,elles,swiche,as,men,do,dye,or,peinte
data/riverside_cats/FranPro_riv.cat,data/oxford_txts/FranPro_oxford.txt,data/csvs/FranPro,Prologue to the Franklin's Tale 725,DIFF,,10,u,Su,Sx,u,S,u,S,u,Sx
data/riverside_cats/FranPro_riv.cat,data/oxford_txts/FranPro_oxford.txt,data/csvs/FranPro,Prologue to the Franklin's Tale 725,DIFF,,10,or@conj,elles@adv,swich@gram_adj,as@conj,man@n%pl,,deien@v%pr_pl,or@conj,peinten@v%pr_pl

Colours of rethoryk been to me queynte;,||,Colours of rethorik they ben to queinte;°
data/riverside_cats/FranPro_riv.cat,data/oxford_txts/FranPro_oxford.txt,data/csvs/FranPro,Prologue to the Franklin's Tale 726,DIFF,,10,Colours,of,rethoryk,been,to,me,queynte
data/riverside_cats/FranPro_riv.cat,data/oxford_txts/FranPro_oxford.txt,data/csvs/FranPro,Prologue to the Franklin's Tale 726,DIFF,,10,uS,u,SuS,u,S,u,Sx
data/riverside_cats/FranPro_riv.cat,data/oxford_txts/FranPro_oxford.txt,data/csvs/FranPro,Prologue to the Franklin's Tale 726,DIFF,,10,colour@n%pl,of@prep,rethorike@n,ben@v%pr_pl,to@prep,me@pron2%obj,queinte@adj
data/riverside_cats/FranPro_riv.cat,data/oxford_txts/FranPro_oxford.txt,data/csvs/FranPro,Prologue to the Franklin's Tale 726,DIFF,,10,Colours,of,rethorik,they,ben,to,queinte
data/riverside_cats/FranPro_riv.cat,data/oxford_txts/FranPro_oxford.txt,data/csvs/FranPro,Prologue to the Franklin's Tale 726,DIFF,,10,uS,u,SuS,u,S,u,Sx
data/riverside_cats/FranPro_riv.cat,data/oxford_txts/FranPro_oxford.txt,data/csvs/FranPro,Prologue to the Franklin's Tale 726,DIFF,,10,colour@n%pl,of@prep,rethorike@n,,,to@prep,queinte@adj

My spirit feeleth noght of swich mateere.,||,My spirit feleth° noght of swich matere.
data/riverside_cats/FranPro_riv.cat,data/oxford_txts/FranPro_oxford.txt,data/csvs/FranPro,Prologue to the Franklin's Tale 727,,,10,My,spirit,feeleth,noght,of,swich,mateere
data/riverside_cats/FranPro_riv.cat,data/oxford_txts/FranPro_oxford.txt,data/csvs/FranPro,Prologue to the Franklin's Tale 727,,,10,u,Su,Su,S,u,S,uSx
data/riverside_cats/FranPro_riv.cat,data/oxford_txts/FranPro_oxford.txt,data/csvs/FranPro,Prologue to the Franklin's Tale 727,,,10,min@pron%gen,spirit@n,felen@v1%pr_3,nought@pron,of@prep,swich@gram_adj,matere@n
data/riverside_cats/FranPro_riv.cat,data/oxford_txts/FranPro_oxford.txt,data/csvs/FranPro,Prologue to the Franklin's Tale 727,,,10,My,spirit,feleth,noght,of,swich,matere
data/riverside_cats/FranPro_riv.cat,data/oxford_txts/FranPro_oxford.txt,data/csvs/FranPro,Prologue to the Franklin's Tale 727,,,10,u,Su,Su,S,u,S,uSx
data/riverside_cats/FranPro_riv.cat,data/oxford_txts/FranPro_oxford.txt,data/csvs/FranPro,Prologue to the Franklin's Tale 727,,,10,min@pron%gen,spirit@n,felen@v1%pr_3,nought@pron,of@prep,swich@gram_adj,matere@n

"But if yow list, my tale shul ye heere.",||,"But if yow list,° my tale shul ye here."
data/riverside_cats/FranPro_riv.cat,data/oxford_txts/FranPro_oxford.txt,data/csvs/FranPro,Prologue to the Franklin's Tale 728,,,10,But,if,yow,list,my,tale,shul,ye,heere
data/riverside_cats/FranPro_riv.cat,data/oxford_txts/FranPro_oxford.txt,data/csvs/FranPro,Prologue to the Franklin's Tale 728,,,10,u,S,u,S,u,Su,S,u,Sx
data/riverside_cats/FranPro_riv.cat,data/oxford_txts/FranPro_oxford.txt,data/csvs/FranPro,Prologue to the Franklin's Tale 728,,,10,but@conj,if@conj,you@pron%pl_obj,listen@v1%pr_3,min@pron%gen,tale@n,shulen@v1%pr_pl,ye@pron%pl_nom,heren@v%inf
data/riverside_cats/FranPro_riv.cat,data/oxford_txts/FranPro_oxford.txt,data/csvs/FranPro,Prologue to the Franklin's Tale 728,,,10,But,if,yow,list,my,tale,shul,ye,here
data/riverside_cats/FranPro_riv.cat,data/oxford_txts/FranPro_oxford.txt,data/csvs/FranPro,Prologue to the Franklin's Tale 728,,,10,u,S,u,S,u,Su,S,u,Sx
data/riverside_cats/FranPro_riv.cat,data/oxford_txts/FranPro_oxford.txt,data/csvs/FranPro,Prologue to the Franklin's Tale 728,,,10,but@conj,if@conj,you@pron%pl_obj,listen@v1%pr_3,min@pron%gen,tale@n,shulen@v1%pr_pl,ye@pron%pl_nom,heren@v%inf

