"""Namoore of this, for Goddes dignitee,""",||,"¶“No moore of this, for Goddes dignitee,”"
data/riverside_cats/MelPro_riv.cat,data/oxford_txts/MelPro_oxford.txt,data/csvs/MelPro,07-3-ch 919,DIFF,,10,Namoore,of,this,for,Goddes,dignitee
data/riverside_cats/MelPro_riv.cat,data/oxford_txts/MelPro_oxford.txt,data/csvs/MelPro,07-3-ch 919,DIFF,,10,uSx,u,S,u,Su,SuS
data/riverside_cats/MelPro_riv.cat,data/oxford_txts/MelPro_oxford.txt,data/csvs/MelPro,07-3-ch 919,DIFF,,10,no_more@n,of@prep,this@pron,for@prep,god@n1#propn%gen,dignite@n
data/riverside_cats/MelPro_riv.cat,data/oxford_txts/MelPro_oxford.txt,data/csvs/MelPro,07-3-ch 919,DIFF,,10,No,moore,of,this,for,Goddes,dignitee
data/riverside_cats/MelPro_riv.cat,data/oxford_txts/MelPro_oxford.txt,data/csvs/MelPro,07-3-ch 919,DIFF,,10,u,Sx,u,S,u,Su,SuS
data/riverside_cats/MelPro_riv.cat,data/oxford_txts/MelPro_oxford.txt,data/csvs/MelPro,07-3-ch 919,DIFF,,10,,,of@prep,this@pron,for@prep,god@n1#propn%gen,dignite@n

"Quod oure Hooste, ""for thou makest me",||,"Quod oure Hoste, “for thou makest me"
data/riverside_cats/MelPro_riv.cat,data/oxford_txts/MelPro_oxford.txt,data/csvs/MelPro,07-3-ch 920,,,10,Quod,oure,Hooste,for,thou,makest,me
data/riverside_cats/MelPro_riv.cat,data/oxford_txts/MelPro_oxford.txt,data/csvs/MelPro,07-3-ch 920,,,10,u,Su,Su,S,u,Su,S
data/riverside_cats/MelPro_riv.cat,data/oxford_txts/MelPro_oxford.txt,data/csvs/MelPro,07-3-ch 920,,,10,quethen@v%pt_3,oure@pron%pl_gen,hoste@n2,for@conj,thou@pron%nom,maken@v1%pr_2,me@pron2%obj
data/riverside_cats/MelPro_riv.cat,data/oxford_txts/MelPro_oxford.txt,data/csvs/MelPro,07-3-ch 920,,,10,Quod,oure,Hoste,for,thou,makest,me
data/riverside_cats/MelPro_riv.cat,data/oxford_txts/MelPro_oxford.txt,data/csvs/MelPro,07-3-ch 920,,,10,u,Su,Su,S,u,Su,S
data/riverside_cats/MelPro_riv.cat,data/oxford_txts/MelPro_oxford.txt,data/csvs/MelPro,07-3-ch 920,,,10,quethen@v%pt_3,oure@pron%pl_gen,hoste@n2,for@conj,thou@pron%nom,maken@v1%pr_2,me@pron2%obj

So wery of thy verray lewednesse,||,So wery of thy verray lewednesse°
data/riverside_cats/MelPro_riv.cat,data/oxford_txts/MelPro_oxford.txt,data/csvs/MelPro,07-3-ch 921,,,10,So,wery,of,thy,verray,lewednesse
data/riverside_cats/MelPro_riv.cat,data/oxford_txts/MelPro_oxford.txt,data/csvs/MelPro,07-3-ch 921,,,10,u,Su,S,u,Su,SuSx
data/riverside_cats/MelPro_riv.cat,data/oxford_txts/MelPro_oxford.txt,data/csvs/MelPro,07-3-ch 921,,,10,so@adv,weri@adj,of@prep,thin@pron%gen,verrei@adj,leuednesse@n
data/riverside_cats/MelPro_riv.cat,data/oxford_txts/MelPro_oxford.txt,data/csvs/MelPro,07-3-ch 921,,,10,So,wery,of,thy,verray,lewednesse
data/riverside_cats/MelPro_riv.cat,data/oxford_txts/MelPro_oxford.txt,data/csvs/MelPro,07-3-ch 921,,,10,u,Su,S,u,Su,SuSx
data/riverside_cats/MelPro_riv.cat,data/oxford_txts/MelPro_oxford.txt,data/csvs/MelPro,07-3-ch 921,,,10,so@adv,weri@adj,of@prep,thin@pron%gen,verrei@adj,leuednesse@n

"That, also wisly God my soule blesse,",||,"That, also wisly° God my soule blesse,"
data/riverside_cats/MelPro_riv.cat,data/oxford_txts/MelPro_oxford.txt,data/csvs/MelPro,07-3-ch 922,,,10,That,also,wisly,God,my,soule,blesse
data/riverside_cats/MelPro_riv.cat,data/oxford_txts/MelPro_oxford.txt,data/csvs/MelPro,07-3-ch 922,,,10,u,Su,Su,S,u,Su,Sx
data/riverside_cats/MelPro_riv.cat,data/oxford_txts/MelPro_oxford.txt,data/csvs/MelPro,07-3-ch 922,,,10,that@conj,as@conj,wisli@adv,god@n1#propn,min@pron%gen,soule@n,blessen@v%pr_3
data/riverside_cats/MelPro_riv.cat,data/oxford_txts/MelPro_oxford.txt,data/csvs/MelPro,07-3-ch 922,,,10,That,also,wisly,God,my,soule,blesse
data/riverside_cats/MelPro_riv.cat,data/oxford_txts/MelPro_oxford.txt,data/csvs/MelPro,07-3-ch 922,,,10,u,Su,Su,S,u,Su,Sx
data/riverside_cats/MelPro_riv.cat,data/oxford_txts/MelPro_oxford.txt,data/csvs/MelPro,07-3-ch 922,,,10,that@conj,as@conj,wisli@adv,god@n1#propn,min@pron%gen,soule@n,blessen@v%pr_3

Myne eres aken of thy drasty speche.,||,Min eres° aken° of thy drasty° speche;
data/riverside_cats/MelPro_riv.cat,data/oxford_txts/MelPro_oxford.txt,data/csvs/MelPro,07-3-ch 923,,,10,Myne,eres,aken,of,thy,drasty,speche
data/riverside_cats/MelPro_riv.cat,data/oxford_txts/MelPro_oxford.txt,data/csvs/MelPro,07-3-ch 923,,,10,ux,Su,Su,S,u,Su,Sx
data/riverside_cats/MelPro_riv.cat,data/oxford_txts/MelPro_oxford.txt,data/csvs/MelPro,07-3-ch 923,,,10,min@pron%gen,ere@n1%pl,aken@v%pr_pl,of@prep,thin@pron%gen,drasti@adj,speche@n
data/riverside_cats/MelPro_riv.cat,data/oxford_txts/MelPro_oxford.txt,data/csvs/MelPro,07-3-ch 923,,,10,Min,eres,aken,of,thy,drasty,speche
data/riverside_cats/MelPro_riv.cat,data/oxford_txts/MelPro_oxford.txt,data/csvs/MelPro,07-3-ch 923,,,10,u,Su,Su,S,u,Su,Sx
data/riverside_cats/MelPro_riv.cat,data/oxford_txts/MelPro_oxford.txt,data/csvs/MelPro,07-3-ch 923,,,10,min@pron%gen,ere@n1%pl,aken@v%pr_pl,of@prep,thin@pron%gen,drasti@adj,speche@n

Now swich a rym the devel I biteche!,||,Now swich a rim° the devel I biteche!°
data/riverside_cats/MelPro_riv.cat,data/oxford_txts/MelPro_oxford.txt,data/csvs/MelPro,07-3-ch 924,,,10,Now,swich,a,rym,the,devel,I,biteche
data/riverside_cats/MelPro_riv.cat,data/oxford_txts/MelPro_oxford.txt,data/csvs/MelPro,07-3-ch 924,,,10,u,S,u,S,u,Su,S,uSx
data/riverside_cats/MelPro_riv.cat,data/oxford_txts/MelPro_oxford.txt,data/csvs/MelPro,07-3-ch 924,,,10,nou@adv,swich@gram_adj,a@indef_art,rime@n3,the@def_art,devel@n,ich@pron%nom,bitechen@v%pr_1
data/riverside_cats/MelPro_riv.cat,data/oxford_txts/MelPro_oxford.txt,data/csvs/MelPro,07-3-ch 924,,,10,Now,swich,a,rim,the,devel,I,biteche
data/riverside_cats/MelPro_riv.cat,data/oxford_txts/MelPro_oxford.txt,data/csvs/MelPro,07-3-ch 924,,,10,u,S,u,S,u,Su,S,uSx
data/riverside_cats/MelPro_riv.cat,data/oxford_txts/MelPro_oxford.txt,data/csvs/MelPro,07-3-ch 924,,,10,nou@adv,swich@gram_adj,a@indef_art,rime@n3,the@def_art,devel@n,ich@pron%nom,bitechen@v%pr_1

"This may wel be rym dogerel,"" quod he.",||,"This may wel be rim dogerel,” quod he."
data/riverside_cats/MelPro_riv.cat,data/oxford_txts/MelPro_oxford.txt,data/csvs/MelPro,07-3-ch 925,,,10,This,may,wel,be,rym,dogerel,quod,he
data/riverside_cats/MelPro_riv.cat,data/oxford_txts/MelPro_oxford.txt,data/csvs/MelPro,07-3-ch 925,,,10,u,S,u,S,u,SuS,u,S
data/riverside_cats/MelPro_riv.cat,data/oxford_txts/MelPro_oxford.txt,data/csvs/MelPro,07-3-ch 925,,,10,this@pron,mouen@v3%pr_3,wel@adv,ben@v%inf,rime@n3,doggerel@adj,quethen@v%pt_3,he@pron1%nom
data/riverside_cats/MelPro_riv.cat,data/oxford_txts/MelPro_oxford.txt,data/csvs/MelPro,07-3-ch 925,,,10,This,may,wel,be,rim,dogerel,quod,he
data/riverside_cats/MelPro_riv.cat,data/oxford_txts/MelPro_oxford.txt,data/csvs/MelPro,07-3-ch 925,,,10,u,S,u,S,u,SuS,u,S
data/riverside_cats/MelPro_riv.cat,data/oxford_txts/MelPro_oxford.txt,data/csvs/MelPro,07-3-ch 925,,,10,this@pron,mouen@v3%pr_3,wel@adv,ben@v%inf,rime@n3,doggerel@adj,quethen@v%pt_3,he@pron1%nom

"""Why so?"" quod I, ""why wiltow lette me",||,"¶“Why so?” quod I, “Why wiltow lette me°"
data/riverside_cats/MelPro_riv.cat,data/oxford_txts/MelPro_oxford.txt,data/csvs/MelPro,07-3-ch 926,,,10,Why,so,quod,I,why,wiltow,lette,me
data/riverside_cats/MelPro_riv.cat,data/oxford_txts/MelPro_oxford.txt,data/csvs/MelPro,07-3-ch 926,,,10,u,S,u,S,u,Su,Su,S
data/riverside_cats/MelPro_riv.cat,data/oxford_txts/MelPro_oxford.txt,data/csvs/MelPro,07-3-ch 926,,,10,whi@adv,so@adv,quethen@v%pt_1,ich@pron%nom,whi@adv,willen@v%pr_2_pron,letten@v%inf,me@pron2%obj
data/riverside_cats/MelPro_riv.cat,data/oxford_txts/MelPro_oxford.txt,data/csvs/MelPro,07-3-ch 926,,,10,Why,so,quod,I,Why,wiltow,lette,me
data/riverside_cats/MelPro_riv.cat,data/oxford_txts/MelPro_oxford.txt,data/csvs/MelPro,07-3-ch 926,,,10,u,S,u,S,u,Su,Su,S
data/riverside_cats/MelPro_riv.cat,data/oxford_txts/MelPro_oxford.txt,data/csvs/MelPro,07-3-ch 926,,,10,whi@adv,so@adv,quethen@v%pt_1,ich@pron%nom,whi@adv,willen@v%pr_2_pron,letten@v%inf,me@pron2%obj

"Moore of my tale than another man,",||,"More of my tale than another man,"
data/riverside_cats/MelPro_riv.cat,data/oxford_txts/MelPro_oxford.txt,data/csvs/MelPro,07-3-ch 927,,,10,Moore,of,my,tale,than,another,man
data/riverside_cats/MelPro_riv.cat,data/oxford_txts/MelPro_oxford.txt,data/csvs/MelPro,07-3-ch 927,,,10,ux,S,u,Su,S,uSu,S
data/riverside_cats/MelPro_riv.cat,data/oxford_txts/MelPro_oxford.txt,data/csvs/MelPro,07-3-ch 927,,,10,more@n3,of@prep,min@pron%gen,tale@n,than@conj,another@gram_adj,man@n
data/riverside_cats/MelPro_riv.cat,data/oxford_txts/MelPro_oxford.txt,data/csvs/MelPro,07-3-ch 927,,,10,More,of,my,tale,than,another,man
data/riverside_cats/MelPro_riv.cat,data/oxford_txts/MelPro_oxford.txt,data/csvs/MelPro,07-3-ch 927,,,10,ux,S,u,Su,S,uSu,S
data/riverside_cats/MelPro_riv.cat,data/oxford_txts/MelPro_oxford.txt,data/csvs/MelPro,07-3-ch 927,,,10,more@n3,of@prep,min@pron%gen,tale@n,than@conj,another@gram_adj,man@n

"Syn that it is the beste rym I kan?""",||,Sin that it is the beste rim I can?”
data/riverside_cats/MelPro_riv.cat,data/oxford_txts/MelPro_oxford.txt,data/csvs/MelPro,07-3-ch 928,,,10,Syn,that,it,is,the,beste,rym,I,kan
data/riverside_cats/MelPro_riv.cat,data/oxford_txts/MelPro_oxford.txt,data/csvs/MelPro,07-3-ch 928,,,10,u,S,u,S,u,Su,S,u,S
data/riverside_cats/MelPro_riv.cat,data/oxford_txts/MelPro_oxford.txt,data/csvs/MelPro,07-3-ch 928,,,10,sin@conj,that@part,hit@pron,ben@v%pr_3,the@def_art,best@adj%sup,rime@n3,ich@pron%nom,connen@v%pr_1
data/riverside_cats/MelPro_riv.cat,data/oxford_txts/MelPro_oxford.txt,data/csvs/MelPro,07-3-ch 928,,,10,Sin,that,it,is,the,beste,rim,I,can
data/riverside_cats/MelPro_riv.cat,data/oxford_txts/MelPro_oxford.txt,data/csvs/MelPro,07-3-ch 928,,,10,u,S,u,S,u,Su,S,u,S
data/riverside_cats/MelPro_riv.cat,data/oxford_txts/MelPro_oxford.txt,data/csvs/MelPro,07-3-ch 928,,,10,sin@conj,that@part,hit@pron,ben@v%pr_3,the@def_art,best@adj%sup,rime@n3,ich@pron%nom,connen@v%pr_1

"""By God,"" quod he, ""for pleynly, at a word,",||,"¶“By God,” quod he, “for pleinly, at a word,"
data/riverside_cats/MelPro_riv.cat,data/oxford_txts/MelPro_oxford.txt,data/csvs/MelPro,07-3-ch 929,,,10,By,God,quod,he,for,pleynly,at,a,word
data/riverside_cats/MelPro_riv.cat,data/oxford_txts/MelPro_oxford.txt,data/csvs/MelPro,07-3-ch 929,,,10,u,S,u,S,u,Su,S,u,S
data/riverside_cats/MelPro_riv.cat,data/oxford_txts/MelPro_oxford.txt,data/csvs/MelPro,07-3-ch 929,,,10,bi@prep,god@n1#propn,quethen@v%pt_3,he@pron1%nom,for@conj,plainlie@adv,at@prep,a@indef_art,word@n
data/riverside_cats/MelPro_riv.cat,data/oxford_txts/MelPro_oxford.txt,data/csvs/MelPro,07-3-ch 929,,,10,By,God,quod,he,for,pleinly,at,a,word
data/riverside_cats/MelPro_riv.cat,data/oxford_txts/MelPro_oxford.txt,data/csvs/MelPro,07-3-ch 929,,,10,u,S,u,S,u,Su,S,u,S
data/riverside_cats/MelPro_riv.cat,data/oxford_txts/MelPro_oxford.txt,data/csvs/MelPro,07-3-ch 929,,,10,bi@prep,god@n1#propn,quethen@v%pt_3,he@pron1%nom,for@conj,plainlie@adv,at@prep,a@indef_art,word@n

Thy drasty rymyng is nat worth a toord!,||,Thy drasty riming is nat worth a tord;
data/riverside_cats/MelPro_riv.cat,data/oxford_txts/MelPro_oxford.txt,data/csvs/MelPro,07-3-ch 930,,,10,Thy,drasty,rymyng,is,nat,worth,a,toord
data/riverside_cats/MelPro_riv.cat,data/oxford_txts/MelPro_oxford.txt,data/csvs/MelPro,07-3-ch 930,,,10,u,Su,Su,S,u,S,u,S
data/riverside_cats/MelPro_riv.cat,data/oxford_txts/MelPro_oxford.txt,data/csvs/MelPro,07-3-ch 930,,,10,thin@pron%gen,drasti@adj,riming@ger,ben@v%pr_3,not@adv,worth@adj,a@indef_art,torde@n
data/riverside_cats/MelPro_riv.cat,data/oxford_txts/MelPro_oxford.txt,data/csvs/MelPro,07-3-ch 930,,,10,Thy,drasty,riming,is,nat,worth,a,tord
data/riverside_cats/MelPro_riv.cat,data/oxford_txts/MelPro_oxford.txt,data/csvs/MelPro,07-3-ch 930,,,10,u,Su,Su,S,u,S,u,S
data/riverside_cats/MelPro_riv.cat,data/oxford_txts/MelPro_oxford.txt,data/csvs/MelPro,07-3-ch 930,,,10,thin@pron%gen,drasti@adj,riming@ger,ben@v%pr_3,not@adv,worth@adj,a@indef_art,torde@n

Thou doost noght elles but despendest tyme.,||,"Thou doost nought elles but despendest° time,"
data/riverside_cats/MelPro_riv.cat,data/oxford_txts/MelPro_oxford.txt,data/csvs/MelPro,07-3-ch 931,,,10,Thou,doost,noght,elles,but,despendest,tyme
data/riverside_cats/MelPro_riv.cat,data/oxford_txts/MelPro_oxford.txt,data/csvs/MelPro,07-3-ch 931,,,10,u,S,u,Su,S,uSu,Sx
data/riverside_cats/MelPro_riv.cat,data/oxford_txts/MelPro_oxford.txt,data/csvs/MelPro,07-3-ch 931,,,10,thou@pron%nom,don@v1%pr_2,nought@pron,elles@adj,but@conj,dispenden@v%pr_2,time@n
data/riverside_cats/MelPro_riv.cat,data/oxford_txts/MelPro_oxford.txt,data/csvs/MelPro,07-3-ch 931,,,10,Thou,doost,nought,elles,but,despendest,time
data/riverside_cats/MelPro_riv.cat,data/oxford_txts/MelPro_oxford.txt,data/csvs/MelPro,07-3-ch 931,,,10,u,S,u,Su,S,uSu,Sx
data/riverside_cats/MelPro_riv.cat,data/oxford_txts/MelPro_oxford.txt,data/csvs/MelPro,07-3-ch 931,,,10,thou@pron%nom,don@v1%pr_2,nought@pron,elles@adj,but@conj,dispenden@v%pr_2,time@n

"Sire, at o word, thou shalt no lenger ryme.",||,"Sire, at o word, thou shalt no lenger rime."
data/riverside_cats/MelPro_riv.cat,data/oxford_txts/MelPro_oxford.txt,data/csvs/MelPro,07-3-ch 932,,,10,Sire,at,o,word,thou,shalt,no,lenger,ryme
data/riverside_cats/MelPro_riv.cat,data/oxford_txts/MelPro_oxford.txt,data/csvs/MelPro,07-3-ch 932,,,10,ux,S,u,S,u,S,u,Su,Sx
data/riverside_cats/MelPro_riv.cat,data/oxford_txts/MelPro_oxford.txt,data/csvs/MelPro,07-3-ch 932,,,10,sire@n,at@prep,o@num_adj,word@n,thou@pron%nom,shulen@v1%pr_2,no@adv,lengere@adv%comp,rimen@v1%inf
data/riverside_cats/MelPro_riv.cat,data/oxford_txts/MelPro_oxford.txt,data/csvs/MelPro,07-3-ch 932,,,10,Sire,at,o,word,thou,shalt,no,lenger,rime
data/riverside_cats/MelPro_riv.cat,data/oxford_txts/MelPro_oxford.txt,data/csvs/MelPro,07-3-ch 932,,,10,ux,S,u,S,u,S,u,Su,Sx
data/riverside_cats/MelPro_riv.cat,data/oxford_txts/MelPro_oxford.txt,data/csvs/MelPro,07-3-ch 932,,,10,sire@n,at@prep,o@num_adj,word@n,thou@pron%nom,shulen@v1%pr_2,no@adv,lengere@adv%comp,rimen@v1%inf

"Lat se wher thou kanst tellen aught in geeste,",||,"Lat see wher thou canst tellen aught in geste,°"
data/riverside_cats/MelPro_riv.cat,data/oxford_txts/MelPro_oxford.txt,data/csvs/MelPro,07-3-ch 933,,,10,Lat,se,wher,thou,kanst,tellen,aught,in,geeste
data/riverside_cats/MelPro_riv.cat,data/oxford_txts/MelPro_oxford.txt,data/csvs/MelPro,07-3-ch 933,,,10,u,S,u,S,u,Su,S,u,Sx
data/riverside_cats/MelPro_riv.cat,data/oxford_txts/MelPro_oxford.txt,data/csvs/MelPro,07-3-ch 933,,,10,leten@v%imp,sen@v1%inf,whether@conj,thou@pron%nom,connen@v%pr_2,tellen@v%inf,ought@pron,in@prep,geste@n1
data/riverside_cats/MelPro_riv.cat,data/oxford_txts/MelPro_oxford.txt,data/csvs/MelPro,07-3-ch 933,,,10,Lat,see,wher,thou,canst,tellen,aught,in,geste
data/riverside_cats/MelPro_riv.cat,data/oxford_txts/MelPro_oxford.txt,data/csvs/MelPro,07-3-ch 933,,,10,u,S,u,S,u,Su,S,u,Sx
data/riverside_cats/MelPro_riv.cat,data/oxford_txts/MelPro_oxford.txt,data/csvs/MelPro,07-3-ch 933,,,10,leten@v%imp,sen@v1%inf,whether@conj,thou@pron%nom,connen@v%pr_2,tellen@v%inf,ought@pron,in@prep,geste@n1

"Or telle in prose somwhat, at the leeste,",||,Or telle in prose somwhat at the leste
data/riverside_cats/MelPro_riv.cat,data/oxford_txts/MelPro_oxford.txt,data/csvs/MelPro,07-3-ch 934,,,10,Or,telle,in,prose,somwhat,at,the,leeste
data/riverside_cats/MelPro_riv.cat,data/oxford_txts/MelPro_oxford.txt,data/csvs/MelPro,07-3-ch 934,,,10,u,Sx,u,Su,Su,S,u,Sx
data/riverside_cats/MelPro_riv.cat,data/oxford_txts/MelPro_oxford.txt,data/csvs/MelPro,07-3-ch 934,,,10,or@conj,tellen@v%inf,in@prep,prose@n,som-what@pron,at@prep,the@def_art,leste@adj1#n%sup
data/riverside_cats/MelPro_riv.cat,data/oxford_txts/MelPro_oxford.txt,data/csvs/MelPro,07-3-ch 934,,,10,Or,telle,in,prose,somwhat,at,the,leste
data/riverside_cats/MelPro_riv.cat,data/oxford_txts/MelPro_oxford.txt,data/csvs/MelPro,07-3-ch 934,,,10,u,Sx,u,Su,Su,S,u,Sx
data/riverside_cats/MelPro_riv.cat,data/oxford_txts/MelPro_oxford.txt,data/csvs/MelPro,07-3-ch 934,,,10,or@conj,tellen@v%inf,in@prep,prose@n,som-what@pron,at@prep,the@def_art,leste@adj1#n%sup

"In which ther be som murthe or som doctryne.""",||,In which ther be som mirthe or som doctrine.&apos;
data/riverside_cats/MelPro_riv.cat,data/oxford_txts/MelPro_oxford.txt,data/csvs/MelPro,07-3-ch 935,DIFF,,10,In,which,ther,be,som,murthe,or,som,doctryne
data/riverside_cats/MelPro_riv.cat,data/oxford_txts/MelPro_oxford.txt,data/csvs/MelPro,07-3-ch 935,DIFF,,10,u,S,u,S,u,Sx,u,S,uSx
data/riverside_cats/MelPro_riv.cat,data/oxford_txts/MelPro_oxford.txt,data/csvs/MelPro,07-3-ch 935,DIFF,,10,in@prep,which@pron,ther@adv,ben@v%pr_3,som@gram_adj,mirthe@n,or@conj,som@gram_adj,doctrine@n
data/riverside_cats/MelPro_riv.cat,data/oxford_txts/MelPro_oxford.txt,data/csvs/MelPro,07-3-ch 935,DIFF,,0,In,which,ther,be,som,mirthe,or,som,doctrineapos
data/riverside_cats/MelPro_riv.cat,data/oxford_txts/MelPro_oxford.txt,data/csvs/MelPro,07-3-ch 935,DIFF,,0,,,,,,,,,
data/riverside_cats/MelPro_riv.cat,data/oxford_txts/MelPro_oxford.txt,data/csvs/MelPro,07-3-ch 935,DIFF,,0,in@prep,which@pron,ther@adv,ben@v%pr_3,som@gram_adj,mirthe@n,or@conj,som@gram_adj,

"""Gladly,"" quod I, ""by Goddes sweete pyne!",||,"¶“Gladly,” quod I, “by Goddes swete pine,°"
data/riverside_cats/MelPro_riv.cat,data/oxford_txts/MelPro_oxford.txt,data/csvs/MelPro,07-3-ch 936,,,10,Gladly,quod,I,by,Goddes,sweete,pyne
data/riverside_cats/MelPro_riv.cat,data/oxford_txts/MelPro_oxford.txt,data/csvs/MelPro,07-3-ch 936,,,10,uS,u,S,u,Su,Su,Sx
data/riverside_cats/MelPro_riv.cat,data/oxford_txts/MelPro_oxford.txt,data/csvs/MelPro,07-3-ch 936,,,10,gladli@adv,quethen@v%pt_1,ich@pron%nom,bi@prep,god@n1#propn%gen,swete@adj,pine@n1
data/riverside_cats/MelPro_riv.cat,data/oxford_txts/MelPro_oxford.txt,data/csvs/MelPro,07-3-ch 936,,,10,Gladly,quod,I,by,Goddes,swete,pine
data/riverside_cats/MelPro_riv.cat,data/oxford_txts/MelPro_oxford.txt,data/csvs/MelPro,07-3-ch 936,,,10,uS,u,S,u,Su,Su,Sx
data/riverside_cats/MelPro_riv.cat,data/oxford_txts/MelPro_oxford.txt,data/csvs/MelPro,07-3-ch 936,,,10,gladli@adv,quethen@v%pt_1,ich@pron%nom,bi@prep,god@n1#propn%gen,swete@adj,pine@n1

I wol yow telle a litel thyng in prose,||,"I wol yow telle a litel thing in prose,"
data/riverside_cats/MelPro_riv.cat,data/oxford_txts/MelPro_oxford.txt,data/csvs/MelPro,07-3-ch 937,,,10,I,wol,yow,telle,a,litel,thyng,in,prose
data/riverside_cats/MelPro_riv.cat,data/oxford_txts/MelPro_oxford.txt,data/csvs/MelPro,07-3-ch 937,,,10,u,S,u,Sx,u,Su,S,u,Sx
data/riverside_cats/MelPro_riv.cat,data/oxford_txts/MelPro_oxford.txt,data/csvs/MelPro,07-3-ch 937,,,10,ich@pron%nom,willen@v%pr_1,you@pron%pl_obj,tellen@v%inf,a@indef_art,litel@adj,thing@n,in@prep,prose@n
data/riverside_cats/MelPro_riv.cat,data/oxford_txts/MelPro_oxford.txt,data/csvs/MelPro,07-3-ch 937,,,10,I,wol,yow,telle,a,litel,thing,in,prose
data/riverside_cats/MelPro_riv.cat,data/oxford_txts/MelPro_oxford.txt,data/csvs/MelPro,07-3-ch 937,,,10,u,S,u,Sx,u,Su,S,u,Sx
data/riverside_cats/MelPro_riv.cat,data/oxford_txts/MelPro_oxford.txt,data/csvs/MelPro,07-3-ch 937,,,10,ich@pron%nom,willen@v%pr_1,you@pron%pl_obj,tellen@v%inf,a@indef_art,litel@adj,thing@n,in@prep,prose@n

"That oghte liken yow, as I suppose,",||,"That oghte like yow,° as I suppose,"
data/riverside_cats/MelPro_riv.cat,data/oxford_txts/MelPro_oxford.txt,data/csvs/MelPro,07-3-ch 938,DIFF,,10,That,oghte,liken,yow,as,I,suppose
data/riverside_cats/MelPro_riv.cat,data/oxford_txts/MelPro_oxford.txt,data/csvs/MelPro,07-3-ch 938,DIFF,,10,u,Su,Su,S,u,S,uSx
data/riverside_cats/MelPro_riv.cat,data/oxford_txts/MelPro_oxford.txt,data/csvs/MelPro,07-3-ch 938,DIFF,,10,that@pron,ouen@v%pt_3,liken@v1%inf,you@pron%pl_obj,as@conj,ich@pron%nom,supposen@v%pr_1
data/riverside_cats/MelPro_riv.cat,data/oxford_txts/MelPro_oxford.txt,data/csvs/MelPro,07-3-ch 938,DIFF,,10,That,oghte,like,yow,as,I,suppose
data/riverside_cats/MelPro_riv.cat,data/oxford_txts/MelPro_oxford.txt,data/csvs/MelPro,07-3-ch 938,DIFF,,10,u,Su,Su,S,u,S,uSx
data/riverside_cats/MelPro_riv.cat,data/oxford_txts/MelPro_oxford.txt,data/csvs/MelPro,07-3-ch 938,DIFF,,10,that@pron,ouen@v%pt_3,,you@pron%pl_obj,as@conj,you@pron%pl_obj,supposen@v%pr_1

"Or elles, certes, ye been to daungerous.",||,"Or elles, certes, ye been to daungerous.°"
data/riverside_cats/MelPro_riv.cat,data/oxford_txts/MelPro_oxford.txt,data/csvs/MelPro,07-3-ch 939,,,10,Or,elles,certes,ye,been,to,daungerous
data/riverside_cats/MelPro_riv.cat,data/oxford_txts/MelPro_oxford.txt,data/csvs/MelPro,07-3-ch 939,,,10,u,Su,Su,S,u,S,uxS
data/riverside_cats/MelPro_riv.cat,data/oxford_txts/MelPro_oxford.txt,data/csvs/MelPro,07-3-ch 939,,,10,or@conj,elles@adv,certes@adv,ye@pron%pl_nom,ben@v%pr_pl,to@adv2,daungerous@adj
data/riverside_cats/MelPro_riv.cat,data/oxford_txts/MelPro_oxford.txt,data/csvs/MelPro,07-3-ch 939,,,10,Or,elles,certes,ye,been,to,daungerous
data/riverside_cats/MelPro_riv.cat,data/oxford_txts/MelPro_oxford.txt,data/csvs/MelPro,07-3-ch 939,,,10,u,Su,Su,S,u,S,uxS
data/riverside_cats/MelPro_riv.cat,data/oxford_txts/MelPro_oxford.txt,data/csvs/MelPro,07-3-ch 939,,,10,or@conj,elles@adv,certes@adv,ye@pron%pl_nom,ben@v%pr_pl,to@adv2,daungerous@adj

"It is a moral tale vertuous,",||,"It is a moral tale vertuous,"
data/riverside_cats/MelPro_riv.cat,data/oxford_txts/MelPro_oxford.txt,data/csvs/MelPro,07-3-ch 940,,,10,It,is,a,moral,tale,vertuous
data/riverside_cats/MelPro_riv.cat,data/oxford_txts/MelPro_oxford.txt,data/csvs/MelPro,07-3-ch 940,,,10,u,S,u,Su,Su,SuS
data/riverside_cats/MelPro_riv.cat,data/oxford_txts/MelPro_oxford.txt,data/csvs/MelPro,07-3-ch 940,,,10,hit@pron,ben@v%pr_3,a@indef_art,moral@adj,tale@n,vertuous@adj
data/riverside_cats/MelPro_riv.cat,data/oxford_txts/MelPro_oxford.txt,data/csvs/MelPro,07-3-ch 940,,,10,It,is,a,moral,tale,vertuous
data/riverside_cats/MelPro_riv.cat,data/oxford_txts/MelPro_oxford.txt,data/csvs/MelPro,07-3-ch 940,,,10,u,S,u,Su,Su,SuS
data/riverside_cats/MelPro_riv.cat,data/oxford_txts/MelPro_oxford.txt,data/csvs/MelPro,07-3-ch 940,,,10,hit@pron,ben@v%pr_3,a@indef_art,moral@adj,tale@n,vertuous@adj

Al be it told somtyme in sondry wyse,||,Al be it° told somtime in sondry wise°
data/riverside_cats/MelPro_riv.cat,data/oxford_txts/MelPro_oxford.txt,data/csvs/MelPro,07-3-ch 941,,,10,Al,be,it,told,somtyme,in,sondry,wyse
data/riverside_cats/MelPro_riv.cat,data/oxford_txts/MelPro_oxford.txt,data/csvs/MelPro,07-3-ch 941,,,10,u,S,u,S,uSx,u,Su,Sx
data/riverside_cats/MelPro_riv.cat,data/oxford_txts/MelPro_oxford.txt,data/csvs/MelPro,07-3-ch 941,,,10,al@conj,ben@v%pr_3,hit@pron,tellen@v%ppl,som-time@adv,in@prep,sondri@adj,wise@n2
data/riverside_cats/MelPro_riv.cat,data/oxford_txts/MelPro_oxford.txt,data/csvs/MelPro,07-3-ch 941,,,10,Al,be,it,told,somtime,in,sondry,wise
data/riverside_cats/MelPro_riv.cat,data/oxford_txts/MelPro_oxford.txt,data/csvs/MelPro,07-3-ch 941,,,10,u,S,u,S,uSx,u,Su,Sx
data/riverside_cats/MelPro_riv.cat,data/oxford_txts/MelPro_oxford.txt,data/csvs/MelPro,07-3-ch 941,,,10,al@conj,ben@v%pr_3,hit@pron,tellen@v%ppl,som-time@adv,in@prep,sondri@adj,wise@n2

"Of sondry folk, as I shal yow devyse.",||,"Of sondry folk, as I shal yow devise."
data/riverside_cats/MelPro_riv.cat,data/oxford_txts/MelPro_oxford.txt,data/csvs/MelPro,07-3-ch 942,,,10,Of,sondry,folk,as,I,shal,yow,devyse
data/riverside_cats/MelPro_riv.cat,data/oxford_txts/MelPro_oxford.txt,data/csvs/MelPro,07-3-ch 942,,,10,u,Su,S,u,S,u,S,uSx
data/riverside_cats/MelPro_riv.cat,data/oxford_txts/MelPro_oxford.txt,data/csvs/MelPro,07-3-ch 942,,,10,of@prep,sondri@adj,folk@n,as@conj,ich@pron%nom,shulen@v1%pr_1,you@pron%pl_obj,devisen@v%inf
data/riverside_cats/MelPro_riv.cat,data/oxford_txts/MelPro_oxford.txt,data/csvs/MelPro,07-3-ch 942,,,10,Of,sondry,folk,as,I,shal,yow,devise
data/riverside_cats/MelPro_riv.cat,data/oxford_txts/MelPro_oxford.txt,data/csvs/MelPro,07-3-ch 942,,,10,u,Su,S,u,S,u,S,uSx
data/riverside_cats/MelPro_riv.cat,data/oxford_txts/MelPro_oxford.txt,data/csvs/MelPro,07-3-ch 942,,,10,of@prep,sondri@adj,folk@n,as@conj,ich@pron%nom,shulen@v1%pr_1,you@pron%pl_obj,devisen@v%inf

"""As thus: ye woot that every Evaungelist",||,"¶“As thus; ye woot° that every evangelist,°"
data/riverside_cats/MelPro_riv.cat,data/oxford_txts/MelPro_oxford.txt,data/csvs/MelPro,07-3-ch 943,,,10,As,thus,ye,woot,that,every,Evaungelist
data/riverside_cats/MelPro_riv.cat,data/oxford_txts/MelPro_oxford.txt,data/csvs/MelPro,07-3-ch 943,,,10,u,S,u,S,u,Sxx,uSuS
data/riverside_cats/MelPro_riv.cat,data/oxford_txts/MelPro_oxford.txt,data/csvs/MelPro,07-3-ch 943,,,10,as@conj,thus@adv,ye@pron%pl_nom,witen@v1%pr_pl,that@conj,everi@pron_gram_adj,evangelist@n
data/riverside_cats/MelPro_riv.cat,data/oxford_txts/MelPro_oxford.txt,data/csvs/MelPro,07-3-ch 943,,,10,As,thus,ye,woot,that,every,evangelist
data/riverside_cats/MelPro_riv.cat,data/oxford_txts/MelPro_oxford.txt,data/csvs/MelPro,07-3-ch 943,,,10,u,S,u,S,u,Sxx,uSuS
data/riverside_cats/MelPro_riv.cat,data/oxford_txts/MelPro_oxford.txt,data/csvs/MelPro,07-3-ch 943,,,10,as@conj,thus@adv,ye@pron%pl_nom,witen@v1%pr_pl,that@conj,everi@pron_gram_adj,evangelist@n

That telleth us the peyne of Jhesu Crist,||,"That telleth us the peine of Jesu Crist,"
data/riverside_cats/MelPro_riv.cat,data/oxford_txts/MelPro_oxford.txt,data/csvs/MelPro,07-3-ch 944,DIFF,,10,That,telleth,us,the,peyne,of,Jhesu,Crist
data/riverside_cats/MelPro_riv.cat,data/oxford_txts/MelPro_oxford.txt,data/csvs/MelPro,07-3-ch 944,DIFF,,10,u,Su,S,u,Sx,u,Su,S
data/riverside_cats/MelPro_riv.cat,data/oxford_txts/MelPro_oxford.txt,data/csvs/MelPro,07-3-ch 944,DIFF,,10,that@pron,tellen@v%pr_3,us@pron%pl_obj,the@def_art,peine@n,of@prep,jesu@n1#propn,crist@n#propn
data/riverside_cats/MelPro_riv.cat,data/oxford_txts/MelPro_oxford.txt,data/csvs/MelPro,07-3-ch 944,DIFF,,10,That,telleth,us,the,peine,of,Jesu,Crist
data/riverside_cats/MelPro_riv.cat,data/oxford_txts/MelPro_oxford.txt,data/csvs/MelPro,07-3-ch 944,DIFF,,10,u,Su,S,u,Sx,u,Su,S
data/riverside_cats/MelPro_riv.cat,data/oxford_txts/MelPro_oxford.txt,data/csvs/MelPro,07-3-ch 944,DIFF,,10,that@pron,tellen@v%pr_3,us@pron%pl_obj,the@def_art,peine@n,of@prep,,crist@n#propn

Ne seith nat alle thyng as his felawe dooth;,||,"Ne saith nat al thing as his felaw dooth,"
data/riverside_cats/MelPro_riv.cat,data/oxford_txts/MelPro_oxford.txt,data/csvs/MelPro,07-3-ch 945,,,10,Ne,seith,nat,alle,thyng,as,his,felawe,dooth
data/riverside_cats/MelPro_riv.cat,data/oxford_txts/MelPro_oxford.txt,data/csvs/MelPro,07-3-ch 945,,,10,u,S,u,Sx,u,S,u,Sux,S
data/riverside_cats/MelPro_riv.cat,data/oxford_txts/MelPro_oxford.txt,data/csvs/MelPro,07-3-ch 945,,,10,ne@adv,seien@v1%pr_3,not@adv,al@gram_adj,thing@n,as@conj,his@pron1%gen,felaue@n,don@v1%pr_3
data/riverside_cats/MelPro_riv.cat,data/oxford_txts/MelPro_oxford.txt,data/csvs/MelPro,07-3-ch 945,,,10,Ne,saith,nat,al,thing,as,his,felaw,dooth
data/riverside_cats/MelPro_riv.cat,data/oxford_txts/MelPro_oxford.txt,data/csvs/MelPro,07-3-ch 945,,,10,u,S,u,S,u,S,u,Su,S
data/riverside_cats/MelPro_riv.cat,data/oxford_txts/MelPro_oxford.txt,data/csvs/MelPro,07-3-ch 945,,,10,ne@adv,seien@v1%pr_3,not@adv,al@gram_adj,thing@n,as@conj,his@pron1%gen,felaue@n,don@v1%pr_3

"But nathelees hir sentence is al sooth,",||,"But natheles, hir sentence° is al sooth,°"
data/riverside_cats/MelPro_riv.cat,data/oxford_txts/MelPro_oxford.txt,data/csvs/MelPro,07-3-ch 946,,,10,But,nathelees,hir,sentence,is,al,sooth
data/riverside_cats/MelPro_riv.cat,data/oxford_txts/MelPro_oxford.txt,data/csvs/MelPro,07-3-ch 946,,,10,u,SuS,u,Sux,S,u,S
data/riverside_cats/MelPro_riv.cat,data/oxford_txts/MelPro_oxford.txt,data/csvs/MelPro,07-3-ch 946,,,10,but@conj,no-the-lesse@adv,here@pron%pl_gen,sentence@n,ben@v%pr_3,al@adv,soth@adj
data/riverside_cats/MelPro_riv.cat,data/oxford_txts/MelPro_oxford.txt,data/csvs/MelPro,07-3-ch 946,,,10,But,natheles,hir,sentence,is,al,sooth
data/riverside_cats/MelPro_riv.cat,data/oxford_txts/MelPro_oxford.txt,data/csvs/MelPro,07-3-ch 946,,,10,u,SuS,u,Sux,S,u,S
data/riverside_cats/MelPro_riv.cat,data/oxford_txts/MelPro_oxford.txt,data/csvs/MelPro,07-3-ch 946,,,10,but@conj,no-the-lesse@adv,here@pron%pl_gen,sentence@n,ben@v%pr_3,al@adv,soth@adj

"And alle acorden as in hire sentence,",||,"And alle acorden as in hir sentence,"
data/riverside_cats/MelPro_riv.cat,data/oxford_txts/MelPro_oxford.txt,data/csvs/MelPro,07-3-ch 947,,,10,And,alle,acorden,as,in,hire,sentence
data/riverside_cats/MelPro_riv.cat,data/oxford_txts/MelPro_oxford.txt,data/csvs/MelPro,07-3-ch 947,,,10,u,Sx,uSu,S,u,Sx,uSx
data/riverside_cats/MelPro_riv.cat,data/oxford_txts/MelPro_oxford.txt,data/csvs/MelPro,07-3-ch 947,,,10,and@conj,al@gram_adj,accorden@v%pr_pl,as@conj,in@prep,here@pron%pl_gen,sentence@n
data/riverside_cats/MelPro_riv.cat,data/oxford_txts/MelPro_oxford.txt,data/csvs/MelPro,07-3-ch 947,,,10,And,alle,acorden,as,in,hir,sentence
data/riverside_cats/MelPro_riv.cat,data/oxford_txts/MelPro_oxford.txt,data/csvs/MelPro,07-3-ch 947,,,10,u,Sx,uSu,S,u,S,uSx
data/riverside_cats/MelPro_riv.cat,data/oxford_txts/MelPro_oxford.txt,data/csvs/MelPro,07-3-ch 947,,,10,and@conj,al@gram_adj,accorden@v%pr_pl,as@conj,in@prep,here@pron%pl_gen,sentence@n

Al be ther in hir tellyng difference.,||,Al be ther in hir telling difference.
data/riverside_cats/MelPro_riv.cat,data/oxford_txts/MelPro_oxford.txt,data/csvs/MelPro,07-3-ch 948,,,10,Al,be,ther,in,hir,tellyng,difference
data/riverside_cats/MelPro_riv.cat,data/oxford_txts/MelPro_oxford.txt,data/csvs/MelPro,07-3-ch 948,,,10,u,S,u,S,u,Su,SuSx
data/riverside_cats/MelPro_riv.cat,data/oxford_txts/MelPro_oxford.txt,data/csvs/MelPro,07-3-ch 948,,,10,al@conj,ben@v%pr_3,ther@adv,in@prep,here@pron%pl_gen,tellinge@ger,difference@n
data/riverside_cats/MelPro_riv.cat,data/oxford_txts/MelPro_oxford.txt,data/csvs/MelPro,07-3-ch 948,,,10,Al,be,ther,in,hir,telling,difference
data/riverside_cats/MelPro_riv.cat,data/oxford_txts/MelPro_oxford.txt,data/csvs/MelPro,07-3-ch 948,,,10,u,S,u,S,u,Su,SuSx
data/riverside_cats/MelPro_riv.cat,data/oxford_txts/MelPro_oxford.txt,data/csvs/MelPro,07-3-ch 948,,,10,al@conj,ben@v%pr_3,ther@adv,in@prep,here@pron%pl_gen,tellinge@ger,difference@n

"For somme of hem seyn moore, and somme seyn lesse,",||,"For somme of hem seyn more, and som lesse,"
data/riverside_cats/MelPro_riv.cat,data/oxford_txts/MelPro_oxford.txt,data/csvs/MelPro,07-3-ch 949,DIFF,,10,For,somme,of,hem,seyn,moore,and,somme,seyn,lesse
data/riverside_cats/MelPro_riv.cat,data/oxford_txts/MelPro_oxford.txt,data/csvs/MelPro,07-3-ch 949,DIFF,,10,u,Sx,u,S,u,Sx,u,Sx,u,Sx
data/riverside_cats/MelPro_riv.cat,data/oxford_txts/MelPro_oxford.txt,data/csvs/MelPro,07-3-ch 949,DIFF,,10,for@conj,som@pron,of@prep,hem@pron%pl_obj,seien@v1%pr_pl,more@n3,and@conj,som@pron,seien@v1%pr_pl,lesse@n2
data/riverside_cats/MelPro_riv.cat,data/oxford_txts/MelPro_oxford.txt,data/csvs/MelPro,07-3-ch 949,DIFF,,10,For,somme,of,hem,seyn,more,and,som,lesse
data/riverside_cats/MelPro_riv.cat,data/oxford_txts/MelPro_oxford.txt,data/csvs/MelPro,07-3-ch 949,DIFF,,10,u,Sx,u,S,u,Su,S,u,Sx
data/riverside_cats/MelPro_riv.cat,data/oxford_txts/MelPro_oxford.txt,data/csvs/MelPro,07-3-ch 949,DIFF,,10,for@conj,som@pron,of@prep,hem@pron%pl_obj,seien@v1%pr_pl,more@n3,and@conj,som@pron,lesse@n2

Whan they his pitous passioun expresse --,||,Whan they his pitous passioun expresse;
data/riverside_cats/MelPro_riv.cat,data/oxford_txts/MelPro_oxford.txt,data/csvs/MelPro,07-3-ch 950,,,10,Whan,they,his,pitous,passioun,expresse
data/riverside_cats/MelPro_riv.cat,data/oxford_txts/MelPro_oxford.txt,data/csvs/MelPro,07-3-ch 950,,,10,u,S,u,Su,SuS,uSx
data/riverside_cats/MelPro_riv.cat,data/oxford_txts/MelPro_oxford.txt,data/csvs/MelPro,07-3-ch 950,,,10,whan@adv&conj,thei@pron%pl_nom,his@pron1%gen,pitous@adj,passioun@n,expressen@v%pr_pl,--@dash
data/riverside_cats/MelPro_riv.cat,data/oxford_txts/MelPro_oxford.txt,data/csvs/MelPro,07-3-ch 950,,,10,Whan,they,his,pitous,passioun,expresse
data/riverside_cats/MelPro_riv.cat,data/oxford_txts/MelPro_oxford.txt,data/csvs/MelPro,07-3-ch 950,,,10,u,S,u,Su,SuS,uSx
data/riverside_cats/MelPro_riv.cat,data/oxford_txts/MelPro_oxford.txt,data/csvs/MelPro,07-3-ch 950,,,10,whan@adv&conj,thei@pron%pl_nom,his@pron1%gen,pitous@adj,passioun@n,expressen@v%pr_pl,--@dash

"I meene of Mark, Mathew, Luc, and John --",||,"I mene of Mark and Mathew, Luk and John;"
data/riverside_cats/MelPro_riv.cat,data/oxford_txts/MelPro_oxford.txt,data/csvs/MelPro,07-3-ch 951,DIFF,,10,I,meene,of,Mark,Mathew,Luc,and,John
data/riverside_cats/MelPro_riv.cat,data/oxford_txts/MelPro_oxford.txt,data/csvs/MelPro,07-3-ch 951,DIFF,,10,u,Su,S,u,Su,S,u,S
data/riverside_cats/MelPro_riv.cat,data/oxford_txts/MelPro_oxford.txt,data/csvs/MelPro,07-3-ch 951,DIFF,,10,ich@pron%nom,menen@v1%pr_1,of@prep,mark@n#propn,mathew@n#propn,luc@n#propn,and@conj,john@n1#propn,--@dash
data/riverside_cats/MelPro_riv.cat,data/oxford_txts/MelPro_oxford.txt,data/csvs/MelPro,07-3-ch 951,DIFF,,10,I,mene,of,Mark,and,Mathew,Luk,and,John
data/riverside_cats/MelPro_riv.cat,data/oxford_txts/MelPro_oxford.txt,data/csvs/MelPro,07-3-ch 951,DIFF,,10,u,Sx,u,S,u,Su,S,u,S
data/riverside_cats/MelPro_riv.cat,data/oxford_txts/MelPro_oxford.txt,data/csvs/MelPro,07-3-ch 951,DIFF,,10,ich@pron%nom,menen@v1%pr_1,of@prep,mark@n#propn,and@conj,mathew@n#propn,luc@n#propn,and@conj,john@n1#propn

But doutelees hir sentence is al oon.,||,But doutelees hir sentence is al oon.
data/riverside_cats/MelPro_riv.cat,data/oxford_txts/MelPro_oxford.txt,data/csvs/MelPro,07-3-ch 952,,,10,But,doutelees,hir,sentence,is,al,oon
data/riverside_cats/MelPro_riv.cat,data/oxford_txts/MelPro_oxford.txt,data/csvs/MelPro,07-3-ch 952,,,10,u,SuS,u,Sux,S,u,S
data/riverside_cats/MelPro_riv.cat,data/oxford_txts/MelPro_oxford.txt,data/csvs/MelPro,07-3-ch 952,,,10,but@conj,douteles@adv,here@pron%pl_gen,sentence@n,ben@v%pr_3,al@adv,on@num_adj
data/riverside_cats/MelPro_riv.cat,data/oxford_txts/MelPro_oxford.txt,data/csvs/MelPro,07-3-ch 952,,,10,But,doutelees,hir,sentence,is,al,oon
data/riverside_cats/MelPro_riv.cat,data/oxford_txts/MelPro_oxford.txt,data/csvs/MelPro,07-3-ch 952,,,10,u,SuS,u,Sux,S,u,S
data/riverside_cats/MelPro_riv.cat,data/oxford_txts/MelPro_oxford.txt,data/csvs/MelPro,07-3-ch 952,,,10,but@conj,douteles@adv,here@pron%pl_gen,sentence@n,ben@v%pr_3,al@adv,on@num_adj

"Therfore, lordynges alle, I yow biseche,",||,"Therfore, lordings alle, I yow biseche,"
data/riverside_cats/MelPro_riv.cat,data/oxford_txts/MelPro_oxford.txt,data/csvs/MelPro,07-3-ch 953,,,10,Therfore,lordynges,alle,I,yow,biseche
data/riverside_cats/MelPro_riv.cat,data/oxford_txts/MelPro_oxford.txt,data/csvs/MelPro,07-3-ch 953,,,10,uSx,uSu,Sx,u,S,uSx
data/riverside_cats/MelPro_riv.cat,data/oxford_txts/MelPro_oxford.txt,data/csvs/MelPro,07-3-ch 953,,,10,ther-fore@adv,lordinge@n%pl,al@gram_adj,ich@pron%nom,you@pron%pl_obj,bisechen@v%pr_1
data/riverside_cats/MelPro_riv.cat,data/oxford_txts/MelPro_oxford.txt,data/csvs/MelPro,07-3-ch 953,,,10,Therfore,lordings,alle,I,yow,biseche
data/riverside_cats/MelPro_riv.cat,data/oxford_txts/MelPro_oxford.txt,data/csvs/MelPro,07-3-ch 953,,,10,uSu,Su,Sx,u,S,uSx
data/riverside_cats/MelPro_riv.cat,data/oxford_txts/MelPro_oxford.txt,data/csvs/MelPro,07-3-ch 953,,,10,ther-fore@adv,lordinge@n%pl,al@gram_adj,ich@pron%nom,you@pron%pl_obj,bisechen@v%pr_1

"If that yow thynke I varie as in my speche,",||,"If that ye thinke I varie as in my speche,"
data/riverside_cats/MelPro_riv.cat,data/oxford_txts/MelPro_oxford.txt,data/csvs/MelPro,07-3-ch 954,,,0,If,that,yow,thynke,I,varie,as,in,my,speche
data/riverside_cats/MelPro_riv.cat,data/oxford_txts/MelPro_oxford.txt,data/csvs/MelPro,07-3-ch 954,,,0,,,,,,,,,,
data/riverside_cats/MelPro_riv.cat,data/oxford_txts/MelPro_oxford.txt,data/csvs/MelPro,07-3-ch 954,,,0,if@conj,that@part,you@pron%pl_obj,thinken@v1%pr_3,ich@pron%nom,varien@v%pr_1,as@conj,in@prep,min@pron%gen,speche@n
data/riverside_cats/MelPro_riv.cat,data/oxford_txts/MelPro_oxford.txt,data/csvs/MelPro,07-3-ch 954,,,0,If,that,ye,thinke,I,varie,as,in,my,speche
data/riverside_cats/MelPro_riv.cat,data/oxford_txts/MelPro_oxford.txt,data/csvs/MelPro,07-3-ch 954,,,0,,,,,,,,,,
data/riverside_cats/MelPro_riv.cat,data/oxford_txts/MelPro_oxford.txt,data/csvs/MelPro,07-3-ch 954,,,0,if@conj,that@part,you@pron%pl_obj,thinken@v1%pr_3,ich@pron%nom,varien@v%pr_1,as@conj,in@prep,min@pron%gen,speche@n

"As thus, though that I telle somwhat moore",||,"As thus, thogh that I telle somwhat more"
data/riverside_cats/MelPro_riv.cat,data/oxford_txts/MelPro_oxford.txt,data/csvs/MelPro,07-3-ch 955,,,10,As,thus,though,that,I,telle,somwhat,moore
data/riverside_cats/MelPro_riv.cat,data/oxford_txts/MelPro_oxford.txt,data/csvs/MelPro,07-3-ch 955,,,10,u,S,u,S,u,Su,Su,Sx
data/riverside_cats/MelPro_riv.cat,data/oxford_txts/MelPro_oxford.txt,data/csvs/MelPro,07-3-ch 955,,,10,as@conj,thus@adv,though@conj,that@part,ich@pron%nom,tellen@v%pr_1,som-what@adj,more@n3
data/riverside_cats/MelPro_riv.cat,data/oxford_txts/MelPro_oxford.txt,data/csvs/MelPro,07-3-ch 955,,,10,As,thus,thogh,that,I,telle,somwhat,more
data/riverside_cats/MelPro_riv.cat,data/oxford_txts/MelPro_oxford.txt,data/csvs/MelPro,07-3-ch 955,,,10,u,S,u,S,u,Su,Su,Sx
data/riverside_cats/MelPro_riv.cat,data/oxford_txts/MelPro_oxford.txt,data/csvs/MelPro,07-3-ch 955,,,10,as@conj,thus@adv,though@conj,that@part,ich@pron%nom,tellen@v%pr_1,som-what@adj,more@n3

Of proverbes than ye han herd bifoore,||,"Of proverbes, than ye han herd bifore,"
data/riverside_cats/MelPro_riv.cat,data/oxford_txts/MelPro_oxford.txt,data/csvs/MelPro,07-3-ch 956,,,10,Of,proverbes,than,ye,han,herd,bifoore
data/riverside_cats/MelPro_riv.cat,data/oxford_txts/MelPro_oxford.txt,data/csvs/MelPro,07-3-ch 956,,,10,u,SuS,u,S,u,S,uSx
data/riverside_cats/MelPro_riv.cat,data/oxford_txts/MelPro_oxford.txt,data/csvs/MelPro,07-3-ch 956,,,10,of@prep,proverbe@n%pl,than@conj,ye@pron%pl_nom,haven@v%pr_pl,heren@v%ppl,biforen@adv
data/riverside_cats/MelPro_riv.cat,data/oxford_txts/MelPro_oxford.txt,data/csvs/MelPro,07-3-ch 956,,,10,Of,proverbes,than,ye,han,herd,bifore
data/riverside_cats/MelPro_riv.cat,data/oxford_txts/MelPro_oxford.txt,data/csvs/MelPro,07-3-ch 956,,,10,u,SuS,u,S,u,S,uSx
data/riverside_cats/MelPro_riv.cat,data/oxford_txts/MelPro_oxford.txt,data/csvs/MelPro,07-3-ch 956,,,10,of@prep,proverbe@n%pl,than@conj,ye@pron%pl_nom,haven@v%pr_pl,heren@v%ppl,biforen@adv

"Comprehended in this litel tretys heere,",||,"Comprehended in this litel tretis here,"
data/riverside_cats/MelPro_riv.cat,data/oxford_txts/MelPro_oxford.txt,data/csvs/MelPro,07-3-ch 957,,,10,Comprehended,in,this,litel,tretys,heere
data/riverside_cats/MelPro_riv.cat,data/oxford_txts/MelPro_oxford.txt,data/csvs/MelPro,07-3-ch 957,,,10,uSux,S,u,Su,Su,Sx
data/riverside_cats/MelPro_riv.cat,data/oxford_txts/MelPro_oxford.txt,data/csvs/MelPro,07-3-ch 957,,,10,comprehenden@v%ppl_abs,in@prep,this@gram_adj,litel@adj,tretise@n,her@adv
data/riverside_cats/MelPro_riv.cat,data/oxford_txts/MelPro_oxford.txt,data/csvs/MelPro,07-3-ch 957,,,10,Comprehended,in,this,litel,tretis,here
data/riverside_cats/MelPro_riv.cat,data/oxford_txts/MelPro_oxford.txt,data/csvs/MelPro,07-3-ch 957,,,10,uSuS,u,S,uS,uS,xx
data/riverside_cats/MelPro_riv.cat,data/oxford_txts/MelPro_oxford.txt,data/csvs/MelPro,07-3-ch 957,,,10,comprehenden@v%ppl_abs,in@prep,this@gram_adj,litel@adj,tretise@n,her@adv

To enforce with th' effect of my mateere;,||,"To enforcen with° the th’effect of my matere,"
data/riverside_cats/MelPro_riv.cat,data/oxford_txts/MelPro_oxford.txt,data/csvs/MelPro,07-3-ch 958,DIFF,,10,To,enforce,with,th,effect,of,my,mateere
data/riverside_cats/MelPro_riv.cat,data/oxford_txts/MelPro_oxford.txt,data/csvs/MelPro,07-3-ch 958,DIFF,,10,u,Sux,S,,uS,u,S,uSx
data/riverside_cats/MelPro_riv.cat,data/oxford_txts/MelPro_oxford.txt,data/csvs/MelPro,07-3-ch 958,DIFF,,10,to@part,enforcen@v%inf,with@prep,the@def_art,effect@n,of@prep,min@pron%gen,matere@n
data/riverside_cats/MelPro_riv.cat,data/oxford_txts/MelPro_oxford.txt,data/csvs/MelPro,07-3-ch 958,DIFF,,10,To,enforcen,with,the,theffect,of,my,matere
data/riverside_cats/MelPro_riv.cat,data/oxford_txts/MelPro_oxford.txt,data/csvs/MelPro,07-3-ch 958,DIFF,,10,u,Sux,S,u,Su,S,u,Sxx
data/riverside_cats/MelPro_riv.cat,data/oxford_txts/MelPro_oxford.txt,data/csvs/MelPro,07-3-ch 958,DIFF,,10,to@part,,with@prep,the@def_art,,of@prep,min@pron%gen,matere@n

And though I nat the same wordes seye,||,And thogh I nat the same wordes seye
data/riverside_cats/MelPro_riv.cat,data/oxford_txts/MelPro_oxford.txt,data/csvs/MelPro,07-3-ch 959,,,10,And,though,I,nat,the,same,wordes,seye
data/riverside_cats/MelPro_riv.cat,data/oxford_txts/MelPro_oxford.txt,data/csvs/MelPro,07-3-ch 959,,,10,u,S,u,S,u,Su,Su,S
data/riverside_cats/MelPro_riv.cat,data/oxford_txts/MelPro_oxford.txt,data/csvs/MelPro,07-3-ch 959,,,10,and@conj,though@conj,ich@pron%nom,not@adv,the@def_art,same@gram_adj,word@n%pl,seien@v1%pr_pl
data/riverside_cats/MelPro_riv.cat,data/oxford_txts/MelPro_oxford.txt,data/csvs/MelPro,07-3-ch 959,,,10,And,thogh,I,nat,the,same,wordes,seye
data/riverside_cats/MelPro_riv.cat,data/oxford_txts/MelPro_oxford.txt,data/csvs/MelPro,07-3-ch 959,,,10,u,S,u,S,u,Su,Su,S
data/riverside_cats/MelPro_riv.cat,data/oxford_txts/MelPro_oxford.txt,data/csvs/MelPro,07-3-ch 959,,,10,and@conj,though@conj,ich@pron%nom,not@adv,the@def_art,same@gram_adj,word@n%pl,seien@v1%pr_pl

"As ye han herd, yet to yow alle I preye",||,"As ye han herd, yet to yow alle I preye,"
data/riverside_cats/MelPro_riv.cat,data/oxford_txts/MelPro_oxford.txt,data/csvs/MelPro,07-3-ch 960,,,10,As,ye,han,herd,yet,to,yow,alle,I,preye
data/riverside_cats/MelPro_riv.cat,data/oxford_txts/MelPro_oxford.txt,data/csvs/MelPro,07-3-ch 960,,,10,u,S,u,S,u,S,u,Sx,u,S
data/riverside_cats/MelPro_riv.cat,data/oxford_txts/MelPro_oxford.txt,data/csvs/MelPro,07-3-ch 960,,,10,as@conj,ye@pron%pl_nom,haven@v%pr_pl,heren@v%ppl,yet@adv,to@prep,you@pron%pl_obj,al@gram_adj,ich@pron%nom,preien@v1%pr_1
data/riverside_cats/MelPro_riv.cat,data/oxford_txts/MelPro_oxford.txt,data/csvs/MelPro,07-3-ch 960,,,10,As,ye,han,herd,yet,to,yow,alle,I,preye
data/riverside_cats/MelPro_riv.cat,data/oxford_txts/MelPro_oxford.txt,data/csvs/MelPro,07-3-ch 960,,,10,u,S,u,S,u,S,u,Sx,u,S
data/riverside_cats/MelPro_riv.cat,data/oxford_txts/MelPro_oxford.txt,data/csvs/MelPro,07-3-ch 960,,,10,as@conj,ye@pron%pl_nom,haven@v%pr_pl,heren@v%ppl,yet@adv,to@prep,you@pron%pl_obj,al@gram_adj,ich@pron%nom,preien@v1%pr_1

"Blameth me nat; for, as in my sentence,",||,"Blameth me nat; for, as in my sentence,"
data/riverside_cats/MelPro_riv.cat,data/oxford_txts/MelPro_oxford.txt,data/csvs/MelPro,07-3-ch 961,,,10,Blameth,me,nat,for,as,in,my,sentence
data/riverside_cats/MelPro_riv.cat,data/oxford_txts/MelPro_oxford.txt,data/csvs/MelPro,07-3-ch 961,,,10,uS,u,S,u,S,u,S,uSx
data/riverside_cats/MelPro_riv.cat,data/oxford_txts/MelPro_oxford.txt,data/csvs/MelPro,07-3-ch 961,,,10,blamen@v%imp,me@pron2%obj,not@adv,for@conj,as@conj,in@prep,min@pron%gen,sentence@n
data/riverside_cats/MelPro_riv.cat,data/oxford_txts/MelPro_oxford.txt,data/csvs/MelPro,07-3-ch 961,,,10,Blameth,me,nat,for,as,in,my,sentence
data/riverside_cats/MelPro_riv.cat,data/oxford_txts/MelPro_oxford.txt,data/csvs/MelPro,07-3-ch 961,,,10,uS,u,S,u,S,u,S,uSx
data/riverside_cats/MelPro_riv.cat,data/oxford_txts/MelPro_oxford.txt,data/csvs/MelPro,07-3-ch 961,,,10,blamen@v%imp,me@pron2%obj,not@adv,for@conj,as@conj,in@prep,min@pron%gen,sentence@n

Shul ye nowher fynden difference,||,Ye shul not finden moche difference
data/riverside_cats/MelPro_riv.cat,data/oxford_txts/MelPro_oxford.txt,data/csvs/MelPro,07-3-ch 962,DIFF,,9,Shul,ye,nowher,fynden,difference
data/riverside_cats/MelPro_riv.cat,data/oxford_txts/MelPro_oxford.txt,data/csvs/MelPro,07-3-ch 962,DIFF,,9,S,u,Su,Su,SuSx
data/riverside_cats/MelPro_riv.cat,data/oxford_txts/MelPro_oxford.txt,data/csvs/MelPro,07-3-ch 962,DIFF,,9,shulen@v1%pr_pl,ye@pron%pl_nom,no-wher@adv,finden@v%inf,difference@n
data/riverside_cats/MelPro_riv.cat,data/oxford_txts/MelPro_oxford.txt,data/csvs/MelPro,07-3-ch 962,DIFF,,10,Ye,shul,not,finden,moche,difference
data/riverside_cats/MelPro_riv.cat,data/oxford_txts/MelPro_oxford.txt,data/csvs/MelPro,07-3-ch 962,DIFF,,10,u,S,u,Su,Su,SuSx
data/riverside_cats/MelPro_riv.cat,data/oxford_txts/MelPro_oxford.txt,data/csvs/MelPro,07-3-ch 962,DIFF,,10,ye@pron%pl_nom,shulen@v1%pr_pl,,finden@v%inf,,difference@n

Fro the sentence of this tretys lyte,||,Fro the sentence of this tretis lite°
data/riverside_cats/MelPro_riv.cat,data/oxford_txts/MelPro_oxford.txt,data/csvs/MelPro,07-3-ch 963,,,10,Fro,the,sentence,of,this,tretys,lyte
data/riverside_cats/MelPro_riv.cat,data/oxford_txts/MelPro_oxford.txt,data/csvs/MelPro,07-3-ch 963,,,10,u,S,uSu,S,u,Su,Sx
data/riverside_cats/MelPro_riv.cat,data/oxford_txts/MelPro_oxford.txt,data/csvs/MelPro,07-3-ch 963,,,10,from@prep,the@def_art,sentence@n,of@prep,this@gram_adj,tretise@n,lite@adj1
data/riverside_cats/MelPro_riv.cat,data/oxford_txts/MelPro_oxford.txt,data/csvs/MelPro,07-3-ch 963,,,10,Fro,the,sentence,of,this,tretis,lite
data/riverside_cats/MelPro_riv.cat,data/oxford_txts/MelPro_oxford.txt,data/csvs/MelPro,07-3-ch 963,,,10,u,S,uSu,S,u,Su,Sx
data/riverside_cats/MelPro_riv.cat,data/oxford_txts/MelPro_oxford.txt,data/csvs/MelPro,07-3-ch 963,,,10,from@prep,the@def_art,sentence@n,of@prep,this@gram_adj,tretise@n,lite@adj1

After the which this murye tale I write.,||,After the which this mury tale I write.
data/riverside_cats/MelPro_riv.cat,data/oxford_txts/MelPro_oxford.txt,data/csvs/MelPro,07-3-ch 964,,,10,After,the,which,this,murye,tale,I,write
data/riverside_cats/MelPro_riv.cat,data/oxford_txts/MelPro_oxford.txt,data/csvs/MelPro,07-3-ch 964,,,10,uS,u,S,u,Su,Sx,u,Sx
data/riverside_cats/MelPro_riv.cat,data/oxford_txts/MelPro_oxford.txt,data/csvs/MelPro,07-3-ch 964,,,10,after@prep,the@def_art,which@pron,this@gram_adj,mirie@adj,tale@n,ich@pron%nom,writen@v%pr_1
data/riverside_cats/MelPro_riv.cat,data/oxford_txts/MelPro_oxford.txt,data/csvs/MelPro,07-3-ch 964,,,10,After,the,which,this,mury,tale,I,write
data/riverside_cats/MelPro_riv.cat,data/oxford_txts/MelPro_oxford.txt,data/csvs/MelPro,07-3-ch 964,,,10,uS,u,S,u,Su,Sx,u,Sx
data/riverside_cats/MelPro_riv.cat,data/oxford_txts/MelPro_oxford.txt,data/csvs/MelPro,07-3-ch 964,,,10,after@prep,the@def_art,which@pron,this@gram_adj,mirie@adj,tale@n,ich@pron%nom,writen@v%pr_1

"And therfore herkneth what that I shal seye,",||,"And therfor herkneth what that I shal seye,"
data/riverside_cats/MelPro_riv.cat,data/oxford_txts/MelPro_oxford.txt,data/csvs/MelPro,07-3-ch 965,,,10,And,therfore,herkneth,what,that,I,shal,seye
data/riverside_cats/MelPro_riv.cat,data/oxford_txts/MelPro_oxford.txt,data/csvs/MelPro,07-3-ch 965,,,10,u,Sux,Su,S,u,S,u,S
data/riverside_cats/MelPro_riv.cat,data/oxford_txts/MelPro_oxford.txt,data/csvs/MelPro,07-3-ch 965,,,10,and@conj,ther-fore@adv,herkenen@v%imp,what@pron,that@pron,ich@pron%nom,shulen@v1%pr_1,seien@v1%inf
data/riverside_cats/MelPro_riv.cat,data/oxford_txts/MelPro_oxford.txt,data/csvs/MelPro,07-3-ch 965,,,10,And,therfor,herkneth,what,that,I,shal,seye
data/riverside_cats/MelPro_riv.cat,data/oxford_txts/MelPro_oxford.txt,data/csvs/MelPro,07-3-ch 965,,,10,u,Su,Su,S,u,S,u,S
data/riverside_cats/MelPro_riv.cat,data/oxford_txts/MelPro_oxford.txt,data/csvs/MelPro,07-3-ch 965,,,10,and@conj,ther-fore@adv,herkenen@v%imp,what@pron,that@pron,ich@pron%nom,shulen@v1%pr_1,seien@v1%inf

"And lat me tellen al my tale, I preye.""",||,"And lat me tellen al my tale, I preye.”"
data/riverside_cats/MelPro_riv.cat,data/oxford_txts/MelPro_oxford.txt,data/csvs/MelPro,07-3-ch 966,,,10,And,lat,me,tellen,al,my,tale,I,preye
data/riverside_cats/MelPro_riv.cat,data/oxford_txts/MelPro_oxford.txt,data/csvs/MelPro,07-3-ch 966,,,10,u,S,u,Su,S,u,Sx,u,S
data/riverside_cats/MelPro_riv.cat,data/oxford_txts/MelPro_oxford.txt,data/csvs/MelPro,07-3-ch 966,,,10,and@conj,leten@v%imp,me@pron2%obj,tellen@v%inf,al@gram_adj,min@pron%gen,tale@n,ich@pron%nom,preien@v1%pr_1
data/riverside_cats/MelPro_riv.cat,data/oxford_txts/MelPro_oxford.txt,data/csvs/MelPro,07-3-ch 966,,,10,And,lat,me,tellen,al,my,tale,I,preye
data/riverside_cats/MelPro_riv.cat,data/oxford_txts/MelPro_oxford.txt,data/csvs/MelPro,07-3-ch 966,,,10,u,S,u,Su,S,u,Sx,u,S
data/riverside_cats/MelPro_riv.cat,data/oxford_txts/MelPro_oxford.txt,data/csvs/MelPro,07-3-ch 966,,,10,and@conj,leten@v%imp,me@pron2%obj,tellen@v%inf,al@gram_adj,min@pron%gen,tale@n,ich@pron%nom,preien@v1%pr_1

