Oure Hooste saugh wel that the brighte sonne,||,¶Our Hoste sey° wel that the brighte sonne
data/riverside_cats/MLPro_riv.cat,data/oxford_txts/MLPro_oxford.txt,data/csvs/MLPro,02-1-ch 1,DIFF,green,10,Oure,Hooste,saugh,wel,that,the,brighte,sonne
data/riverside_cats/MLPro_riv.cat,data/oxford_txts/MLPro_oxford.txt,data/csvs/MLPro,02-1-ch 1,DIFF,green,10,ux,Su,S,u,S,u,Su,Sx
data/riverside_cats/MLPro_riv.cat,data/oxford_txts/MLPro_oxford.txt,data/csvs/MLPro,02-1-ch 1,DIFF,green,10,oure@pron%pl_gen,hoste@n2,sen@v1%pt_3,wel@adv,that@conj,the@def_art,bright@adj,sonne@n
data/riverside_cats/MLPro_riv.cat,data/oxford_txts/MLPro_oxford.txt,data/csvs/MLPro,02-1-ch 1,DIFF,green,10,Our,Hoste,sey,wel,that,the,brighte,sonne
data/riverside_cats/MLPro_riv.cat,data/oxford_txts/MLPro_oxford.txt,data/csvs/MLPro,02-1-ch 1,DIFF,green,10,u,Su,S,u,S,u,Su,Sx
data/riverside_cats/MLPro_riv.cat,data/oxford_txts/MLPro_oxford.txt,data/csvs/MLPro,02-1-ch 1,DIFF,green,10,oure@pron%pl_gen,hoste@n2,sen@v1%pt_3,wel@adv,that@conj,the@def_art,bright@adj,sonne@n

The ark of his artificial day hath ronne,||,The ark° of his artificial day° had ronne
data/riverside_cats/MLPro_riv.cat,data/oxford_txts/MLPro_oxford.txt,data/csvs/MLPro,02-1-ch 2,DIFF,,0,The,ark,of,his,artificial,day,hath,ronne
data/riverside_cats/MLPro_riv.cat,data/oxford_txts/MLPro_oxford.txt,data/csvs/MLPro,02-1-ch 2,DIFF,,0,,,,,,,,
data/riverside_cats/MLPro_riv.cat,data/oxford_txts/MLPro_oxford.txt,data/csvs/MLPro,02-1-ch 2,DIFF,,0,the@def_art,arche@n,of@prep,his@pron1%gen,artificial@adj,dai@n,haven@v%pr_3,rennen@v1%ppl
data/riverside_cats/MLPro_riv.cat,data/oxford_txts/MLPro_oxford.txt,data/csvs/MLPro,02-1-ch 2,DIFF,,0,The,ark,of,his,artificial,day,had,ronne
data/riverside_cats/MLPro_riv.cat,data/oxford_txts/MLPro_oxford.txt,data/csvs/MLPro,02-1-ch 2,DIFF,,0,,,,,,,,
data/riverside_cats/MLPro_riv.cat,data/oxford_txts/MLPro_oxford.txt,data/csvs/MLPro,02-1-ch 2,DIFF,,0,the@def_art,arche@n,of@prep,his@pron1%gen,artificial@adj,dai@n,,rennen@v1%ppl

"The ferthe part, and half an houre and moore,",||,"The fourthe part, and half an houre, and more;"
data/riverside_cats/MLPro_riv.cat,data/oxford_txts/MLPro_oxford.txt,data/csvs/MLPro,02-1-ch 3,,,10,The,ferthe,part,and,half,an,houre,and,moore
data/riverside_cats/MLPro_riv.cat,data/oxford_txts/MLPro_oxford.txt,data/csvs/MLPro,02-1-ch 3,,,10,u,Su,S,u,S,u,Sx,u,Sx
data/riverside_cats/MLPro_riv.cat,data/oxford_txts/MLPro_oxford.txt,data/csvs/MLPro,02-1-ch 3,,,10,the@def_art,ferthe@num_adj,part@n,and@conj,half@n,a@indef_art,houre@n,and@conj,more@n3
data/riverside_cats/MLPro_riv.cat,data/oxford_txts/MLPro_oxford.txt,data/csvs/MLPro,02-1-ch 3,,,10,The,fourthe,part,and,half,an,houre,and,more
data/riverside_cats/MLPro_riv.cat,data/oxford_txts/MLPro_oxford.txt,data/csvs/MLPro,02-1-ch 3,,,10,u,Su,S,u,S,u,Sx,u,Sx
data/riverside_cats/MLPro_riv.cat,data/oxford_txts/MLPro_oxford.txt,data/csvs/MLPro,02-1-ch 3,,,10,the@def_art,ferthe@num_adj,part@n,and@conj,half@n,a@indef_art,houre@n,and@conj,more@n3

"And though he were not depe ystert in loore,",||,"And though he were not depe ystert° in lore,"
data/riverside_cats/MLPro_riv.cat,data/oxford_txts/MLPro_oxford.txt,data/csvs/MLPro,02-1-ch 4,,,10,And,though,he,were,not,depe,ystert,in,loore
data/riverside_cats/MLPro_riv.cat,data/oxford_txts/MLPro_oxford.txt,data/csvs/MLPro,02-1-ch 4,,,10,u,S,u,Sx,u,Sx,uS,u,Sx
data/riverside_cats/MLPro_riv.cat,data/oxford_txts/MLPro_oxford.txt,data/csvs/MLPro,02-1-ch 4,,,10,and@conj,though@conj,he@pron1%nom,ben@v%pt_3,not@adv,depe@adv,sterten@v%ppl,in@prep,lore@n2
data/riverside_cats/MLPro_riv.cat,data/oxford_txts/MLPro_oxford.txt,data/csvs/MLPro,02-1-ch 4,,,10,And,though,he,were,not,depe,ystert,in,lore
data/riverside_cats/MLPro_riv.cat,data/oxford_txts/MLPro_oxford.txt,data/csvs/MLPro,02-1-ch 4,,,10,u,S,u,Sx,u,Sx,uS,u,Sx
data/riverside_cats/MLPro_riv.cat,data/oxford_txts/MLPro_oxford.txt,data/csvs/MLPro,02-1-ch 4,,,10,and@conj,though@conj,he@pron1%nom,ben@v%pt_3,not@adv,depe@adv,sterten@v%ppl,in@prep,lore@n2

He wiste it was the eightetethe day,||,He wiste° it was the eightetethe° day
data/riverside_cats/MLPro_riv.cat,data/oxford_txts/MLPro_oxford.txt,data/csvs/MLPro,02-1-ch 5,,,10,He,wiste,it,was,the,eightetethe,day
data/riverside_cats/MLPro_riv.cat,data/oxford_txts/MLPro_oxford.txt,data/csvs/MLPro,02-1-ch 5,,,10,u,Sx,u,S,u,SuSu,S
data/riverside_cats/MLPro_riv.cat,data/oxford_txts/MLPro_oxford.txt,data/csvs/MLPro,02-1-ch 5,,,10,he@pron1%nom,witen@v1%pt_3,hit@pron,ben@v%pt_3,the@def_art,eighte-tenthe@num_adj,dai@n
data/riverside_cats/MLPro_riv.cat,data/oxford_txts/MLPro_oxford.txt,data/csvs/MLPro,02-1-ch 5,,,10,He,wiste,it,was,the,eightetethe,day
data/riverside_cats/MLPro_riv.cat,data/oxford_txts/MLPro_oxford.txt,data/csvs/MLPro,02-1-ch 5,,,10,u,Sx,u,S,u,SuSu,S
data/riverside_cats/MLPro_riv.cat,data/oxford_txts/MLPro_oxford.txt,data/csvs/MLPro,02-1-ch 5,,,10,he@pron1%nom,witen@v1%pt_3,hit@pron,ben@v%pt_3,the@def_art,eighte-tenthe@num_adj,dai@n

"Of Aprill, that is messager to May;",||,"Of April, that is messager to May;"
data/riverside_cats/MLPro_riv.cat,data/oxford_txts/MLPro_oxford.txt,data/csvs/MLPro,02-1-ch 6,,,10,Of,Aprill,that,is,messager,to,May
data/riverside_cats/MLPro_riv.cat,data/oxford_txts/MLPro_oxford.txt,data/csvs/MLPro,02-1-ch 6,,,10,u,Su,S,u,SuS,u,S
data/riverside_cats/MLPro_riv.cat,data/oxford_txts/MLPro_oxford.txt,data/csvs/MLPro,02-1-ch 6,,,10,of@prep,april@n,that@pron,ben@v%pr_3,messager@n,to@prep,mai@n2
data/riverside_cats/MLPro_riv.cat,data/oxford_txts/MLPro_oxford.txt,data/csvs/MLPro,02-1-ch 6,,,10,Of,April,that,is,messager,to,May
data/riverside_cats/MLPro_riv.cat,data/oxford_txts/MLPro_oxford.txt,data/csvs/MLPro,02-1-ch 6,,,10,u,Su,S,u,SuS,u,S
data/riverside_cats/MLPro_riv.cat,data/oxford_txts/MLPro_oxford.txt,data/csvs/MLPro,02-1-ch 6,,,10,of@prep,april@n,that@pron,ben@v%pr_3,messager@n,to@prep,mai@n2

And saugh wel that the shadwe of every tree,||,And sey° wel that the shadwe of every tree
data/riverside_cats/MLPro_riv.cat,data/oxford_txts/MLPro_oxford.txt,data/csvs/MLPro,02-1-ch 7,DIFF,green,10,And,saugh,wel,that,the,shadwe,of,every,tree
data/riverside_cats/MLPro_riv.cat,data/oxford_txts/MLPro_oxford.txt,data/csvs/MLPro,02-1-ch 7,DIFF,green,10,u,S,u,S,u,Sx,u,Sxu,S
data/riverside_cats/MLPro_riv.cat,data/oxford_txts/MLPro_oxford.txt,data/csvs/MLPro,02-1-ch 7,DIFF,green,10,and@conj,sen@v1%pt_3,wel@adv,that@conj,the@def_art,shadwe@n,of@prep,everi@pron_gram_adj,tre@n
data/riverside_cats/MLPro_riv.cat,data/oxford_txts/MLPro_oxford.txt,data/csvs/MLPro,02-1-ch 7,DIFF,green,10,And,sey,wel,that,the,shadwe,of,every,tree
data/riverside_cats/MLPro_riv.cat,data/oxford_txts/MLPro_oxford.txt,data/csvs/MLPro,02-1-ch 7,DIFF,green,10,u,S,u,S,u,Sx,u,Sxu,S
data/riverside_cats/MLPro_riv.cat,data/oxford_txts/MLPro_oxford.txt,data/csvs/MLPro,02-1-ch 7,DIFF,green,10,and@conj,sen@v1%pt_3,wel@adv,that@conj,the@def_art,shadwe@n,of@prep,everi@pron_gram_adj,tre@n

Was in lengthe the same quantitee,||,Was as in lengthe the same quantitee
data/riverside_cats/MLPro_riv.cat,data/oxford_txts/MLPro_oxford.txt,data/csvs/MLPro,02-1-ch 8,DIFF,green,9,Was,in,lengthe,the,same,quantitee
data/riverside_cats/MLPro_riv.cat,data/oxford_txts/MLPro_oxford.txt,data/csvs/MLPro,02-1-ch 8,DIFF,green,9,S,u,Sx,u,Su,SuS
data/riverside_cats/MLPro_riv.cat,data/oxford_txts/MLPro_oxford.txt,data/csvs/MLPro,02-1-ch 8,DIFF,green,9,ben@v%pt_3,in@prep,lengthe@n,the@def_art,same@gram_adj,quantite@n
data/riverside_cats/MLPro_riv.cat,data/oxford_txts/MLPro_oxford.txt,data/csvs/MLPro,02-1-ch 8,DIFF,green,10,Was,as,in,lengthe,the,same,quantitee
data/riverside_cats/MLPro_riv.cat,data/oxford_txts/MLPro_oxford.txt,data/csvs/MLPro,02-1-ch 8,DIFF,green,10,u,S,u,Sx,u,Su,SuS
data/riverside_cats/MLPro_riv.cat,data/oxford_txts/MLPro_oxford.txt,data/csvs/MLPro,02-1-ch 8,DIFF,green,10,ben@v%pt_3,as@conj,in@prep,lengthe@n,the@def_art,same@gram_adj,quantite@n

That was the body erect that caused it.,||,That was the body erect that caused it.
data/riverside_cats/MLPro_riv.cat,data/oxford_txts/MLPro_oxford.txt,data/csvs/MLPro,02-1-ch 9,,,10,That,was,the,body,erect,that,caused,it
data/riverside_cats/MLPro_riv.cat,data/oxford_txts/MLPro_oxford.txt,data/csvs/MLPro,02-1-ch 9,,,10,u,S,u,Su,Su,S,ux,S
data/riverside_cats/MLPro_riv.cat,data/oxford_txts/MLPro_oxford.txt,data/csvs/MLPro,02-1-ch 9,,,10,that@pron,ben@v%pt_3,the@def_art,bodi@n,erect@adj,that@pron,causen@v1%pt_3,hit@pron
data/riverside_cats/MLPro_riv.cat,data/oxford_txts/MLPro_oxford.txt,data/csvs/MLPro,02-1-ch 9,,,10,That,was,the,body,erect,that,caused,it
data/riverside_cats/MLPro_riv.cat,data/oxford_txts/MLPro_oxford.txt,data/csvs/MLPro,02-1-ch 9,,,10,u,S,u,Su,Su,S,ux,S
data/riverside_cats/MLPro_riv.cat,data/oxford_txts/MLPro_oxford.txt,data/csvs/MLPro,02-1-ch 9,,,10,that@pron,ben@v%pt_3,the@def_art,bodi@n,erect@adj,that@pron,causen@v1%pt_3,hit@pron

And therefore by the shadwe he took his wit,||,And therfor by the shadwe he took his wit°
data/riverside_cats/MLPro_riv.cat,data/oxford_txts/MLPro_oxford.txt,data/csvs/MLPro,02-1-ch 10,,,10,And,therefore,by,the,shadwe,he,took,his,wit
data/riverside_cats/MLPro_riv.cat,data/oxford_txts/MLPro_oxford.txt,data/csvs/MLPro,02-1-ch 10,,,10,u,xSux,S,u,Sx,u,S,u,S
data/riverside_cats/MLPro_riv.cat,data/oxford_txts/MLPro_oxford.txt,data/csvs/MLPro,02-1-ch 10,,,10,and@conj,ther-fore@adv,bi@prep,the@def_art,shadwe@n,he@pron1%nom,taken@v%pt_3,his@pron1%gen,wit@n
data/riverside_cats/MLPro_riv.cat,data/oxford_txts/MLPro_oxford.txt,data/csvs/MLPro,02-1-ch 10,,,10,And,therfor,by,the,shadwe,he,took,his,wit
data/riverside_cats/MLPro_riv.cat,data/oxford_txts/MLPro_oxford.txt,data/csvs/MLPro,02-1-ch 10,,,10,u,Su,S,u,Sx,u,S,u,S
data/riverside_cats/MLPro_riv.cat,data/oxford_txts/MLPro_oxford.txt,data/csvs/MLPro,02-1-ch 10,,,10,and@conj,ther-fore@adv,bi@prep,the@def_art,shadwe@n,he@pron1%nom,taken@v%pt_3,his@pron1%gen,wit@n

"That Phebus, which that shoon so clere and brighte,",||,"That Phebus,° which that shoon so clere and brighte,"
data/riverside_cats/MLPro_riv.cat,data/oxford_txts/MLPro_oxford.txt,data/csvs/MLPro,02-1-ch 11,,,10,That,Phebus,which,that,shoon,so,clere,and,brighte
data/riverside_cats/MLPro_riv.cat,data/oxford_txts/MLPro_oxford.txt,data/csvs/MLPro,02-1-ch 11,,,10,u,Su,S,u,S,u,Sx,u,Sx
data/riverside_cats/MLPro_riv.cat,data/oxford_txts/MLPro_oxford.txt,data/csvs/MLPro,02-1-ch 11,,,10,that@conj,phebus@n#propn,which@pron,that@pron,shinen@v%pt_3,so@adv,cler@adv,and@conj,brighte@adv
data/riverside_cats/MLPro_riv.cat,data/oxford_txts/MLPro_oxford.txt,data/csvs/MLPro,02-1-ch 11,,,10,That,Phebus,which,that,shoon,so,clere,and,brighte
data/riverside_cats/MLPro_riv.cat,data/oxford_txts/MLPro_oxford.txt,data/csvs/MLPro,02-1-ch 11,,,10,u,Su,S,u,S,u,Sx,u,Sx
data/riverside_cats/MLPro_riv.cat,data/oxford_txts/MLPro_oxford.txt,data/csvs/MLPro,02-1-ch 11,,,10,that@conj,phebus@n#propn,which@pron,that@pron,shinen@v%pt_3,so@adv,cler@adv,and@conj,brighte@adv

"Degrees was fyve and fourty clombe on highte,",||,Degrees was five and fourty clombe on highte;
data/riverside_cats/MLPro_riv.cat,data/oxford_txts/MLPro_oxford.txt,data/csvs/MLPro,02-1-ch 12,,,10,Degrees,was,fyve,and,fourty,clombe,on,highte
data/riverside_cats/MLPro_riv.cat,data/oxford_txts/MLPro_oxford.txt,data/csvs/MLPro,02-1-ch 12,,,10,uS,u,Sx,u,Su,Sx,u,Sx
data/riverside_cats/MLPro_riv.cat,data/oxford_txts/MLPro_oxford.txt,data/csvs/MLPro,02-1-ch 12,,,10,degre@n%pl,ben@v%pt_3,five@num_adj,and@conj,fourti@num_adj,climben@v%ppl,on@prep,heighte@n
data/riverside_cats/MLPro_riv.cat,data/oxford_txts/MLPro_oxford.txt,data/csvs/MLPro,02-1-ch 12,,,10,Degrees,was,five,and,fourty,clombe,on,highte
data/riverside_cats/MLPro_riv.cat,data/oxford_txts/MLPro_oxford.txt,data/csvs/MLPro,02-1-ch 12,,,10,uS,u,Sx,u,Su,Sx,u,Sx
data/riverside_cats/MLPro_riv.cat,data/oxford_txts/MLPro_oxford.txt,data/csvs/MLPro,02-1-ch 12,,,10,degre@n%pl,ben@v%pt_3,five@num_adj,and@conj,fourti@num_adj,climben@v%ppl,on@prep,heighte@n

"And for that day, as in that latitude,",||,"And for that day, as in that latitude,"
data/riverside_cats/MLPro_riv.cat,data/oxford_txts/MLPro_oxford.txt,data/csvs/MLPro,02-1-ch 13,,,10,And,for,that,day,as,in,that,latitude
data/riverside_cats/MLPro_riv.cat,data/oxford_txts/MLPro_oxford.txt,data/csvs/MLPro,02-1-ch 13,,,10,u,S,u,S,u,S,u,SuSx
data/riverside_cats/MLPro_riv.cat,data/oxford_txts/MLPro_oxford.txt,data/csvs/MLPro,02-1-ch 13,,,10,and@conj,for@prep,that@art&gram_adj,dai@n,as@conj,in@prep,that@art&gram_adj,latitude@n
data/riverside_cats/MLPro_riv.cat,data/oxford_txts/MLPro_oxford.txt,data/csvs/MLPro,02-1-ch 13,,,10,And,for,that,day,as,in,that,latitude
data/riverside_cats/MLPro_riv.cat,data/oxford_txts/MLPro_oxford.txt,data/csvs/MLPro,02-1-ch 13,,,10,u,S,u,S,u,S,u,SuSx
data/riverside_cats/MLPro_riv.cat,data/oxford_txts/MLPro_oxford.txt,data/csvs/MLPro,02-1-ch 13,,,10,and@conj,for@prep,that@art&gram_adj,dai@n,as@conj,in@prep,that@art&gram_adj,latitude@n

"It was ten of the clokke, he gan conclude,",||,"It was ten of the clokke, he gan conclude,"
data/riverside_cats/MLPro_riv.cat,data/oxford_txts/MLPro_oxford.txt,data/csvs/MLPro,02-1-ch 14,,,10,It,was,ten,of,the,clokke,he,gan,conclude
data/riverside_cats/MLPro_riv.cat,data/oxford_txts/MLPro_oxford.txt,data/csvs/MLPro,02-1-ch 14,,,10,u,S,u,S,u,Sx,u,S,uSx
data/riverside_cats/MLPro_riv.cat,data/oxford_txts/MLPro_oxford.txt,data/csvs/MLPro,02-1-ch 14,,,10,hit@pron,ben@v%pt_3,ten@num_n,of@prep,the@def_art,clokke@n,he@pron1%nom,ginnen@v%pt_3,concluden@v%inf
data/riverside_cats/MLPro_riv.cat,data/oxford_txts/MLPro_oxford.txt,data/csvs/MLPro,02-1-ch 14,,,10,It,was,ten,of,the,clokke,he,gan,conclude
data/riverside_cats/MLPro_riv.cat,data/oxford_txts/MLPro_oxford.txt,data/csvs/MLPro,02-1-ch 14,,,10,u,S,u,S,u,Sx,u,S,uSx
data/riverside_cats/MLPro_riv.cat,data/oxford_txts/MLPro_oxford.txt,data/csvs/MLPro,02-1-ch 14,,,10,hit@pron,ben@v%pt_3,ten@num_n,of@prep,the@def_art,clokke@n,he@pron1%nom,ginnen@v%pt_3,concluden@v%inf

And sodeynly he plighte his horse aboute.,||,And sodeinly he plighte° his hors aboute.
data/riverside_cats/MLPro_riv.cat,data/oxford_txts/MLPro_oxford.txt,data/csvs/MLPro,02-1-ch 15,,,10,And,sodeynly,he,plighte,his,horse,aboute
data/riverside_cats/MLPro_riv.cat,data/oxford_txts/MLPro_oxford.txt,data/csvs/MLPro,02-1-ch 15,,,10,u,SuS,u,Sx,u,Sx,uSx
data/riverside_cats/MLPro_riv.cat,data/oxford_txts/MLPro_oxford.txt,data/csvs/MLPro,02-1-ch 15,,,10,and@conj,sodeinli@adv,he@pron1%nom,plicchen@v%pt_3,his@pron1%gen,hors@n,abouten@adv
data/riverside_cats/MLPro_riv.cat,data/oxford_txts/MLPro_oxford.txt,data/csvs/MLPro,02-1-ch 15,,,10,And,sodeinly,he,plighte,his,hors,aboute
data/riverside_cats/MLPro_riv.cat,data/oxford_txts/MLPro_oxford.txt,data/csvs/MLPro,02-1-ch 15,,,10,u,SuS,u,Sx,u,S,uSx
data/riverside_cats/MLPro_riv.cat,data/oxford_txts/MLPro_oxford.txt,data/csvs/MLPro,02-1-ch 15,,,10,and@conj,sodeinli@adv,he@pron1%nom,plicchen@v%pt_3,his@pron1%gen,hors@n,abouten@adv

"""Lordynges,"" quod he, ""I warne yow, al this route,",||,"¶“Lordinges,” quod he, “I warne° yow, al this route,°"
data/riverside_cats/MLPro_riv.cat,data/oxford_txts/MLPro_oxford.txt,data/csvs/MLPro,02-1-ch 16,,,10,Lordynges,quod,he,I,warne,yow,al,this,route
data/riverside_cats/MLPro_riv.cat,data/oxford_txts/MLPro_oxford.txt,data/csvs/MLPro,02-1-ch 16,,,10,uSx,u,S,u,Sx,u,S,u,Sx
data/riverside_cats/MLPro_riv.cat,data/oxford_txts/MLPro_oxford.txt,data/csvs/MLPro,02-1-ch 16,,,10,lordinge@n%pl,quethen@v%pt_3,he@pron1%nom,ich@pron%nom,warnen@v1%pr_1,you@pron%pl_obj,al@gram_adj,this@gram_adj,route@n1
data/riverside_cats/MLPro_riv.cat,data/oxford_txts/MLPro_oxford.txt,data/csvs/MLPro,02-1-ch 16,,,10,Lordinges,quod,he,I,warne,yow,al,this,route
data/riverside_cats/MLPro_riv.cat,data/oxford_txts/MLPro_oxford.txt,data/csvs/MLPro,02-1-ch 16,,,10,uSx,u,S,u,Sx,u,S,u,Sx
data/riverside_cats/MLPro_riv.cat,data/oxford_txts/MLPro_oxford.txt,data/csvs/MLPro,02-1-ch 16,,,10,lordinge@n%pl,quethen@v%pt_3,he@pron1%nom,ich@pron%nom,warnen@v1%pr_1,you@pron%pl_obj,al@gram_adj,this@gram_adj,route@n1

The fourthe party of this day is gon.,||,The fourthe party of this day is goon;°
data/riverside_cats/MLPro_riv.cat,data/oxford_txts/MLPro_oxford.txt,data/csvs/MLPro,02-1-ch 17,,,10,The,fourthe,party,of,this,day,is,gon
data/riverside_cats/MLPro_riv.cat,data/oxford_txts/MLPro_oxford.txt,data/csvs/MLPro,02-1-ch 17,,,10,u,Su,Su,S,u,S,u,S
data/riverside_cats/MLPro_riv.cat,data/oxford_txts/MLPro_oxford.txt,data/csvs/MLPro,02-1-ch 17,,,10,the@def_art,ferthe@num_adj,partie@n,of@prep,this@gram_adj,dai@n,ben@v%pr_3,gon@v%ppl
data/riverside_cats/MLPro_riv.cat,data/oxford_txts/MLPro_oxford.txt,data/csvs/MLPro,02-1-ch 17,,,10,The,fourthe,party,of,this,day,is,goon
data/riverside_cats/MLPro_riv.cat,data/oxford_txts/MLPro_oxford.txt,data/csvs/MLPro,02-1-ch 17,,,10,u,Su,Su,S,u,S,u,S
data/riverside_cats/MLPro_riv.cat,data/oxford_txts/MLPro_oxford.txt,data/csvs/MLPro,02-1-ch 17,,,10,the@def_art,ferthe@num_adj,partie@n,of@prep,this@gram_adj,dai@n,ben@v%pr_3,gon@v%ppl

"Now for the love of God and of Seint John,",||,"Now, for the love of God and of Seint John,"
data/riverside_cats/MLPro_riv.cat,data/oxford_txts/MLPro_oxford.txt,data/csvs/MLPro,02-1-ch 18,,,10,Now,for,the,love,of,God,and,of,Seint,John
data/riverside_cats/MLPro_riv.cat,data/oxford_txts/MLPro_oxford.txt,data/csvs/MLPro,02-1-ch 18,,,10,u,S,u,Sx,u,S,u,S,u,S
data/riverside_cats/MLPro_riv.cat,data/oxford_txts/MLPro_oxford.txt,data/csvs/MLPro,02-1-ch 18,,,10,nou@adv,for@prep,the@def_art,love@n1,of@prep,god@n1#propn,and@conj,of@prep,seinte@adj,john@n1#propn
data/riverside_cats/MLPro_riv.cat,data/oxford_txts/MLPro_oxford.txt,data/csvs/MLPro,02-1-ch 18,,,10,Now,for,the,love,of,God,and,of,Seint,John
data/riverside_cats/MLPro_riv.cat,data/oxford_txts/MLPro_oxford.txt,data/csvs/MLPro,02-1-ch 18,,,10,u,S,u,Sx,u,S,u,S,u,S
data/riverside_cats/MLPro_riv.cat,data/oxford_txts/MLPro_oxford.txt,data/csvs/MLPro,02-1-ch 18,,,10,nou@adv,for@prep,the@def_art,love@n1,of@prep,god@n1#propn,and@conj,of@prep,seinte@adj,john@n1#propn

"Leseth no tyme, as ferforth as ye may.",||,"Leseth° no time, as ferforth as ye may;°"
data/riverside_cats/MLPro_riv.cat,data/oxford_txts/MLPro_oxford.txt,data/csvs/MLPro,02-1-ch 19,,,10,Leseth,no,tyme,as,ferforth,as,ye,may
data/riverside_cats/MLPro_riv.cat,data/oxford_txts/MLPro_oxford.txt,data/csvs/MLPro,02-1-ch 19,,,10,uS,u,Sx,u,Su,S,u,S
data/riverside_cats/MLPro_riv.cat,data/oxford_txts/MLPro_oxford.txt,data/csvs/MLPro,02-1-ch 19,,,10,lesen@v4%imp,no@gram_adj,time@n,as@conj,fer-forth@adv,as@conj,ye@pron%pl_nom,mouen@v3%pr_pl
data/riverside_cats/MLPro_riv.cat,data/oxford_txts/MLPro_oxford.txt,data/csvs/MLPro,02-1-ch 19,,,10,Leseth,no,time,as,ferforth,as,ye,may
data/riverside_cats/MLPro_riv.cat,data/oxford_txts/MLPro_oxford.txt,data/csvs/MLPro,02-1-ch 19,,,10,uS,u,Sx,u,Su,S,u,S
data/riverside_cats/MLPro_riv.cat,data/oxford_txts/MLPro_oxford.txt,data/csvs/MLPro,02-1-ch 19,,,10,lesen@v4%imp,no@gram_adj,time@n,as@conj,fer-forth@adv,as@conj,ye@pron%pl_nom,mouen@v3%pr_pl

"Lordynges, the tyme wasteth nyght and day,",||,"Lordinges, the time wasteth° night and day,"
data/riverside_cats/MLPro_riv.cat,data/oxford_txts/MLPro_oxford.txt,data/csvs/MLPro,02-1-ch 20,,,10,Lordynges,the,tyme,wasteth,nyght,and,day
data/riverside_cats/MLPro_riv.cat,data/oxford_txts/MLPro_oxford.txt,data/csvs/MLPro,02-1-ch 20,,,10,uSu,S,ux,Su,S,u,S
data/riverside_cats/MLPro_riv.cat,data/oxford_txts/MLPro_oxford.txt,data/csvs/MLPro,02-1-ch 20,,,10,lordinge@n%pl,the@def_art,time@n,wasten@v%pr_3,night@n,and@conj,dai@n
data/riverside_cats/MLPro_riv.cat,data/oxford_txts/MLPro_oxford.txt,data/csvs/MLPro,02-1-ch 20,,,10,Lordinges,the,time,wasteth,night,and,day
data/riverside_cats/MLPro_riv.cat,data/oxford_txts/MLPro_oxford.txt,data/csvs/MLPro,02-1-ch 20,,,10,uSu,S,ux,Su,S,u,S
data/riverside_cats/MLPro_riv.cat,data/oxford_txts/MLPro_oxford.txt,data/csvs/MLPro,02-1-ch 20,,,10,lordinge@n%pl,the@def_art,time@n,wasten@v%pr_3,night@n,and@conj,dai@n

"And steleth from us, what pryvely slepynge,",||,"And steleth from us, what prively slepinge,"
data/riverside_cats/MLPro_riv.cat,data/oxford_txts/MLPro_oxford.txt,data/csvs/MLPro,02-1-ch 21,,,10,And,steleth,from,us,what,pryvely,slepynge
data/riverside_cats/MLPro_riv.cat,data/oxford_txts/MLPro_oxford.txt,data/csvs/MLPro,02-1-ch 21,,,10,u,Sx,u,S,u,SuS,uSx
data/riverside_cats/MLPro_riv.cat,data/oxford_txts/MLPro_oxford.txt,data/csvs/MLPro,02-1-ch 21,,,10,and@conj,stelen@v%pr_3,from@prep,us@pron%pl_obj,what@adv,privelie@adv,slepen@v%prp_abs
data/riverside_cats/MLPro_riv.cat,data/oxford_txts/MLPro_oxford.txt,data/csvs/MLPro,02-1-ch 21,,,10,And,steleth,from,us,what,prively,slepinge
data/riverside_cats/MLPro_riv.cat,data/oxford_txts/MLPro_oxford.txt,data/csvs/MLPro,02-1-ch 21,,,10,u,Sx,u,S,u,SuS,uSx
data/riverside_cats/MLPro_riv.cat,data/oxford_txts/MLPro_oxford.txt,data/csvs/MLPro,02-1-ch 21,,,10,and@conj,stelen@v%pr_3,from@prep,us@pron%pl_obj,what@adv,privelie@adv,slepen@v%prp_abs

"And what thurgh necligence in oure wakynge,",||,"And what° thurgh necligence in our wakinge,"
data/riverside_cats/MLPro_riv.cat,data/oxford_txts/MLPro_oxford.txt,data/csvs/MLPro,02-1-ch 22,,,10,And,what,thurgh,necligence,in,oure,wakynge
data/riverside_cats/MLPro_riv.cat,data/oxford_txts/MLPro_oxford.txt,data/csvs/MLPro,02-1-ch 22,,,10,u,S,u,SuSx,u,Sx,uSx
data/riverside_cats/MLPro_riv.cat,data/oxford_txts/MLPro_oxford.txt,data/csvs/MLPro,02-1-ch 22,,,10,and@conj,what@adv,thurgh@prep,necligence@n,in@prep,oure@pron%pl_gen,wakinge@ger
data/riverside_cats/MLPro_riv.cat,data/oxford_txts/MLPro_oxford.txt,data/csvs/MLPro,02-1-ch 22,,,10,And,what,thurgh,necligence,in,our,wakinge
data/riverside_cats/MLPro_riv.cat,data/oxford_txts/MLPro_oxford.txt,data/csvs/MLPro,02-1-ch 22,,,10,u,S,u,SuSx,u,S,uSx
data/riverside_cats/MLPro_riv.cat,data/oxford_txts/MLPro_oxford.txt,data/csvs/MLPro,02-1-ch 22,,,10,and@conj,what@adv,thurgh@prep,necligence@n,in@prep,oure@pron%pl_gen,wakinge@ger

"As dooth the streem that turneth nevere agayn,",||,"As dooth the streem, that turneth never again,"
data/riverside_cats/MLPro_riv.cat,data/oxford_txts/MLPro_oxford.txt,data/csvs/MLPro,02-1-ch 23,,,10,As,dooth,the,streem,that,turneth,nevere,agayn
data/riverside_cats/MLPro_riv.cat,data/oxford_txts/MLPro_oxford.txt,data/csvs/MLPro,02-1-ch 23,,,10,u,S,u,S,u,Su,Sxx,uS
data/riverside_cats/MLPro_riv.cat,data/oxford_txts/MLPro_oxford.txt,data/csvs/MLPro,02-1-ch 23,,,10,as@conj,don@v1%pr_3,the@def_art,strem@n,that@pron,turnen@v%pr_3,never@adv,ayen@adv
data/riverside_cats/MLPro_riv.cat,data/oxford_txts/MLPro_oxford.txt,data/csvs/MLPro,02-1-ch 23,,,10,As,dooth,the,streem,that,turneth,never,again
data/riverside_cats/MLPro_riv.cat,data/oxford_txts/MLPro_oxford.txt,data/csvs/MLPro,02-1-ch 23,,,10,u,S,u,S,u,Su,S,uS
data/riverside_cats/MLPro_riv.cat,data/oxford_txts/MLPro_oxford.txt,data/csvs/MLPro,02-1-ch 23,,,10,as@conj,don@v1%pr_3,the@def_art,strem@n,that@pron,turnen@v%pr_3,never@adv,ayen@adv

Descendynge from the mountaigne into playn.,||,Descending fro the montaigne into plain.
data/riverside_cats/MLPro_riv.cat,data/oxford_txts/MLPro_oxford.txt,data/csvs/MLPro,02-1-ch 24,,,10,Descendynge,from,the,mountaigne,into,playn
data/riverside_cats/MLPro_riv.cat,data/oxford_txts/MLPro_oxford.txt,data/csvs/MLPro,02-1-ch 24,,,10,uSux,S,u,Sux,Su,S
data/riverside_cats/MLPro_riv.cat,data/oxford_txts/MLPro_oxford.txt,data/csvs/MLPro,02-1-ch 24,,,10,descenden@v%prp_abs,from@prep,the@def_art,mountaine@n,in-to@prep,plaine@n
data/riverside_cats/MLPro_riv.cat,data/oxford_txts/MLPro_oxford.txt,data/csvs/MLPro,02-1-ch 24,,,10,Descending,fro,the,montaigne,into,plain
data/riverside_cats/MLPro_riv.cat,data/oxford_txts/MLPro_oxford.txt,data/csvs/MLPro,02-1-ch 24,,,10,uSu,S,u,Sux,Su,S
data/riverside_cats/MLPro_riv.cat,data/oxford_txts/MLPro_oxford.txt,data/csvs/MLPro,02-1-ch 24,,,10,descenden@v%prp_abs,from@prep,the@def_art,mountaine@n,in-to@prep,plaine@n

Wel kan Senec and many a philosophre,||,"Wel can° Senek, and many a philosophre"
data/riverside_cats/MLPro_riv.cat,data/oxford_txts/MLPro_oxford.txt,data/csvs/MLPro,02-1-ch 25,,,10,Wel,kan,Senec,and,many,a,philosophre
data/riverside_cats/MLPro_riv.cat,data/oxford_txts/MLPro_oxford.txt,data/csvs/MLPro,02-1-ch 25,,,10,u,S,uS,u,Sx,u,SuSx
data/riverside_cats/MLPro_riv.cat,data/oxford_txts/MLPro_oxford.txt,data/csvs/MLPro,02-1-ch 25,,,10,wel@adv,connen@v%pr_3,senec@n#propn,and@conj,mani@gram_adj,a@indef_art,philosophre@n
data/riverside_cats/MLPro_riv.cat,data/oxford_txts/MLPro_oxford.txt,data/csvs/MLPro,02-1-ch 25,,,10,Wel,can,Senek,and,many,a,philosophre
data/riverside_cats/MLPro_riv.cat,data/oxford_txts/MLPro_oxford.txt,data/csvs/MLPro,02-1-ch 25,,,10,u,S,uS,u,Sx,u,SuSx
data/riverside_cats/MLPro_riv.cat,data/oxford_txts/MLPro_oxford.txt,data/csvs/MLPro,02-1-ch 25,,,10,wel@adv,connen@v%pr_3,senec@n#propn,and@conj,mani@gram_adj,a@indef_art,philosophre@n

Biwaillen tyme moore than gold in cofre;,||,"Biwailen° time, more than gold in cofre.°"
data/riverside_cats/MLPro_riv.cat,data/oxford_txts/MLPro_oxford.txt,data/csvs/MLPro,02-1-ch 26,,,10,Biwaillen,tyme,moore,than,gold,in,cofre
data/riverside_cats/MLPro_riv.cat,data/oxford_txts/MLPro_oxford.txt,data/csvs/MLPro,02-1-ch 26,,,10,uSu,Su,Sx,u,S,u,Sx
data/riverside_cats/MLPro_riv.cat,data/oxford_txts/MLPro_oxford.txt,data/csvs/MLPro,02-1-ch 26,,,10,biwailen@v%inf,time@n,more@adv%comp,than@conj,gold@n,in@prep,cofre@n
data/riverside_cats/MLPro_riv.cat,data/oxford_txts/MLPro_oxford.txt,data/csvs/MLPro,02-1-ch 26,,,10,Biwailen,time,more,than,gold,in,cofre
data/riverside_cats/MLPro_riv.cat,data/oxford_txts/MLPro_oxford.txt,data/csvs/MLPro,02-1-ch 26,,,10,uSu,Su,Sx,u,S,u,Sx
data/riverside_cats/MLPro_riv.cat,data/oxford_txts/MLPro_oxford.txt,data/csvs/MLPro,02-1-ch 26,,,10,biwailen@v%inf,time@n,more@adv%comp,than@conj,gold@n,in@prep,cofre@n

"For `Los of catel may recovered be,",||,"‘For los of catel° may recovered be,"
data/riverside_cats/MLPro_riv.cat,data/oxford_txts/MLPro_oxford.txt,data/csvs/MLPro,02-1-ch 27,,,10,For,Los,of,catel,may,recovered,be
data/riverside_cats/MLPro_riv.cat,data/oxford_txts/MLPro_oxford.txt,data/csvs/MLPro,02-1-ch 27,,,10,u,S,u,Su,S,uSux,S
data/riverside_cats/MLPro_riv.cat,data/oxford_txts/MLPro_oxford.txt,data/csvs/MLPro,02-1-ch 27,,,10,for@conj,los@n1,of@prep,catel@n,mouen@v3%pr_3,recoveren@v2%ppl,ben@v%inf
data/riverside_cats/MLPro_riv.cat,data/oxford_txts/MLPro_oxford.txt,data/csvs/MLPro,02-1-ch 27,,,10,For,los,of,catel,may,recovered,be
data/riverside_cats/MLPro_riv.cat,data/oxford_txts/MLPro_oxford.txt,data/csvs/MLPro,02-1-ch 27,,,10,u,S,u,Su,S,uSux,S
data/riverside_cats/MLPro_riv.cat,data/oxford_txts/MLPro_oxford.txt,data/csvs/MLPro,02-1-ch 27,,,10,for@conj,los@n1,of@prep,catel@n,mouen@v3%pr_3,recoveren@v2%ppl,ben@v%inf

"But los of tyme shendeth us,' quod he.",||,"But los of time shendeth° us,’ quod he."
data/riverside_cats/MLPro_riv.cat,data/oxford_txts/MLPro_oxford.txt,data/csvs/MLPro,02-1-ch 28,,,10,But,los,of,tyme,shendeth,us,quod,he
data/riverside_cats/MLPro_riv.cat,data/oxford_txts/MLPro_oxford.txt,data/csvs/MLPro,02-1-ch 28,,,10,u,S,u,Su,Su,S,u,S
data/riverside_cats/MLPro_riv.cat,data/oxford_txts/MLPro_oxford.txt,data/csvs/MLPro,02-1-ch 28,,,10,but@conj,los@n1,of@prep,time@n,shenden@v%pr_3,us@pron%pl_obj,quethen@v%pt_3,he@pron1%nom
data/riverside_cats/MLPro_riv.cat,data/oxford_txts/MLPro_oxford.txt,data/csvs/MLPro,02-1-ch 28,,,10,But,los,of,time,shendeth,us,quod,he
data/riverside_cats/MLPro_riv.cat,data/oxford_txts/MLPro_oxford.txt,data/csvs/MLPro,02-1-ch 28,,,10,u,S,u,Su,Su,S,u,S
data/riverside_cats/MLPro_riv.cat,data/oxford_txts/MLPro_oxford.txt,data/csvs/MLPro,02-1-ch 28,,,10,but@conj,los@n1,of@prep,time@n,shenden@v%pr_3,us@pron%pl_obj,quethen@v%pt_3,he@pron1%nom

"It wol nat come agayn, withouten drede,",||,"It wol nat come again, withouten drede,°"
data/riverside_cats/MLPro_riv.cat,data/oxford_txts/MLPro_oxford.txt,data/csvs/MLPro,02-1-ch 29,,,10,It,wol,nat,come,agayn,withouten,drede
data/riverside_cats/MLPro_riv.cat,data/oxford_txts/MLPro_oxford.txt,data/csvs/MLPro,02-1-ch 29,,,10,u,S,u,Sx,uS,uSu,Sx
data/riverside_cats/MLPro_riv.cat,data/oxford_txts/MLPro_oxford.txt,data/csvs/MLPro,02-1-ch 29,,,10,hit@pron,willen@v%pr_3,not@adv,comen@v%inf,ayen@adv,withouten@prep,drede@n
data/riverside_cats/MLPro_riv.cat,data/oxford_txts/MLPro_oxford.txt,data/csvs/MLPro,02-1-ch 29,,,10,It,wol,nat,come,again,withouten,drede
data/riverside_cats/MLPro_riv.cat,data/oxford_txts/MLPro_oxford.txt,data/csvs/MLPro,02-1-ch 29,,,10,u,S,u,Sx,uS,uSu,Sx
data/riverside_cats/MLPro_riv.cat,data/oxford_txts/MLPro_oxford.txt,data/csvs/MLPro,02-1-ch 29,,,10,hit@pron,willen@v%pr_3,not@adv,comen@v%inf,ayen@adv,withouten@prep,drede@n

"Nomoore than wole Malkynes maydenhede,",||,"Na more than wol Malkins maidenhede,°"
data/riverside_cats/MLPro_riv.cat,data/oxford_txts/MLPro_oxford.txt,data/csvs/MLPro,02-1-ch 30,DIFF,,10,Nomoore,than,wole,Malkynes,maydenhede
data/riverside_cats/MLPro_riv.cat,data/oxford_txts/MLPro_oxford.txt,data/csvs/MLPro,02-1-ch 30,DIFF,,10,uSx,u,Sx,uSu,SuSx
data/riverside_cats/MLPro_riv.cat,data/oxford_txts/MLPro_oxford.txt,data/csvs/MLPro,02-1-ch 30,DIFF,,10,no_more@adv%comp,than@conj,willen@v%pr_3,malkin@n2#propn%gen,maidenhede@n
data/riverside_cats/MLPro_riv.cat,data/oxford_txts/MLPro_oxford.txt,data/csvs/MLPro,02-1-ch 30,DIFF,,10,Na,more,than,wol,Malkins,maidenhede
data/riverside_cats/MLPro_riv.cat,data/oxford_txts/MLPro_oxford.txt,data/csvs/MLPro,02-1-ch 30,DIFF,,10,u,Su,S,u,Su,SuSx
data/riverside_cats/MLPro_riv.cat,data/oxford_txts/MLPro_oxford.txt,data/csvs/MLPro,02-1-ch 30,DIFF,,10,no@gram_adj,,than@conj,willen@v%pr_3,malkin@n2#propn%gen,maidenhede@n

Whan she hath lost it in hir wantownesse.,||,Whan she hath lost it in hir wantownesse;°
data/riverside_cats/MLPro_riv.cat,data/oxford_txts/MLPro_oxford.txt,data/csvs/MLPro,02-1-ch 31,,,10,Whan,she,hath,lost,it,in,hir,wantownesse
data/riverside_cats/MLPro_riv.cat,data/oxford_txts/MLPro_oxford.txt,data/csvs/MLPro,02-1-ch 31,,,10,u,S,u,S,u,S,u,SuSx
data/riverside_cats/MLPro_riv.cat,data/oxford_txts/MLPro_oxford.txt,data/csvs/MLPro,02-1-ch 31,,,10,whan@adv&conj,she@pron%nom,haven@v%pr_3,losen@v2%ppl,hit@pron,in@prep,hire@pron1%fem_gen,wantouness@n
data/riverside_cats/MLPro_riv.cat,data/oxford_txts/MLPro_oxford.txt,data/csvs/MLPro,02-1-ch 31,,,10,Whan,she,hath,lost,it,in,hir,wantownesse
data/riverside_cats/MLPro_riv.cat,data/oxford_txts/MLPro_oxford.txt,data/csvs/MLPro,02-1-ch 31,,,10,u,S,u,S,u,S,u,SuSx
data/riverside_cats/MLPro_riv.cat,data/oxford_txts/MLPro_oxford.txt,data/csvs/MLPro,02-1-ch 31,,,10,whan@adv&conj,she@pron%nom,haven@v%pr_3,losen@v2%ppl,hit@pron,in@prep,hire@pron1%fem_gen,wantouness@n

Lat us nat mowlen thus in ydelnesse.,||,Lat us nat moulen° thus in idelnesse.
data/riverside_cats/MLPro_riv.cat,data/oxford_txts/MLPro_oxford.txt,data/csvs/MLPro,02-1-ch 32,,,10,Lat,us,nat,mowlen,thus,in,ydelnesse
data/riverside_cats/MLPro_riv.cat,data/oxford_txts/MLPro_oxford.txt,data/csvs/MLPro,02-1-ch 32,,,10,u,S,u,Su,S,u,SuSx
data/riverside_cats/MLPro_riv.cat,data/oxford_txts/MLPro_oxford.txt,data/csvs/MLPro,02-1-ch 32,,,10,leten@v%imp,us@pron%pl_obj,not@adv,moulen@v%inf,thus@adv,in@prep,idelnesse@n
data/riverside_cats/MLPro_riv.cat,data/oxford_txts/MLPro_oxford.txt,data/csvs/MLPro,02-1-ch 32,,,10,Lat,us,nat,moulen,thus,in,idelnesse
data/riverside_cats/MLPro_riv.cat,data/oxford_txts/MLPro_oxford.txt,data/csvs/MLPro,02-1-ch 32,,,10,u,S,u,Su,S,u,SuSx
data/riverside_cats/MLPro_riv.cat,data/oxford_txts/MLPro_oxford.txt,data/csvs/MLPro,02-1-ch 32,,,10,leten@v%imp,us@pron%pl_obj,not@adv,moulen@v%inf,thus@adv,in@prep,idelnesse@n

"""Sire Man of Lawe,"" quod he, ""so have ye blis,",||,"¶“Sir Man of Lawe,” quod he, “so have ye blis,°"
data/riverside_cats/MLPro_riv.cat,data/oxford_txts/MLPro_oxford.txt,data/csvs/MLPro,02-1-ch 33,,,10,Sire,Man,of,Lawe,quod,he,so,have,ye,blis
data/riverside_cats/MLPro_riv.cat,data/oxford_txts/MLPro_oxford.txt,data/csvs/MLPro,02-1-ch 33,,,10,ux,S,u,Sx,u,S,u,Sx,u,S
data/riverside_cats/MLPro_riv.cat,data/oxford_txts/MLPro_oxford.txt,data/csvs/MLPro,02-1-ch 33,,,10,sire@n#adj,man@n,of@prep,laue@n,quethen@v%pt_3,he@pron1%nom,so@adv,haven@v%pr_pl,ye@pron%pl_nom,blisse@n
data/riverside_cats/MLPro_riv.cat,data/oxford_txts/MLPro_oxford.txt,data/csvs/MLPro,02-1-ch 33,,,10,Sir,Man,of,Lawe,quod,he,so,have,ye,blis
data/riverside_cats/MLPro_riv.cat,data/oxford_txts/MLPro_oxford.txt,data/csvs/MLPro,02-1-ch 33,,,10,u,S,u,Sx,u,S,u,Sx,u,S
data/riverside_cats/MLPro_riv.cat,data/oxford_txts/MLPro_oxford.txt,data/csvs/MLPro,02-1-ch 33,,,10,sire@n#adj,man@n,of@prep,laue@n,quethen@v%pt_3,he@pron1%nom,so@adv,haven@v%pr_pl,ye@pron%pl_nom,blisse@n

"Telle us a tale anon, as forward is.",||,"Tel us a tale anon,° as forward° is;"
data/riverside_cats/MLPro_riv.cat,data/oxford_txts/MLPro_oxford.txt,data/csvs/MLPro,02-1-ch 34,,,10,Telle,us,a,tale,anon,as,forward,is
data/riverside_cats/MLPro_riv.cat,data/oxford_txts/MLPro_oxford.txt,data/csvs/MLPro,02-1-ch 34,,,10,ux,S,u,Sx,uS,u,Su,S
data/riverside_cats/MLPro_riv.cat,data/oxford_txts/MLPro_oxford.txt,data/csvs/MLPro,02-1-ch 34,,,10,tellen@v%imp,us@pron%pl_obj,a@indef_art,tale@n,an-on@adv,as@conj,fore-ward@n,ben@v%pr_3
data/riverside_cats/MLPro_riv.cat,data/oxford_txts/MLPro_oxford.txt,data/csvs/MLPro,02-1-ch 34,,,10,Tel,us,a,tale,anon,as,forward,is
data/riverside_cats/MLPro_riv.cat,data/oxford_txts/MLPro_oxford.txt,data/csvs/MLPro,02-1-ch 34,,,10,u,S,u,Sx,uS,u,Su,S
data/riverside_cats/MLPro_riv.cat,data/oxford_txts/MLPro_oxford.txt,data/csvs/MLPro,02-1-ch 34,,,10,tellen@v%imp,us@pron%pl_obj,a@indef_art,tale@n,an-on@adv,as@conj,fore-ward@n,ben@v%pr_3

"Ye been submytted, thurgh youre free assent,",||,Ye been submitted° thurgh your free assent
data/riverside_cats/MLPro_riv.cat,data/oxford_txts/MLPro_oxford.txt,data/csvs/MLPro,02-1-ch 35,,,10,Ye,been,submytted,thurgh,youre,free,assent
data/riverside_cats/MLPro_riv.cat,data/oxford_txts/MLPro_oxford.txt,data/csvs/MLPro,02-1-ch 35,,,10,u,S,uSu,S,ux,S,uS
data/riverside_cats/MLPro_riv.cat,data/oxford_txts/MLPro_oxford.txt,data/csvs/MLPro,02-1-ch 35,,,10,ye@pron%pl_nom,ben@v%pr_pl,submitten@v%ppl,thurgh@prep,your@pron%pl_gen,fre@adj,assent@n
data/riverside_cats/MLPro_riv.cat,data/oxford_txts/MLPro_oxford.txt,data/csvs/MLPro,02-1-ch 35,,,10,Ye,been,submitted,thurgh,your,free,assent
data/riverside_cats/MLPro_riv.cat,data/oxford_txts/MLPro_oxford.txt,data/csvs/MLPro,02-1-ch 35,,,10,u,S,uSu,S,u,S,uS
data/riverside_cats/MLPro_riv.cat,data/oxford_txts/MLPro_oxford.txt,data/csvs/MLPro,02-1-ch 35,,,10,ye@pron%pl_nom,ben@v%pr_pl,submitten@v%ppl,thurgh@prep,your@pron%pl_gen,fre@adj,assent@n

To stonden in this cas at my juggement.,||,To stonde in this cas° at my jugement.
data/riverside_cats/MLPro_riv.cat,data/oxford_txts/MLPro_oxford.txt,data/csvs/MLPro,02-1-ch 36,DIFF,green,10,To,stonden,in,this,cas,at,my,juggement
data/riverside_cats/MLPro_riv.cat,data/oxford_txts/MLPro_oxford.txt,data/csvs/MLPro,02-1-ch 36,DIFF,green,10,u,Sx,u,S,u,S,u,SuS
data/riverside_cats/MLPro_riv.cat,data/oxford_txts/MLPro_oxford.txt,data/csvs/MLPro,02-1-ch 36,DIFF,green,10,to@part,stonden@v1%inf,in@prep,this@gram_adj,cas@n,at@prep,min@pron%gen,jugement@n
data/riverside_cats/MLPro_riv.cat,data/oxford_txts/MLPro_oxford.txt,data/csvs/MLPro,02-1-ch 36,DIFF,green,10,To,stonde,in,this,cas,at,my,jugement
data/riverside_cats/MLPro_riv.cat,data/oxford_txts/MLPro_oxford.txt,data/csvs/MLPro,02-1-ch 36,DIFF,green,10,u,Sx,u,S,u,S,u,SuS
data/riverside_cats/MLPro_riv.cat,data/oxford_txts/MLPro_oxford.txt,data/csvs/MLPro,02-1-ch 36,DIFF,green,10,to@part,stonden@v1%inf,in@prep,this@gram_adj,cas@n,at@prep,min@pron%gen,jugement@n

Acquiteth yow now of youre biheeste;,||,"Acquiteth° yow, and holdeth your biheste,°"
data/riverside_cats/MLPro_riv.cat,data/oxford_txts/MLPro_oxford.txt,data/csvs/MLPro,02-1-ch 37,DIFF,,9,Acquiteth,yow,now,of,youre,biheeste
data/riverside_cats/MLPro_riv.cat,data/oxford_txts/MLPro_oxford.txt,data/csvs/MLPro,02-1-ch 37,DIFF,,9,SuS,u,S,u,Sx,uSx
data/riverside_cats/MLPro_riv.cat,data/oxford_txts/MLPro_oxford.txt,data/csvs/MLPro,02-1-ch 37,DIFF,,9,aquiten@v%imp,you@pron%pl_obj,nou@adv,of@prep,your@pron%pl_gen,biheste@n
data/riverside_cats/MLPro_riv.cat,data/oxford_txts/MLPro_oxford.txt,data/csvs/MLPro,02-1-ch 37,DIFF,,10,Acquiteth,yow,and,holdeth,your,biheste
data/riverside_cats/MLPro_riv.cat,data/oxford_txts/MLPro_oxford.txt,data/csvs/MLPro,02-1-ch 37,DIFF,,10,uSu,S,u,Su,S,uSx
data/riverside_cats/MLPro_riv.cat,data/oxford_txts/MLPro_oxford.txt,data/csvs/MLPro,02-1-ch 37,DIFF,,10,aquiten@v%imp,you@pron%pl_obj,and@conj,,your@pron%pl_gen,biheste@n

"Thanne have ye do youre devoir atte leeste.""",||,Than have ye doon your devoir° atte leste.”°
data/riverside_cats/MLPro_riv.cat,data/oxford_txts/MLPro_oxford.txt,data/csvs/MLPro,02-1-ch 38,,,10,Thanne,have,ye,do,youre,devoir,atte,leeste
data/riverside_cats/MLPro_riv.cat,data/oxford_txts/MLPro_oxford.txt,data/csvs/MLPro,02-1-ch 38,,,10,ux,Sx,u,S,ux,Su,Su,Sx
data/riverside_cats/MLPro_riv.cat,data/oxford_txts/MLPro_oxford.txt,data/csvs/MLPro,02-1-ch 38,,,10,thanne@adv,haven@v%pr_pl,ye@pron%pl_nom,don@v1%ppl,your@pron%pl_gen,dever@n,atte@prep,leste@adj1#n%sup
data/riverside_cats/MLPro_riv.cat,data/oxford_txts/MLPro_oxford.txt,data/csvs/MLPro,02-1-ch 38,,,10,Than,have,ye,doon,your,devoir,atte,leste
data/riverside_cats/MLPro_riv.cat,data/oxford_txts/MLPro_oxford.txt,data/csvs/MLPro,02-1-ch 38,,,10,u,Sx,u,S,u,Su,Su,Sx
data/riverside_cats/MLPro_riv.cat,data/oxford_txts/MLPro_oxford.txt,data/csvs/MLPro,02-1-ch 38,,,10,thanne@adv,haven@v%pr_pl,ye@pron%pl_nom,don@v1%ppl,your@pron%pl_gen,dever@n,atte@prep,leste@adj1#n%sup

"""Hooste,"" quod he, ""depardieux, ich assente;",||,"¶“Hoste,” quod he, “depardieux° ich° assente;"
data/riverside_cats/MLPro_riv.cat,data/oxford_txts/MLPro_oxford.txt,data/csvs/MLPro,02-1-ch 39,,,9,Hooste,quod,he,depardieux,ich,assente
data/riverside_cats/MLPro_riv.cat,data/oxford_txts/MLPro_oxford.txt,data/csvs/MLPro,02-1-ch 39,,,9,Sx,u,S,uSu,S,uSx
data/riverside_cats/MLPro_riv.cat,data/oxford_txts/MLPro_oxford.txt,data/csvs/MLPro,02-1-ch 39,,,9,hoste@n2,quethen@v%pt_3,he@pron1%nom,de-par-dieux@adv,ich@pron%nom,assenten@v%pr_1
data/riverside_cats/MLPro_riv.cat,data/oxford_txts/MLPro_oxford.txt,data/csvs/MLPro,02-1-ch 39,,,9,Hoste,quod,he,depardieux,ich,assente
data/riverside_cats/MLPro_riv.cat,data/oxford_txts/MLPro_oxford.txt,data/csvs/MLPro,02-1-ch 39,,,9,Sx,u,S,uSu,S,uSx
data/riverside_cats/MLPro_riv.cat,data/oxford_txts/MLPro_oxford.txt,data/csvs/MLPro,02-1-ch 39,,,9,hoste@n2,quethen@v%pt_3,he@pron1%nom,de-par-dieux@adv,ich@pron%nom,assenten@v%pr_1

To breke forward is nat myn entente.,||,To breke forward° is not min entente.
data/riverside_cats/MLPro_riv.cat,data/oxford_txts/MLPro_oxford.txt,data/csvs/MLPro,02-1-ch 40,,,10,To,breke,forward,is,nat,myn,entente
data/riverside_cats/MLPro_riv.cat,data/oxford_txts/MLPro_oxford.txt,data/csvs/MLPro,02-1-ch 40,,,10,u,Su,Su,S,u,S,uSx
data/riverside_cats/MLPro_riv.cat,data/oxford_txts/MLPro_oxford.txt,data/csvs/MLPro,02-1-ch 40,,,10,to@part,breken@v%inf,fore-ward@n,ben@v%pr_3,not@adv,min@pron%gen,entente@n
data/riverside_cats/MLPro_riv.cat,data/oxford_txts/MLPro_oxford.txt,data/csvs/MLPro,02-1-ch 40,,,10,To,breke,forward,is,not,min,entente
data/riverside_cats/MLPro_riv.cat,data/oxford_txts/MLPro_oxford.txt,data/csvs/MLPro,02-1-ch 40,,,10,u,Su,Su,S,u,S,uSx
data/riverside_cats/MLPro_riv.cat,data/oxford_txts/MLPro_oxford.txt,data/csvs/MLPro,02-1-ch 40,,,10,to@part,breken@v%inf,fore-ward@n,ben@v%pr_3,not@adv,min@pron%gen,entente@n

"Biheste is dette, and I wole holde fayn",||,"Biheste° is dette, and I wol holde fain°"
data/riverside_cats/MLPro_riv.cat,data/oxford_txts/MLPro_oxford.txt,data/csvs/MLPro,02-1-ch 41,,,10,Biheste,is,dette,and,I,wole,holde,fayn
data/riverside_cats/MLPro_riv.cat,data/oxford_txts/MLPro_oxford.txt,data/csvs/MLPro,02-1-ch 41,,,10,uSx,u,Sx,u,S,ux,Su,S
data/riverside_cats/MLPro_riv.cat,data/oxford_txts/MLPro_oxford.txt,data/csvs/MLPro,02-1-ch 41,,,10,biheste@n,ben@v%pr_3,dette@n,and@conj,ich@pron%nom,willen@v%pr_1,holden@v1%inf,fain@adv
data/riverside_cats/MLPro_riv.cat,data/oxford_txts/MLPro_oxford.txt,data/csvs/MLPro,02-1-ch 41,,,10,Biheste,is,dette,and,I,wol,holde,fain
data/riverside_cats/MLPro_riv.cat,data/oxford_txts/MLPro_oxford.txt,data/csvs/MLPro,02-1-ch 41,,,10,uSx,u,Sx,u,S,u,Su,S
data/riverside_cats/MLPro_riv.cat,data/oxford_txts/MLPro_oxford.txt,data/csvs/MLPro,02-1-ch 41,,,10,biheste@n,ben@v%pr_3,dette@n,and@conj,ich@pron%nom,willen@v%pr_1,holden@v1%inf,fain@adv

"Al my biheste, I kan no bettre sayn.",||,Al my biheste; I can no better seyn.°
data/riverside_cats/MLPro_riv.cat,data/oxford_txts/MLPro_oxford.txt,data/csvs/MLPro,02-1-ch 42,,,10,Al,my,biheste,I,kan,no,bettre,sayn
data/riverside_cats/MLPro_riv.cat,data/oxford_txts/MLPro_oxford.txt,data/csvs/MLPro,02-1-ch 42,,,10,u,S,uSx,u,S,u,Su,S
data/riverside_cats/MLPro_riv.cat,data/oxford_txts/MLPro_oxford.txt,data/csvs/MLPro,02-1-ch 42,,,10,al@gram_adj,min@pron%gen,biheste@n,ich@pron%nom,connen@v%pr_1,no@adv,bettre@adv%comp,seien@v1%inf
data/riverside_cats/MLPro_riv.cat,data/oxford_txts/MLPro_oxford.txt,data/csvs/MLPro,02-1-ch 42,,,10,Al,my,biheste,I,can,no,better,seyn
data/riverside_cats/MLPro_riv.cat,data/oxford_txts/MLPro_oxford.txt,data/csvs/MLPro,02-1-ch 42,,,10,u,S,uSx,u,S,u,Su,S
data/riverside_cats/MLPro_riv.cat,data/oxford_txts/MLPro_oxford.txt,data/csvs/MLPro,02-1-ch 42,,,10,al@gram_adj,min@pron%gen,biheste@n,ich@pron%nom,connen@v%pr_1,no@adv,bettre@adv%comp,seien@v1%inf

"For swich lawe as a man yeveth another wight,",||,"For swich lawe as man yeveth° another wight,°"
data/riverside_cats/MLPro_riv.cat,data/oxford_txts/MLPro_oxford.txt,data/csvs/MLPro,02-1-ch 43,DIFF,green,10,For,swich,lawe,as,a,man,yeveth,another,wight
data/riverside_cats/MLPro_riv.cat,data/oxford_txts/MLPro_oxford.txt,data/csvs/MLPro,02-1-ch 43,DIFF,green,10,u,S,ux,S,u,S,ux,Sux,S
data/riverside_cats/MLPro_riv.cat,data/oxford_txts/MLPro_oxford.txt,data/csvs/MLPro,02-1-ch 43,DIFF,green,10,for@conj,swich@gram_adj,laue@n,as@conj,a@indef_art,man@n,yeven@v%pr_3,another@gram_adj,wight@n
data/riverside_cats/MLPro_riv.cat,data/oxford_txts/MLPro_oxford.txt,data/csvs/MLPro,02-1-ch 43,DIFF,green,10,For,swich,lawe,as,man,yeveth,another,wight
data/riverside_cats/MLPro_riv.cat,data/oxford_txts/MLPro_oxford.txt,data/csvs/MLPro,02-1-ch 43,DIFF,green,10,u,S,ux,S,u,Su,Sux,S
data/riverside_cats/MLPro_riv.cat,data/oxford_txts/MLPro_oxford.txt,data/csvs/MLPro,02-1-ch 43,DIFF,green,10,for@conj,swich@gram_adj,laue@n,as@conj,man@n,yeven@v%pr_3,another@gram_adj,wight@n

"He sholde hymselven usen it, by right;",||,He sholde himselven usen it by right;°
data/riverside_cats/MLPro_riv.cat,data/oxford_txts/MLPro_oxford.txt,data/csvs/MLPro,02-1-ch 44,,,10,He,sholde,hymselven,usen,it,by,right
data/riverside_cats/MLPro_riv.cat,data/oxford_txts/MLPro_oxford.txt,data/csvs/MLPro,02-1-ch 44,,,10,u,Sx,uSu,Su,S,u,S
data/riverside_cats/MLPro_riv.cat,data/oxford_txts/MLPro_oxford.txt,data/csvs/MLPro,02-1-ch 44,,,10,he@pron1%nom,shulen@v1%pt_3,him-self@pron,usen@v%inf,hit@pron,bi@prep,right@n
data/riverside_cats/MLPro_riv.cat,data/oxford_txts/MLPro_oxford.txt,data/csvs/MLPro,02-1-ch 44,,,10,He,sholde,himselven,usen,it,by,right
data/riverside_cats/MLPro_riv.cat,data/oxford_txts/MLPro_oxford.txt,data/csvs/MLPro,02-1-ch 44,,,10,u,Sx,uSu,Su,S,u,S
data/riverside_cats/MLPro_riv.cat,data/oxford_txts/MLPro_oxford.txt,data/csvs/MLPro,02-1-ch 44,,,10,he@pron1%nom,shulen@v1%pt_3,him-self@pron,usen@v%inf,hit@pron,bi@prep,right@n

"Thus wole oure text. But nathelees, certeyn,",||,Thus wol° our text; but natheles certein
data/riverside_cats/MLPro_riv.cat,data/oxford_txts/MLPro_oxford.txt,data/csvs/MLPro,02-1-ch 45,,,10,Thus,wole,oure,text,But,nathelees,certeyn
data/riverside_cats/MLPro_riv.cat,data/oxford_txts/MLPro_oxford.txt,data/csvs/MLPro,02-1-ch 45,,,10,u,Sx,ux,S,u,SuS,uS
data/riverside_cats/MLPro_riv.cat,data/oxford_txts/MLPro_oxford.txt,data/csvs/MLPro,02-1-ch 45,,,10,thus@adv,willen@v%pr_3,oure@pron%pl_gen,texte@n,but@conj,no-the-lesse@adv,certain@adv
data/riverside_cats/MLPro_riv.cat,data/oxford_txts/MLPro_oxford.txt,data/csvs/MLPro,02-1-ch 45,,,10,Thus,wol,our,text,but,natheles,certein
data/riverside_cats/MLPro_riv.cat,data/oxford_txts/MLPro_oxford.txt,data/csvs/MLPro,02-1-ch 45,,,10,u,S,u,S,u,SuS,uS
data/riverside_cats/MLPro_riv.cat,data/oxford_txts/MLPro_oxford.txt,data/csvs/MLPro,02-1-ch 45,,,10,thus@adv,willen@v%pr_3,oure@pron%pl_gen,texte@n,but@conj,no-the-lesse@adv,certain@adv

I kan right now no thrifty tale seyn,||,"I can right now no thrifty° tale seyn,"
data/riverside_cats/MLPro_riv.cat,data/oxford_txts/MLPro_oxford.txt,data/csvs/MLPro,02-1-ch 46,,,10,I,kan,right,now,no,thrifty,tale,seyn
data/riverside_cats/MLPro_riv.cat,data/oxford_txts/MLPro_oxford.txt,data/csvs/MLPro,02-1-ch 46,,,10,u,S,u,S,u,Su,Su,S
data/riverside_cats/MLPro_riv.cat,data/oxford_txts/MLPro_oxford.txt,data/csvs/MLPro,02-1-ch 46,,,10,ich@pron%nom,connen@v%pr_1,righte@adv,nou@adv,no@gram_adj,thrifti@adj,tale@n,seien@v1%inf
data/riverside_cats/MLPro_riv.cat,data/oxford_txts/MLPro_oxford.txt,data/csvs/MLPro,02-1-ch 46,,,10,I,can,right,now,no,thrifty,tale,seyn
data/riverside_cats/MLPro_riv.cat,data/oxford_txts/MLPro_oxford.txt,data/csvs/MLPro,02-1-ch 46,,,10,u,S,u,S,u,Su,Su,S
data/riverside_cats/MLPro_riv.cat,data/oxford_txts/MLPro_oxford.txt,data/csvs/MLPro,02-1-ch 46,,,10,ich@pron%nom,connen@v%pr_1,righte@adv,nou@adv,no@gram_adj,thrifti@adj,tale@n,seien@v1%inf

"That Chaucer, thogh he kan but lewedly",||,"But Chaucer, though° he can but lewedly°"
data/riverside_cats/MLPro_riv.cat,data/oxford_txts/MLPro_oxford.txt,data/csvs/MLPro,02-1-ch 47,DIFF,green,10,That,Chaucer,thogh,he,kan,but,lewedly
data/riverside_cats/MLPro_riv.cat,data/oxford_txts/MLPro_oxford.txt,data/csvs/MLPro,02-1-ch 47,DIFF,green,10,u,Su,S,u,S,u,SuS
data/riverside_cats/MLPro_riv.cat,data/oxford_txts/MLPro_oxford.txt,data/csvs/MLPro,02-1-ch 47,DIFF,green,10,that@pron,chaucer@n2#propn,though@conj,he@pron1%nom,connen@v%pr_3,but@conj,leuedli@adv
data/riverside_cats/MLPro_riv.cat,data/oxford_txts/MLPro_oxford.txt,data/csvs/MLPro,02-1-ch 47,DIFF,green,10,But,Chaucer,though,he,can,but,lewedly
data/riverside_cats/MLPro_riv.cat,data/oxford_txts/MLPro_oxford.txt,data/csvs/MLPro,02-1-ch 47,DIFF,green,10,u,Su,S,u,S,u,SuS
data/riverside_cats/MLPro_riv.cat,data/oxford_txts/MLPro_oxford.txt,data/csvs/MLPro,02-1-ch 47,DIFF,green,10,but@conj,chaucer@n2#propn,though@conj,he@pron1%nom,connen@v%pr_3,but@conj,leuedli@adv

"On metres and on rymyng craftily,",||,"On° metres and on riming craftily,°"
data/riverside_cats/MLPro_riv.cat,data/oxford_txts/MLPro_oxford.txt,data/csvs/MLPro,02-1-ch 48,,,10,On,metres,and,on,rymyng,craftily
data/riverside_cats/MLPro_riv.cat,data/oxford_txts/MLPro_oxford.txt,data/csvs/MLPro,02-1-ch 48,,,10,u,Su,S,u,Su,SuS
data/riverside_cats/MLPro_riv.cat,data/oxford_txts/MLPro_oxford.txt,data/csvs/MLPro,02-1-ch 48,,,10,on@prep,metre@n%pl,and@conj,on@prep,riming@ger,craftili@adv
data/riverside_cats/MLPro_riv.cat,data/oxford_txts/MLPro_oxford.txt,data/csvs/MLPro,02-1-ch 48,,,10,On,metres,and,on,riming,craftily
data/riverside_cats/MLPro_riv.cat,data/oxford_txts/MLPro_oxford.txt,data/csvs/MLPro,02-1-ch 48,,,10,u,Su,S,u,Su,SuS
data/riverside_cats/MLPro_riv.cat,data/oxford_txts/MLPro_oxford.txt,data/csvs/MLPro,02-1-ch 48,,,10,on@prep,metre@n%pl,and@conj,on@prep,riming@ger,craftili@adv

Hath seyd hem in swich Englissh as he kan,||,Hath seid° hem in swich English as he can
data/riverside_cats/MLPro_riv.cat,data/oxford_txts/MLPro_oxford.txt,data/csvs/MLPro,02-1-ch 49,,,10,Hath,seyd,hem,in,swich,Englissh,as,he,kan
data/riverside_cats/MLPro_riv.cat,data/oxford_txts/MLPro_oxford.txt,data/csvs/MLPro,02-1-ch 49,,,10,u,S,u,S,u,Su,S,u,S
data/riverside_cats/MLPro_riv.cat,data/oxford_txts/MLPro_oxford.txt,data/csvs/MLPro,02-1-ch 49,,,10,haven@v%pr_3,seien@v1%ppl,hem@pron%pl_obj,in@prep,swich@gram_adj,english@n,as@conj,he@pron1%nom,connen@v%pr_3
data/riverside_cats/MLPro_riv.cat,data/oxford_txts/MLPro_oxford.txt,data/csvs/MLPro,02-1-ch 49,,,10,Hath,seid,hem,in,swich,English,as,he,can
data/riverside_cats/MLPro_riv.cat,data/oxford_txts/MLPro_oxford.txt,data/csvs/MLPro,02-1-ch 49,,,10,u,S,u,S,u,Su,S,u,S
data/riverside_cats/MLPro_riv.cat,data/oxford_txts/MLPro_oxford.txt,data/csvs/MLPro,02-1-ch 49,,,10,haven@v%pr_3,seien@v1%ppl,hem@pron%pl_obj,in@prep,swich@gram_adj,english@n,as@conj,he@pron1%nom,connen@v%pr_3

"Of olde tyme, as knoweth many a man;",||,"Of olde time,° as knoweth many a man."
data/riverside_cats/MLPro_riv.cat,data/oxford_txts/MLPro_oxford.txt,data/csvs/MLPro,02-1-ch 50,,,10,Of,olde,tyme,as,knoweth,many,a,man
data/riverside_cats/MLPro_riv.cat,data/oxford_txts/MLPro_oxford.txt,data/csvs/MLPro,02-1-ch 50,,,10,u,Sx,ux,S,uS,uS,u,S
data/riverside_cats/MLPro_riv.cat,data/oxford_txts/MLPro_oxford.txt,data/csvs/MLPro,02-1-ch 50,,,10,of@prep,olde@adj,time@n,as@conj,knouen@v%pr_3,mani@gram_adj,a@indef_art,man@n
data/riverside_cats/MLPro_riv.cat,data/oxford_txts/MLPro_oxford.txt,data/csvs/MLPro,02-1-ch 50,,,10,Of,olde,time,as,knoweth,many,a,man
data/riverside_cats/MLPro_riv.cat,data/oxford_txts/MLPro_oxford.txt,data/csvs/MLPro,02-1-ch 50,,,10,u,Sx,ux,S,uS,uS,u,S
data/riverside_cats/MLPro_riv.cat,data/oxford_txts/MLPro_oxford.txt,data/csvs/MLPro,02-1-ch 50,,,10,of@prep,olde@adj,time@n,as@conj,knouen@v%pr_3,mani@gram_adj,a@indef_art,man@n

"And if he have noght seyd hem, leve brother,",||,"And if he have not seid hem, leve° brother,"
data/riverside_cats/MLPro_riv.cat,data/oxford_txts/MLPro_oxford.txt,data/csvs/MLPro,02-1-ch 51,DIFF,green,10,And,if,he,have,noght,seyd,hem,leve,brother
data/riverside_cats/MLPro_riv.cat,data/oxford_txts/MLPro_oxford.txt,data/csvs/MLPro,02-1-ch 51,DIFF,green,10,u,S,u,Sx,u,S,u,Sx,uS
data/riverside_cats/MLPro_riv.cat,data/oxford_txts/MLPro_oxford.txt,data/csvs/MLPro,02-1-ch 51,DIFF,green,10,and@conj,if@conj,he@pron1%nom,haven@v%pr_3,nought@adv,seien@v1%ppl,hem@pron%pl_obj,lef@adj,brother@n
data/riverside_cats/MLPro_riv.cat,data/oxford_txts/MLPro_oxford.txt,data/csvs/MLPro,02-1-ch 51,DIFF,green,10,And,if,he,have,not,seid,hem,leve,brother
data/riverside_cats/MLPro_riv.cat,data/oxford_txts/MLPro_oxford.txt,data/csvs/MLPro,02-1-ch 51,DIFF,green,10,u,S,u,Sx,u,S,u,Sx,uS
data/riverside_cats/MLPro_riv.cat,data/oxford_txts/MLPro_oxford.txt,data/csvs/MLPro,02-1-ch 51,DIFF,green,10,and@conj,if@conj,he@pron1%nom,haven@v%pr_3,not@adv,seien@v1%ppl,hem@pron%pl_obj,lef@adj,brother@n

"In o book, he hath seyd hem in another.",||,"In o° book, he hath seid hem in another."
data/riverside_cats/MLPro_riv.cat,data/oxford_txts/MLPro_oxford.txt,data/csvs/MLPro,02-1-ch 52,,,10,In,o,book,he,hath,seyd,hem,in,another
data/riverside_cats/MLPro_riv.cat,data/oxford_txts/MLPro_oxford.txt,data/csvs/MLPro,02-1-ch 52,,,10,u,S,u,S,u,S,u,S,uSx
data/riverside_cats/MLPro_riv.cat,data/oxford_txts/MLPro_oxford.txt,data/csvs/MLPro,02-1-ch 52,,,10,in@prep,o@num_adj,bok@n1,he@pron1%nom,haven@v%pr_3,seien@v1%ppl,hem@pron%pl_obj,in@prep,another@pron
data/riverside_cats/MLPro_riv.cat,data/oxford_txts/MLPro_oxford.txt,data/csvs/MLPro,02-1-ch 52,,,10,In,o,book,he,hath,seid,hem,in,another
data/riverside_cats/MLPro_riv.cat,data/oxford_txts/MLPro_oxford.txt,data/csvs/MLPro,02-1-ch 52,,,10,u,S,u,S,u,S,u,S,uSx
data/riverside_cats/MLPro_riv.cat,data/oxford_txts/MLPro_oxford.txt,data/csvs/MLPro,02-1-ch 52,,,10,in@prep,o@num_adj,bok@n1,he@pron1%nom,haven@v%pr_3,seien@v1%ppl,hem@pron%pl_obj,in@prep,another@pron

For he hath toold of loveris up and doun,||,For he hath told of loveres up and doun°
data/riverside_cats/MLPro_riv.cat,data/oxford_txts/MLPro_oxford.txt,data/csvs/MLPro,02-1-ch 53,,,10,For,he,hath,toold,of,loveris,up,and,doun
data/riverside_cats/MLPro_riv.cat,data/oxford_txts/MLPro_oxford.txt,data/csvs/MLPro,02-1-ch 53,,,10,u,S,u,S,u,Sxu,S,u,S
data/riverside_cats/MLPro_riv.cat,data/oxford_txts/MLPro_oxford.txt,data/csvs/MLPro,02-1-ch 53,,,10,for@conj,he@pron1%nom,haven@v%pr_3,tellen@v%ppl,of@prep,lovere@n2%pl,up@adv,and@conj,doun@adv
data/riverside_cats/MLPro_riv.cat,data/oxford_txts/MLPro_oxford.txt,data/csvs/MLPro,02-1-ch 53,,,10,For,he,hath,told,of,loveres,up,and,doun
data/riverside_cats/MLPro_riv.cat,data/oxford_txts/MLPro_oxford.txt,data/csvs/MLPro,02-1-ch 53,,,10,u,S,u,S,u,Sux,S,u,S
data/riverside_cats/MLPro_riv.cat,data/oxford_txts/MLPro_oxford.txt,data/csvs/MLPro,02-1-ch 53,,,10,for@conj,he@pron1%nom,haven@v%pr_3,tellen@v%ppl,of@prep,lovere@n2%pl,up@adv,and@conj,doun@adv

Mo than Ovide made of mencioun,||,Mo° than Ovide made of mencioun
data/riverside_cats/MLPro_riv.cat,data/oxford_txts/MLPro_oxford.txt,data/csvs/MLPro,02-1-ch 54,,,10,Mo,than,Ovide,made,of,mencioun
data/riverside_cats/MLPro_riv.cat,data/oxford_txts/MLPro_oxford.txt,data/csvs/MLPro,02-1-ch 54,,,10,u,S,uSu,Sx,u,SuS
data/riverside_cats/MLPro_riv.cat,data/oxford_txts/MLPro_oxford.txt,data/csvs/MLPro,02-1-ch 54,,,10,mo@n,than@conj,ovide@n#propn,maken@v1%pt_3,of@prep,mencioun@n
data/riverside_cats/MLPro_riv.cat,data/oxford_txts/MLPro_oxford.txt,data/csvs/MLPro,02-1-ch 54,,,10,Mo,than,Ovide,made,of,mencioun
data/riverside_cats/MLPro_riv.cat,data/oxford_txts/MLPro_oxford.txt,data/csvs/MLPro,02-1-ch 54,,,10,u,S,uSu,Sx,u,SuS
data/riverside_cats/MLPro_riv.cat,data/oxford_txts/MLPro_oxford.txt,data/csvs/MLPro,02-1-ch 54,,,10,mo@n,than@conj,ovide@n#propn,maken@v1%pt_3,of@prep,mencioun@n

"In his Episteles, that been ful olde.",||,"In his Epistelles, that been ful olde."
data/riverside_cats/MLPro_riv.cat,data/oxford_txts/MLPro_oxford.txt,data/csvs/MLPro,02-1-ch 55,,,10,In,his,Episteles,that,been,ful,olde
data/riverside_cats/MLPro_riv.cat,data/oxford_txts/MLPro_oxford.txt,data/csvs/MLPro,02-1-ch 55,,,10,u,S,uSuS,u,S,u,Sx
data/riverside_cats/MLPro_riv.cat,data/oxford_txts/MLPro_oxford.txt,data/csvs/MLPro,02-1-ch 55,,,10,in@prep,his@pron1%gen,epistel@n%pl,that@pron,ben@v%pr_pl,ful@adv,olde@adj
data/riverside_cats/MLPro_riv.cat,data/oxford_txts/MLPro_oxford.txt,data/csvs/MLPro,02-1-ch 55,,,10,In,his,Epistelles,that,been,ful,olde
data/riverside_cats/MLPro_riv.cat,data/oxford_txts/MLPro_oxford.txt,data/csvs/MLPro,02-1-ch 55,,,10,u,S,uSuS,u,S,u,Sx
data/riverside_cats/MLPro_riv.cat,data/oxford_txts/MLPro_oxford.txt,data/csvs/MLPro,02-1-ch 55,,,10,in@prep,his@pron1%gen,epistel@n%pl,that@pron,ben@v%pr_pl,ful@adv,olde@adj

"What sholde I tellen hem, syn they been tolde?",||,"What° sholde I tellen hem, sin° they ben tolde?"
data/riverside_cats/MLPro_riv.cat,data/oxford_txts/MLPro_oxford.txt,data/csvs/MLPro,02-1-ch 56,,,10,What,sholde,I,tellen,hem,syn,they,been,tolde
data/riverside_cats/MLPro_riv.cat,data/oxford_txts/MLPro_oxford.txt,data/csvs/MLPro,02-1-ch 56,,,10,u,Sx,u,Su,S,u,S,u,Sx
data/riverside_cats/MLPro_riv.cat,data/oxford_txts/MLPro_oxford.txt,data/csvs/MLPro,02-1-ch 56,,,10,what@adv,shulen@v1%pt_1,ich@pron%nom,tellen@v%inf,hem@pron%pl_obj,sin@conj,thei@pron%pl_nom,ben@v%pr_pl,tellen@v%ppl
data/riverside_cats/MLPro_riv.cat,data/oxford_txts/MLPro_oxford.txt,data/csvs/MLPro,02-1-ch 56,,,10,What,sholde,I,tellen,hem,sin,they,ben,tolde
data/riverside_cats/MLPro_riv.cat,data/oxford_txts/MLPro_oxford.txt,data/csvs/MLPro,02-1-ch 56,,,10,u,Sx,u,Su,S,u,S,u,Sx
data/riverside_cats/MLPro_riv.cat,data/oxford_txts/MLPro_oxford.txt,data/csvs/MLPro,02-1-ch 56,,,10,what@adv,shulen@v1%pt_1,ich@pron%nom,tellen@v%inf,hem@pron%pl_obj,sin@conj,thei@pron%pl_nom,ben@v%pr_pl,tellen@v%ppl

"""In youthe he made of Ceys and Alcione,",||,"In youthe he made° of Ceys° and Alcion,°"
data/riverside_cats/MLPro_riv.cat,data/oxford_txts/MLPro_oxford.txt,data/csvs/MLPro,02-1-ch 57,,,10,In,youthe,he,made,of,Ceys,and,Alcione
data/riverside_cats/MLPro_riv.cat,data/oxford_txts/MLPro_oxford.txt,data/csvs/MLPro,02-1-ch 57,,,10,u,Sx,u,Sx,u,S,u,SuSx
data/riverside_cats/MLPro_riv.cat,data/oxford_txts/MLPro_oxford.txt,data/csvs/MLPro,02-1-ch 57,,,10,in@prep,youth@n,he@pron1%nom,maken@v1%pt_3,of@prep,seis@n#propn,and@conj,alcione@n#propn
data/riverside_cats/MLPro_riv.cat,data/oxford_txts/MLPro_oxford.txt,data/csvs/MLPro,02-1-ch 57,,,10,In,youthe,he,made,of,Ceys,and,Alcion
data/riverside_cats/MLPro_riv.cat,data/oxford_txts/MLPro_oxford.txt,data/csvs/MLPro,02-1-ch 57,,,10,u,Sx,u,Sx,u,S,u,SuS
data/riverside_cats/MLPro_riv.cat,data/oxford_txts/MLPro_oxford.txt,data/csvs/MLPro,02-1-ch 57,,,10,in@prep,youth@n,he@pron1%nom,maken@v1%pt_3,of@prep,seis@n#propn,and@conj,alcione@n#propn

"And sitthen hath he spoken of everichone,",||,"And sithen° hath he spoke of everichon,°"
data/riverside_cats/MLPro_riv.cat,data/oxford_txts/MLPro_oxford.txt,data/csvs/MLPro,02-1-ch 58,DIFF,green,10,And,sitthen,hath,he,spoken,of,everichone
data/riverside_cats/MLPro_riv.cat,data/oxford_txts/MLPro_oxford.txt,data/csvs/MLPro,02-1-ch 58,DIFF,green,10,u,Su,S,u,Sx,u,SxuSx
data/riverside_cats/MLPro_riv.cat,data/oxford_txts/MLPro_oxford.txt,data/csvs/MLPro,02-1-ch 58,DIFF,green,10,and@conj,sitthen@adv,haven@v%pr_3,he@pron1%nom,speken@v%ppl,of@prep,everich-on@pron
data/riverside_cats/MLPro_riv.cat,data/oxford_txts/MLPro_oxford.txt,data/csvs/MLPro,02-1-ch 58,DIFF,green,10,And,sithen,hath,he,spoke,of,everichon
data/riverside_cats/MLPro_riv.cat,data/oxford_txts/MLPro_oxford.txt,data/csvs/MLPro,02-1-ch 58,DIFF,green,10,u,Su,S,u,Sx,u,SxuS
data/riverside_cats/MLPro_riv.cat,data/oxford_txts/MLPro_oxford.txt,data/csvs/MLPro,02-1-ch 58,DIFF,green,10,and@conj,sitthen@adv,haven@v%pr_3,he@pron1%nom,speken@v%ppl,of@prep,everich-on@pron

Thise noble wyves and thise loveris eke.,||,Thise noble wives and thise loveres eek.
data/riverside_cats/MLPro_riv.cat,data/oxford_txts/MLPro_oxford.txt,data/csvs/MLPro,02-1-ch 59,,,10,Thise,noble,wyves,and,thise,loveris,eke
data/riverside_cats/MLPro_riv.cat,data/oxford_txts/MLPro_oxford.txt,data/csvs/MLPro,02-1-ch 59,,,10,ux,Su,Su,S,ux,Sxu,Sx
data/riverside_cats/MLPro_riv.cat,data/oxford_txts/MLPro_oxford.txt,data/csvs/MLPro,02-1-ch 59,,,10,these@gram_adj%pl,noble@adj,wif@n%pl,and@conj,these@gram_adj%pl,lovere@n2%pl,ek@adv
data/riverside_cats/MLPro_riv.cat,data/oxford_txts/MLPro_oxford.txt,data/csvs/MLPro,02-1-ch 59,,,10,Thise,noble,wives,and,thise,loveres,eek
data/riverside_cats/MLPro_riv.cat,data/oxford_txts/MLPro_oxford.txt,data/csvs/MLPro,02-1-ch 59,,,10,ux,Su,Su,S,ux,Sux,S
data/riverside_cats/MLPro_riv.cat,data/oxford_txts/MLPro_oxford.txt,data/csvs/MLPro,02-1-ch 59,,,10,these@gram_adj%pl,noble@adj,wif@n%pl,and@conj,these@gram_adj%pl,lovere@n2%pl,ek@adv

"Whoso that wole his large volume seke,",||,Whoso that wol his large volume seek
data/riverside_cats/MLPro_riv.cat,data/oxford_txts/MLPro_oxford.txt,data/csvs/MLPro,02-1-ch 60,,,10,Whoso,that,wole,his,large,volume,seke
data/riverside_cats/MLPro_riv.cat,data/oxford_txts/MLPro_oxford.txt,data/csvs/MLPro,02-1-ch 60,,,10,uS,u,Sx,u,Sx,uSu,Sx
data/riverside_cats/MLPro_riv.cat,data/oxford_txts/MLPro_oxford.txt,data/csvs/MLPro,02-1-ch 60,,,10,who-so@pron%nom,that@pron,willen@v%pr_3,his@pron1%gen,large@adj,volume@n,sechen@v%inf
data/riverside_cats/MLPro_riv.cat,data/oxford_txts/MLPro_oxford.txt,data/csvs/MLPro,02-1-ch 60,,,10,Whoso,that,wol,his,large,volume,seek
data/riverside_cats/MLPro_riv.cat,data/oxford_txts/MLPro_oxford.txt,data/csvs/MLPro,02-1-ch 60,,,10,uS,u,S,u,Sx,uSu,S
data/riverside_cats/MLPro_riv.cat,data/oxford_txts/MLPro_oxford.txt,data/csvs/MLPro,02-1-ch 60,,,10,who-so@pron%nom,that@pron,willen@v%pr_3,his@pron1%gen,large@adj,volume@n,sechen@v%inf

"Cleped the Seintes Legende of Cupide,",||,"Cleped° the Seintes Legende of Cupide,"
data/riverside_cats/MLPro_riv.cat,data/oxford_txts/MLPro_oxford.txt,data/csvs/MLPro,02-1-ch 61,,,10,Cleped,the,Seintes,Legende,of,Cupide
data/riverside_cats/MLPro_riv.cat,data/oxford_txts/MLPro_oxford.txt,data/csvs/MLPro,02-1-ch 61,,,10,uS,u,Su,Sux,S,uSx
data/riverside_cats/MLPro_riv.cat,data/oxford_txts/MLPro_oxford.txt,data/csvs/MLPro,02-1-ch 61,,,10,clepen@v%ppl_abs,the@def_art,seinte@n%gen,legende@n,of@prep,cupide@n#propn
data/riverside_cats/MLPro_riv.cat,data/oxford_txts/MLPro_oxford.txt,data/csvs/MLPro,02-1-ch 61,,,10,Cleped,the,Seintes,Legende,of,Cupide
data/riverside_cats/MLPro_riv.cat,data/oxford_txts/MLPro_oxford.txt,data/csvs/MLPro,02-1-ch 61,,,10,uS,u,Su,Sux,S,uSx
data/riverside_cats/MLPro_riv.cat,data/oxford_txts/MLPro_oxford.txt,data/csvs/MLPro,02-1-ch 61,,,10,clepen@v%ppl_abs,the@def_art,seinte@n%gen,legende@n,of@prep,cupide@n#propn

Ther may he seen the large woundes wyde,||,Ther may he seen the large woundes wide
data/riverside_cats/MLPro_riv.cat,data/oxford_txts/MLPro_oxford.txt,data/csvs/MLPro,02-1-ch 62,,,10,Ther,may,he,seen,the,large,woundes,wyde
data/riverside_cats/MLPro_riv.cat,data/oxford_txts/MLPro_oxford.txt,data/csvs/MLPro,02-1-ch 62,,,10,u,S,u,S,u,Su,Su,Sx
data/riverside_cats/MLPro_riv.cat,data/oxford_txts/MLPro_oxford.txt,data/csvs/MLPro,02-1-ch 62,,,10,ther@adv,mouen@v3%pr_3,he@pron1%nom,sen@v1%inf,the@def_art,large@adj,wound@n%pl,wid@adj
data/riverside_cats/MLPro_riv.cat,data/oxford_txts/MLPro_oxford.txt,data/csvs/MLPro,02-1-ch 62,,,10,Ther,may,he,seen,the,large,woundes,wide
data/riverside_cats/MLPro_riv.cat,data/oxford_txts/MLPro_oxford.txt,data/csvs/MLPro,02-1-ch 62,,,10,u,S,u,S,u,Su,Su,Sx
data/riverside_cats/MLPro_riv.cat,data/oxford_txts/MLPro_oxford.txt,data/csvs/MLPro,02-1-ch 62,,,10,ther@adv,mouen@v3%pr_3,he@pron1%nom,sen@v1%inf,the@def_art,large@adj,wound@n%pl,wid@adj

"Of Lucresse, and of Babilan Tesbee;",||,"Of Lucresse, and of Babilan° Tisbee;°"
data/riverside_cats/MLPro_riv.cat,data/oxford_txts/MLPro_oxford.txt,data/csvs/MLPro,02-1-ch 63,,,10,Of,Lucresse,and,of,Babilan,Tesbee
data/riverside_cats/MLPro_riv.cat,data/oxford_txts/MLPro_oxford.txt,data/csvs/MLPro,02-1-ch 63,,,10,u,Sux,S,u,SuS,uS
data/riverside_cats/MLPro_riv.cat,data/oxford_txts/MLPro_oxford.txt,data/csvs/MLPro,02-1-ch 63,,,10,of@prep,lucresse@n#propn,and@conj,of@prep,babiloine@n#propn,tisbe@n#propn
data/riverside_cats/MLPro_riv.cat,data/oxford_txts/MLPro_oxford.txt,data/csvs/MLPro,02-1-ch 63,,,10,Of,Lucresse,and,of,Babilan,Tisbee
data/riverside_cats/MLPro_riv.cat,data/oxford_txts/MLPro_oxford.txt,data/csvs/MLPro,02-1-ch 63,,,10,u,Sux,S,u,SuS,uS
data/riverside_cats/MLPro_riv.cat,data/oxford_txts/MLPro_oxford.txt,data/csvs/MLPro,02-1-ch 63,,,10,of@prep,lucresse@n#propn,and@conj,of@prep,babiloine@n#propn,tisbe@n#propn

The swerd of Dido for the false Enee;,||,The swerd of Dido for the false Enee;°
data/riverside_cats/MLPro_riv.cat,data/oxford_txts/MLPro_oxford.txt,data/csvs/MLPro,02-1-ch 64,,,10,The,swerd,of,Dido,for,the,false,Enee
data/riverside_cats/MLPro_riv.cat,data/oxford_txts/MLPro_oxford.txt,data/csvs/MLPro,02-1-ch 64,,,10,u,S,u,Su,S,u,Sx,uS
data/riverside_cats/MLPro_riv.cat,data/oxford_txts/MLPro_oxford.txt,data/csvs/MLPro,02-1-ch 64,,,10,the@def_art,sword@n,of@prep,dido@n#propn,for@prep,the@def_art,fals@adj,eneas@n#propn
data/riverside_cats/MLPro_riv.cat,data/oxford_txts/MLPro_oxford.txt,data/csvs/MLPro,02-1-ch 64,,,10,The,swerd,of,Dido,for,the,false,Enee
data/riverside_cats/MLPro_riv.cat,data/oxford_txts/MLPro_oxford.txt,data/csvs/MLPro,02-1-ch 64,,,10,u,S,u,Su,S,u,Sx,uS
data/riverside_cats/MLPro_riv.cat,data/oxford_txts/MLPro_oxford.txt,data/csvs/MLPro,02-1-ch 64,,,10,the@def_art,sword@n,of@prep,dido@n#propn,for@prep,the@def_art,fals@adj,eneas@n#propn

The tree of Phillis for hire Demophon;,||,The tree of Phillis for hir Demophon;
data/riverside_cats/MLPro_riv.cat,data/oxford_txts/MLPro_oxford.txt,data/csvs/MLPro,02-1-ch 65,,,10,The,tree,of,Phillis,for,hire,Demophon
data/riverside_cats/MLPro_riv.cat,data/oxford_txts/MLPro_oxford.txt,data/csvs/MLPro,02-1-ch 65,,,10,u,S,u,Su,S,ux,SuS
data/riverside_cats/MLPro_riv.cat,data/oxford_txts/MLPro_oxford.txt,data/csvs/MLPro,02-1-ch 65,,,10,the@def_art,tre@n,of@prep,phillis@n#propn,for@prep,hire@pron1%fem_gen,demophon@n#propn
data/riverside_cats/MLPro_riv.cat,data/oxford_txts/MLPro_oxford.txt,data/csvs/MLPro,02-1-ch 65,,,10,The,tree,of,Phillis,for,hir,Demophon
data/riverside_cats/MLPro_riv.cat,data/oxford_txts/MLPro_oxford.txt,data/csvs/MLPro,02-1-ch 65,,,10,u,S,u,Su,S,u,SuS
data/riverside_cats/MLPro_riv.cat,data/oxford_txts/MLPro_oxford.txt,data/csvs/MLPro,02-1-ch 65,,,10,the@def_art,tre@n,of@prep,phillis@n#propn,for@prep,hire@pron1%fem_gen,demophon@n#propn

"The pleinte of Dianire and of Hermyon,",||,"The pleinte° of Dianire and Hermion,"
data/riverside_cats/MLPro_riv.cat,data/oxford_txts/MLPro_oxford.txt,data/csvs/MLPro,02-1-ch 66,DIFF,green,10,The,pleinte,of,Dianire,and,of,Hermyon
data/riverside_cats/MLPro_riv.cat,data/oxford_txts/MLPro_oxford.txt,data/csvs/MLPro,02-1-ch 66,DIFF,green,10,u,Sx,u,SuSx,u,S,uS
data/riverside_cats/MLPro_riv.cat,data/oxford_txts/MLPro_oxford.txt,data/csvs/MLPro,02-1-ch 66,DIFF,green,10,the@def_art,pleinte@n,of@prep,dianira@n#propn,and@conj,of@prep,hermion@n#propn
data/riverside_cats/MLPro_riv.cat,data/oxford_txts/MLPro_oxford.txt,data/csvs/MLPro,02-1-ch 66,DIFF,green,10,The,pleinte,of,Dianire,and,Hermion
data/riverside_cats/MLPro_riv.cat,data/oxford_txts/MLPro_oxford.txt,data/csvs/MLPro,02-1-ch 66,DIFF,green,10,u,Sx,u,SuSx,u,SuS
data/riverside_cats/MLPro_riv.cat,data/oxford_txts/MLPro_oxford.txt,data/csvs/MLPro,02-1-ch 66,DIFF,green,10,the@def_art,pleinte@n,of@prep,dianira@n#propn,and@conj,hermion@n#propn

"Of Adriane, and of Isiphilee --",||,Of Adriane° and of Isiphilee;°
data/riverside_cats/MLPro_riv.cat,data/oxford_txts/MLPro_oxford.txt,data/csvs/MLPro,02-1-ch 67,,,10,Of,Adriane,and,of,Isiphilee
data/riverside_cats/MLPro_riv.cat,data/oxford_txts/MLPro_oxford.txt,data/csvs/MLPro,02-1-ch 67,,,10,u,SuSx,u,S,uSuS
data/riverside_cats/MLPro_riv.cat,data/oxford_txts/MLPro_oxford.txt,data/csvs/MLPro,02-1-ch 67,,,10,of@prep,adriane@n#propn,and@conj,of@prep,isiphile@n#propn,--@dash
data/riverside_cats/MLPro_riv.cat,data/oxford_txts/MLPro_oxford.txt,data/csvs/MLPro,02-1-ch 67,,,10,Of,Adriane,and,of,Isiphilee
data/riverside_cats/MLPro_riv.cat,data/oxford_txts/MLPro_oxford.txt,data/csvs/MLPro,02-1-ch 67,,,10,u,SuSx,u,S,uSuS
data/riverside_cats/MLPro_riv.cat,data/oxford_txts/MLPro_oxford.txt,data/csvs/MLPro,02-1-ch 67,,,10,of@prep,adriane@n#propn,and@conj,of@prep,isiphile@n#propn,--@dash

The bareyne yle stondynge in the see --,||,The bareine° ile stonding in the see;
data/riverside_cats/MLPro_riv.cat,data/oxford_txts/MLPro_oxford.txt,data/csvs/MLPro,02-1-ch 68,,,10,The,bareyne,yle,stondynge,in,the,see
data/riverside_cats/MLPro_riv.cat,data/oxford_txts/MLPro_oxford.txt,data/csvs/MLPro,02-1-ch 68,,,10,u,Sux,Sx,uSu,S,u,S
data/riverside_cats/MLPro_riv.cat,data/oxford_txts/MLPro_oxford.txt,data/csvs/MLPro,02-1-ch 68,,,10,the@def_art,baraine@adj,ile@n1,stonden@v1%prp_abs,in@prep,the@def_art,se@n1,--@dash
data/riverside_cats/MLPro_riv.cat,data/oxford_txts/MLPro_oxford.txt,data/csvs/MLPro,02-1-ch 68,,,10,The,bareine,ile,stonding,in,the,see
data/riverside_cats/MLPro_riv.cat,data/oxford_txts/MLPro_oxford.txt,data/csvs/MLPro,02-1-ch 68,,,10,u,Sux,Su,Su,S,u,S
data/riverside_cats/MLPro_riv.cat,data/oxford_txts/MLPro_oxford.txt,data/csvs/MLPro,02-1-ch 68,,,10,the@def_art,baraine@adj,ile@n1,stonden@v1%prp_abs,in@prep,the@def_art,se@n1,--@dash

The dreynte Leandre for his Erro;,||,The dreinte° Leander for his Erro;°
data/riverside_cats/MLPro_riv.cat,data/oxford_txts/MLPro_oxford.txt,data/csvs/MLPro,02-1-ch 69,,,0,The,dreynte,Leandre,for,his,Erro
data/riverside_cats/MLPro_riv.cat,data/oxford_txts/MLPro_oxford.txt,data/csvs/MLPro,02-1-ch 69,,,0,,,,,,
data/riverside_cats/MLPro_riv.cat,data/oxford_txts/MLPro_oxford.txt,data/csvs/MLPro,02-1-ch 69,,,0,the@def_art,drenchen@v#adj%ppl,leandre@n#propn,for@prep,his@pron1%gen,herro@n#propn
data/riverside_cats/MLPro_riv.cat,data/oxford_txts/MLPro_oxford.txt,data/csvs/MLPro,02-1-ch 69,,,10,The,dreinte,Leander,for,his,Erro
data/riverside_cats/MLPro_riv.cat,data/oxford_txts/MLPro_oxford.txt,data/csvs/MLPro,02-1-ch 69,,,10,u,Su,SuS,u,S,uS
data/riverside_cats/MLPro_riv.cat,data/oxford_txts/MLPro_oxford.txt,data/csvs/MLPro,02-1-ch 69,,,10,the@def_art,drenchen@v#adj%ppl,leandre@n#propn,for@prep,his@pron1%gen,herro@n#propn

"The teeris of Eleyne, and eek the wo",||,"The teres of Eleine,° and eek° the wo"
data/riverside_cats/MLPro_riv.cat,data/oxford_txts/MLPro_oxford.txt,data/csvs/MLPro,02-1-ch 70,,,10,The,teeris,of,Eleyne,and,eek,the,wo
data/riverside_cats/MLPro_riv.cat,data/oxford_txts/MLPro_oxford.txt,data/csvs/MLPro,02-1-ch 70,,,10,u,Su,S,uSx,u,S,u,S
data/riverside_cats/MLPro_riv.cat,data/oxford_txts/MLPro_oxford.txt,data/csvs/MLPro,02-1-ch 70,,,10,the@def_art,tere@n%pl,of@prep,eleine@n1#propn,and@conj,ek@adv,the@def_art,wo@n
data/riverside_cats/MLPro_riv.cat,data/oxford_txts/MLPro_oxford.txt,data/csvs/MLPro,02-1-ch 70,,,10,The,teres,of,Eleine,and,eek,the,wo
data/riverside_cats/MLPro_riv.cat,data/oxford_txts/MLPro_oxford.txt,data/csvs/MLPro,02-1-ch 70,,,10,u,Su,S,uSx,u,S,u,S
data/riverside_cats/MLPro_riv.cat,data/oxford_txts/MLPro_oxford.txt,data/csvs/MLPro,02-1-ch 70,,,10,the@def_art,tere@n%pl,of@prep,eleine@n1#propn,and@conj,ek@adv,the@def_art,wo@n

"Of Brixseyde, and of the, Ladomya;",||,"Of Brixseide,° and of thee, Ladomëa;°"
data/riverside_cats/MLPro_riv.cat,data/oxford_txts/MLPro_oxford.txt,data/csvs/MLPro,02-1-ch 71,,,10,Of,Brixseyde,and,of,the,Ladomya
data/riverside_cats/MLPro_riv.cat,data/oxford_txts/MLPro_oxford.txt,data/csvs/MLPro,02-1-ch 71,,,10,u,Sux,S,u,S,uSuS
data/riverside_cats/MLPro_riv.cat,data/oxford_txts/MLPro_oxford.txt,data/csvs/MLPro,02-1-ch 71,,,10,of@prep,breseida@n#propn,and@conj,of@prep,the@pron2%obj,laodomia@n#propn
data/riverside_cats/MLPro_riv.cat,data/oxford_txts/MLPro_oxford.txt,data/csvs/MLPro,02-1-ch 71,,,9,Of,Brixseide,and,of,thee,Ladoma
data/riverside_cats/MLPro_riv.cat,data/oxford_txts/MLPro_oxford.txt,data/csvs/MLPro,02-1-ch 71,,,9,S,uSx,u,S,u,SuS
data/riverside_cats/MLPro_riv.cat,data/oxford_txts/MLPro_oxford.txt,data/csvs/MLPro,02-1-ch 71,,,9,of@prep,breseida@n#propn,and@conj,of@prep,the@pron2%obj,laodomia@n#propn

"The crueltee of the, queene Medea,",||,"The crueltee of thee, queen Medëa,"
data/riverside_cats/MLPro_riv.cat,data/oxford_txts/MLPro_oxford.txt,data/csvs/MLPro,02-1-ch 72,,,10,The,crueltee,of,the,queene,Medea
data/riverside_cats/MLPro_riv.cat,data/oxford_txts/MLPro_oxford.txt,data/csvs/MLPro,02-1-ch 72,,,10,u,SuS,u,S,ux,SuS
data/riverside_cats/MLPro_riv.cat,data/oxford_txts/MLPro_oxford.txt,data/csvs/MLPro,02-1-ch 72,,,10,the@def_art,cruelte@n,of@prep,the@pron2%obj,quene@n2,medea@n#propn
data/riverside_cats/MLPro_riv.cat,data/oxford_txts/MLPro_oxford.txt,data/csvs/MLPro,02-1-ch 72,,,9,The,crueltee,of,thee,queen,Meda
data/riverside_cats/MLPro_riv.cat,data/oxford_txts/MLPro_oxford.txt,data/csvs/MLPro,02-1-ch 72,,,9,S,uSu,S,u,S,uS
data/riverside_cats/MLPro_riv.cat,data/oxford_txts/MLPro_oxford.txt,data/csvs/MLPro,02-1-ch 72,,,9,the@def_art,cruelte@n,of@prep,the@pron2%obj,quene@n2,medea@n#propn

"Thy litel children hangynge by the hals,",||,Thy litel children hanging by the hals°
data/riverside_cats/MLPro_riv.cat,data/oxford_txts/MLPro_oxford.txt,data/csvs/MLPro,02-1-ch 73,,,10,Thy,litel,children,hangynge,by,the,hals
data/riverside_cats/MLPro_riv.cat,data/oxford_txts/MLPro_oxford.txt,data/csvs/MLPro,02-1-ch 73,,,10,u,Su,Su,Sux,S,u,S
data/riverside_cats/MLPro_riv.cat,data/oxford_txts/MLPro_oxford.txt,data/csvs/MLPro,02-1-ch 73,,,10,thin@pron%gen,litel@adj,child@n%pl,hongen@v%prp_abs,bi@prep,the@def_art,hals@n
data/riverside_cats/MLPro_riv.cat,data/oxford_txts/MLPro_oxford.txt,data/csvs/MLPro,02-1-ch 73,,,10,Thy,litel,children,hanging,by,the,hals
data/riverside_cats/MLPro_riv.cat,data/oxford_txts/MLPro_oxford.txt,data/csvs/MLPro,02-1-ch 73,,,10,u,Su,Su,Su,S,u,S
data/riverside_cats/MLPro_riv.cat,data/oxford_txts/MLPro_oxford.txt,data/csvs/MLPro,02-1-ch 73,,,10,thin@pron%gen,litel@adj,child@n%pl,hongen@v%prp_abs,bi@prep,the@def_art,hals@n

"For thy Jason, that was of love so fals!",||,"For thy Jason, that was of love so fals!"
data/riverside_cats/MLPro_riv.cat,data/oxford_txts/MLPro_oxford.txt,data/csvs/MLPro,02-1-ch 74,,,10,For,thy,Jason,that,was,of,love,so,fals
data/riverside_cats/MLPro_riv.cat,data/oxford_txts/MLPro_oxford.txt,data/csvs/MLPro,02-1-ch 74,,,10,u,S,uS,u,S,u,Sx,u,S
data/riverside_cats/MLPro_riv.cat,data/oxford_txts/MLPro_oxford.txt,data/csvs/MLPro,02-1-ch 74,,,10,for@prep,thin@pron%gen,jason@n#propn,that@pron,ben@v%pt_3,of@prep,love@n1,so@adv,fals@adj
data/riverside_cats/MLPro_riv.cat,data/oxford_txts/MLPro_oxford.txt,data/csvs/MLPro,02-1-ch 74,,,10,For,thy,Jason,that,was,of,love,so,fals
data/riverside_cats/MLPro_riv.cat,data/oxford_txts/MLPro_oxford.txt,data/csvs/MLPro,02-1-ch 74,,,10,u,S,uS,u,S,u,Sx,u,S
data/riverside_cats/MLPro_riv.cat,data/oxford_txts/MLPro_oxford.txt,data/csvs/MLPro,02-1-ch 74,,,10,for@prep,thin@pron%gen,jason@n#propn,that@pron,ben@v%pt_3,of@prep,love@n1,so@adv,fals@adj

"O Ypermystra, Penelopee, Alceste,",||,"O Ypermistra,° Penelopee, Alceste,"
data/riverside_cats/MLPro_riv.cat,data/oxford_txts/MLPro_oxford.txt,data/csvs/MLPro,02-1-ch 75,,,10,O,Ypermystra,Penelopee,Alceste
data/riverside_cats/MLPro_riv.cat,data/oxford_txts/MLPro_oxford.txt,data/csvs/MLPro,02-1-ch 75,,,10,u,SuSu,SuSu,Sxx
data/riverside_cats/MLPro_riv.cat,data/oxford_txts/MLPro_oxford.txt,data/csvs/MLPro,02-1-ch 75,,,10,o@interj,ipermystra@n#propn,penelope@n#propn,alceste@n#propn
data/riverside_cats/MLPro_riv.cat,data/oxford_txts/MLPro_oxford.txt,data/csvs/MLPro,02-1-ch 75,,,10,O,Ypermistra,Penelopee,Alceste
data/riverside_cats/MLPro_riv.cat,data/oxford_txts/MLPro_oxford.txt,data/csvs/MLPro,02-1-ch 75,,,10,u,SuSu,SuSu,Sxx
data/riverside_cats/MLPro_riv.cat,data/oxford_txts/MLPro_oxford.txt,data/csvs/MLPro,02-1-ch 75,,,10,o@interj,ipermystra@n#propn,penelope@n#propn,alceste@n#propn

Youre wifhod he comendeth with the beste!,||,Your wifhod he comendeth with the beste!
data/riverside_cats/MLPro_riv.cat,data/oxford_txts/MLPro_oxford.txt,data/csvs/MLPro,02-1-ch 76,,,10,Youre,wifhod,he,comendeth,with,the,beste
data/riverside_cats/MLPro_riv.cat,data/oxford_txts/MLPro_oxford.txt,data/csvs/MLPro,02-1-ch 76,,,10,ux,Su,S,uSu,S,u,Sx
data/riverside_cats/MLPro_riv.cat,data/oxford_txts/MLPro_oxford.txt,data/csvs/MLPro,02-1-ch 76,,,10,your@pron%pl_gen,wifhod@n,he@pron1%nom,commenden@v%pr_3,with@prep,the@def_art,best@adjas_n%sup
data/riverside_cats/MLPro_riv.cat,data/oxford_txts/MLPro_oxford.txt,data/csvs/MLPro,02-1-ch 76,,,10,Your,wifhod,he,comendeth,with,the,beste
data/riverside_cats/MLPro_riv.cat,data/oxford_txts/MLPro_oxford.txt,data/csvs/MLPro,02-1-ch 76,,,10,u,Su,S,uSu,S,u,Sx
data/riverside_cats/MLPro_riv.cat,data/oxford_txts/MLPro_oxford.txt,data/csvs/MLPro,02-1-ch 76,,,10,your@pron%pl_gen,wifhod@n,he@pron1%nom,commenden@v%pr_3,with@prep,the@def_art,best@adjas_n%sup

"""But certeinly no word ne writeth he",||,But certeinly no word ne writeth he
data/riverside_cats/MLPro_riv.cat,data/oxford_txts/MLPro_oxford.txt,data/csvs/MLPro,02-1-ch 77,,,10,But,certeinly,no,word,ne,writeth,he
data/riverside_cats/MLPro_riv.cat,data/oxford_txts/MLPro_oxford.txt,data/csvs/MLPro,02-1-ch 77,,,10,u,SuS,u,S,u,Su,S
data/riverside_cats/MLPro_riv.cat,data/oxford_txts/MLPro_oxford.txt,data/csvs/MLPro,02-1-ch 77,,,10,but@conj,certainli@adv,no@gram_adj,word@n,ne@adv,writen@v%pr_3,he@pron1%nom
data/riverside_cats/MLPro_riv.cat,data/oxford_txts/MLPro_oxford.txt,data/csvs/MLPro,02-1-ch 77,,,10,But,certeinly,no,word,ne,writeth,he
data/riverside_cats/MLPro_riv.cat,data/oxford_txts/MLPro_oxford.txt,data/csvs/MLPro,02-1-ch 77,,,10,u,SuS,u,S,u,Su,S
data/riverside_cats/MLPro_riv.cat,data/oxford_txts/MLPro_oxford.txt,data/csvs/MLPro,02-1-ch 77,,,10,but@conj,certainli@adv,no@gram_adj,word@n,ne@adv,writen@v%pr_3,he@pron1%nom

"Of thilke wikke ensample of Canacee,",||,"Of thilke wikke° ensample of Canacee,"
data/riverside_cats/MLPro_riv.cat,data/oxford_txts/MLPro_oxford.txt,data/csvs/MLPro,02-1-ch 78,,,10,Of,thilke,wikke,ensample,of,Canacee
data/riverside_cats/MLPro_riv.cat,data/oxford_txts/MLPro_oxford.txt,data/csvs/MLPro,02-1-ch 78,,,10,u,Su,Sx,uSx,u,SuS
data/riverside_cats/MLPro_riv.cat,data/oxford_txts/MLPro_oxford.txt,data/csvs/MLPro,02-1-ch 78,,,10,of@prep,thilke@gram_adj,wikke@adj,ensaumple@n,of@prep,canacee@n2#propn
data/riverside_cats/MLPro_riv.cat,data/oxford_txts/MLPro_oxford.txt,data/csvs/MLPro,02-1-ch 78,,,10,Of,thilke,wikke,ensample,of,Canacee
data/riverside_cats/MLPro_riv.cat,data/oxford_txts/MLPro_oxford.txt,data/csvs/MLPro,02-1-ch 78,,,10,u,Su,Sx,uSx,u,SuS
data/riverside_cats/MLPro_riv.cat,data/oxford_txts/MLPro_oxford.txt,data/csvs/MLPro,02-1-ch 78,,,10,of@prep,thilke@gram_adj,wikke@adj,ensaumple@n,of@prep,canacee@n2#propn

That loved hir owene brother synfully --,||,That lovede hir owne brother sinfully;
data/riverside_cats/MLPro_riv.cat,data/oxford_txts/MLPro_oxford.txt,data/csvs/MLPro,02-1-ch 79,,,10,That,loved,hir,owene,brother,synfully
data/riverside_cats/MLPro_riv.cat,data/oxford_txts/MLPro_oxford.txt,data/csvs/MLPro,02-1-ch 79,,,10,u,Su,S,uSx,ux,SuS
data/riverside_cats/MLPro_riv.cat,data/oxford_txts/MLPro_oxford.txt,data/csvs/MLPro,02-1-ch 79,,,10,that@pron,loven@v1%pt_3,hire@pron1%fem_gen,ouen@adj,brother@n,sinfulli@adv,--@dash
data/riverside_cats/MLPro_riv.cat,data/oxford_txts/MLPro_oxford.txt,data/csvs/MLPro,02-1-ch 79,,,10,That,lovede,hir,owne,brother,sinfully
data/riverside_cats/MLPro_riv.cat,data/oxford_txts/MLPro_oxford.txt,data/csvs/MLPro,02-1-ch 79,,,10,u,Sux,S,ux,Su,SuS
data/riverside_cats/MLPro_riv.cat,data/oxford_txts/MLPro_oxford.txt,data/csvs/MLPro,02-1-ch 79,,,10,that@pron,loven@v1%pt_3,hire@pron1%fem_gen,ouen@adj,brother@n,sinfulli@adv,--@dash

Of swiche cursed stories I sey fy! --,||,Of swiche cursed stories I sey ‘fy’;
data/riverside_cats/MLPro_riv.cat,data/oxford_txts/MLPro_oxford.txt,data/csvs/MLPro,02-1-ch 80,,,10,Of,swiche,cursed,stories,I,sey,fy
data/riverside_cats/MLPro_riv.cat,data/oxford_txts/MLPro_oxford.txt,data/csvs/MLPro,02-1-ch 80,,,10,u,Sx,uS,uSu,S,u,S
data/riverside_cats/MLPro_riv.cat,data/oxford_txts/MLPro_oxford.txt,data/csvs/MLPro,02-1-ch 80,,,10,of@prep,swich@gram_adj,cursed@ppl#adj,storie@n1%pl,ich@pron%nom,seien@v1%pr_1,fi@interj,--@dash
data/riverside_cats/MLPro_riv.cat,data/oxford_txts/MLPro_oxford.txt,data/csvs/MLPro,02-1-ch 80,,,10,Of,swiche,cursed,stories,I,sey,fy
data/riverside_cats/MLPro_riv.cat,data/oxford_txts/MLPro_oxford.txt,data/csvs/MLPro,02-1-ch 80,,,10,u,Sx,uS,uSu,S,u,S
data/riverside_cats/MLPro_riv.cat,data/oxford_txts/MLPro_oxford.txt,data/csvs/MLPro,02-1-ch 80,,,10,of@prep,swich@gram_adj,cursed@ppl#adj,storie@n1%pl,ich@pron%nom,seien@v1%pr_1,fi@interj,--@dash

"Or ellis of Tyro Appollonius,",||,"Or elles of Tyro Apollonius,"
data/riverside_cats/MLPro_riv.cat,data/oxford_txts/MLPro_oxford.txt,data/csvs/MLPro,02-1-ch 81,,,10,Or,ellis,of,Tyro,Appollonius
data/riverside_cats/MLPro_riv.cat,data/oxford_txts/MLPro_oxford.txt,data/csvs/MLPro,02-1-ch 81,,,10,u,Su,S,ux,SuSuS
data/riverside_cats/MLPro_riv.cat,data/oxford_txts/MLPro_oxford.txt,data/csvs/MLPro,02-1-ch 81,,,10,or@conj,elles@adv,of@prep,tire@n1#propn,appollonius@n#propn
data/riverside_cats/MLPro_riv.cat,data/oxford_txts/MLPro_oxford.txt,data/csvs/MLPro,02-1-ch 81,,,10,Or,elles,of,Tyro,Apollonius
data/riverside_cats/MLPro_riv.cat,data/oxford_txts/MLPro_oxford.txt,data/csvs/MLPro,02-1-ch 81,,,10,u,Su,S,ux,SuSuS
data/riverside_cats/MLPro_riv.cat,data/oxford_txts/MLPro_oxford.txt,data/csvs/MLPro,02-1-ch 81,,,10,or@conj,elles@adv,of@prep,tire@n1#propn,appollonius@n#propn

How that the cursed kyng Antiochus,||,How that the cursed king Antiochus
data/riverside_cats/MLPro_riv.cat,data/oxford_txts/MLPro_oxford.txt,data/csvs/MLPro,02-1-ch 82,,,10,How,that,the,cursed,kyng,Antiochus
data/riverside_cats/MLPro_riv.cat,data/oxford_txts/MLPro_oxford.txt,data/csvs/MLPro,02-1-ch 82,,,10,u,S,u,Su,S,uSuS
data/riverside_cats/MLPro_riv.cat,data/oxford_txts/MLPro_oxford.txt,data/csvs/MLPro,02-1-ch 82,,,10,hou@adv&conj,that@part,the@def_art,cursed@ppl#adj,king@n,antiochus@n#propn
data/riverside_cats/MLPro_riv.cat,data/oxford_txts/MLPro_oxford.txt,data/csvs/MLPro,02-1-ch 82,,,10,How,that,the,cursed,king,Antiochus
data/riverside_cats/MLPro_riv.cat,data/oxford_txts/MLPro_oxford.txt,data/csvs/MLPro,02-1-ch 82,,,10,u,S,u,Su,S,uSuS
data/riverside_cats/MLPro_riv.cat,data/oxford_txts/MLPro_oxford.txt,data/csvs/MLPro,02-1-ch 82,,,10,hou@adv&conj,that@part,the@def_art,cursed@ppl#adj,king@n,antiochus@n#propn

"Birafte his doghter of hir maydenhede,",||,"Birafte° his doghter of hir maidenhede,°"
data/riverside_cats/MLPro_riv.cat,data/oxford_txts/MLPro_oxford.txt,data/csvs/MLPro,02-1-ch 83,,,10,Birafte,his,doghter,of,hir,maydenhede
data/riverside_cats/MLPro_riv.cat,data/oxford_txts/MLPro_oxford.txt,data/csvs/MLPro,02-1-ch 83,,,10,uSx,u,Su,S,u,SuSx
data/riverside_cats/MLPro_riv.cat,data/oxford_txts/MLPro_oxford.txt,data/csvs/MLPro,02-1-ch 83,,,10,bireven@v%pt_3,his@pron1%gen,doughter@n,of@prep,hire@pron1%fem_gen,maidenhede@n
data/riverside_cats/MLPro_riv.cat,data/oxford_txts/MLPro_oxford.txt,data/csvs/MLPro,02-1-ch 83,,,10,Birafte,his,doghter,of,hir,maidenhede
data/riverside_cats/MLPro_riv.cat,data/oxford_txts/MLPro_oxford.txt,data/csvs/MLPro,02-1-ch 83,,,10,uSx,u,Su,S,u,SuSx
data/riverside_cats/MLPro_riv.cat,data/oxford_txts/MLPro_oxford.txt,data/csvs/MLPro,02-1-ch 83,,,10,bireven@v%pt_3,his@pron1%gen,doughter@n,of@prep,hire@pron1%fem_gen,maidenhede@n

"That is so horrible a tale for to rede,",||,"That is so horrible a tale for to rede,"
data/riverside_cats/MLPro_riv.cat,data/oxford_txts/MLPro_oxford.txt,data/csvs/MLPro,02-1-ch 84,,,10,That,is,so,horrible,a,tale,for,to,rede
data/riverside_cats/MLPro_riv.cat,data/oxford_txts/MLPro_oxford.txt,data/csvs/MLPro,02-1-ch 84,,,10,u,S,u,Sux,S,ux,S,u,Sx
data/riverside_cats/MLPro_riv.cat,data/oxford_txts/MLPro_oxford.txt,data/csvs/MLPro,02-1-ch 84,,,10,that@pron,ben@v%pr_3,so@adv,horrible@adj,a@indef_art,tale@n,for@prep#adv,to@part,reden@v1%inf
data/riverside_cats/MLPro_riv.cat,data/oxford_txts/MLPro_oxford.txt,data/csvs/MLPro,02-1-ch 84,,,10,That,is,so,horrible,a,tale,for,to,rede
data/riverside_cats/MLPro_riv.cat,data/oxford_txts/MLPro_oxford.txt,data/csvs/MLPro,02-1-ch 84,,,10,u,S,u,Sux,S,ux,S,u,Sx
data/riverside_cats/MLPro_riv.cat,data/oxford_txts/MLPro_oxford.txt,data/csvs/MLPro,02-1-ch 84,,,10,that@pron,ben@v%pr_3,so@adv,horrible@adj,a@indef_art,tale@n,for@prep#adv,to@part,reden@v1%inf

Whan he hir threw upon the pavement.,||,Whan he hir threw upon the pavement.
data/riverside_cats/MLPro_riv.cat,data/oxford_txts/MLPro_oxford.txt,data/csvs/MLPro,02-1-ch 85,,,10,Whan,he,hir,threw,upon,the,pavement
data/riverside_cats/MLPro_riv.cat,data/oxford_txts/MLPro_oxford.txt,data/csvs/MLPro,02-1-ch 85,,,10,u,S,u,S,uS,u,SuS
data/riverside_cats/MLPro_riv.cat,data/oxford_txts/MLPro_oxford.txt,data/csvs/MLPro,02-1-ch 85,,,10,whan@adv&conj,he@pron1%nom,hire@pron2%fem_obj,throuen@v1%pt_3,upon@prep,the@def_art,pavement@n
data/riverside_cats/MLPro_riv.cat,data/oxford_txts/MLPro_oxford.txt,data/csvs/MLPro,02-1-ch 85,,,10,Whan,he,hir,threw,upon,the,pavement
data/riverside_cats/MLPro_riv.cat,data/oxford_txts/MLPro_oxford.txt,data/csvs/MLPro,02-1-ch 85,,,10,u,S,u,S,uS,u,SuS
data/riverside_cats/MLPro_riv.cat,data/oxford_txts/MLPro_oxford.txt,data/csvs/MLPro,02-1-ch 85,,,10,whan@adv&conj,he@pron1%nom,hire@pron2%fem_obj,throuen@v1%pt_3,upon@prep,the@def_art,pavement@n

"And therfore he, of ful avysement,",||,"And therfor he, of ful avisement,°"
data/riverside_cats/MLPro_riv.cat,data/oxford_txts/MLPro_oxford.txt,data/csvs/MLPro,02-1-ch 86,,,10,And,therfore,he,of,ful,avysement
data/riverside_cats/MLPro_riv.cat,data/oxford_txts/MLPro_oxford.txt,data/csvs/MLPro,02-1-ch 86,,,10,u,Sux,S,u,S,uSuS
data/riverside_cats/MLPro_riv.cat,data/oxford_txts/MLPro_oxford.txt,data/csvs/MLPro,02-1-ch 86,,,10,and@conj,ther-fore@adv,he@pron1%nom,of@prep,ful@adj,avisement@n
data/riverside_cats/MLPro_riv.cat,data/oxford_txts/MLPro_oxford.txt,data/csvs/MLPro,02-1-ch 86,,,10,And,therfor,he,of,ful,avisement
data/riverside_cats/MLPro_riv.cat,data/oxford_txts/MLPro_oxford.txt,data/csvs/MLPro,02-1-ch 86,,,10,u,Su,S,u,S,uSuS
data/riverside_cats/MLPro_riv.cat,data/oxford_txts/MLPro_oxford.txt,data/csvs/MLPro,02-1-ch 86,,,10,and@conj,ther-fore@adv,he@pron1%nom,of@prep,ful@adj,avisement@n

Nolde nevere write in none of his sermons,||,Nolde° never write in none of his sermouns°
data/riverside_cats/MLPro_riv.cat,data/oxford_txts/MLPro_oxford.txt,data/csvs/MLPro,02-1-ch 87,,,10,Nolde,nevere,write,in,none,of,his,sermons
data/riverside_cats/MLPro_riv.cat,data/oxford_txts/MLPro_oxford.txt,data/csvs/MLPro,02-1-ch 87,,,10,ux,Sux,Sx,u,Sx,u,S,uS
data/riverside_cats/MLPro_riv.cat,data/oxford_txts/MLPro_oxford.txt,data/csvs/MLPro,02-1-ch 87,,,10,willen@v%pt_3_neg,never@adv,writen@v%inf,in@prep,non@pron,of@prep,his@pron1%gen,sermoun@n%pl
data/riverside_cats/MLPro_riv.cat,data/oxford_txts/MLPro_oxford.txt,data/csvs/MLPro,02-1-ch 87,,,10,Nolde,never,write,in,none,of,his,sermouns
data/riverside_cats/MLPro_riv.cat,data/oxford_txts/MLPro_oxford.txt,data/csvs/MLPro,02-1-ch 87,,,10,ux,Su,Sx,u,Sx,u,S,uS
data/riverside_cats/MLPro_riv.cat,data/oxford_txts/MLPro_oxford.txt,data/csvs/MLPro,02-1-ch 87,,,10,willen@v%pt_3_neg,never@adv,writen@v%inf,in@prep,non@pron,of@prep,his@pron1%gen,sermoun@n%pl

"Of swiche unkynde abhomynacions,",||,"Of swiche unkinde° abhominaciouns,"
data/riverside_cats/MLPro_riv.cat,data/oxford_txts/MLPro_oxford.txt,data/csvs/MLPro,02-1-ch 88,,,10,Of,swiche,unkynde,abhomynacions
data/riverside_cats/MLPro_riv.cat,data/oxford_txts/MLPro_oxford.txt,data/csvs/MLPro,02-1-ch 88,,,10,u,Sx,uSx,uSuSuS
data/riverside_cats/MLPro_riv.cat,data/oxford_txts/MLPro_oxford.txt,data/csvs/MLPro,02-1-ch 88,,,10,of@prep,swich@gram_adj,unkinde@adj,abhominacioun@n%pl
data/riverside_cats/MLPro_riv.cat,data/oxford_txts/MLPro_oxford.txt,data/csvs/MLPro,02-1-ch 88,,,10,Of,swiche,unkinde,abhominaciouns
data/riverside_cats/MLPro_riv.cat,data/oxford_txts/MLPro_oxford.txt,data/csvs/MLPro,02-1-ch 88,,,10,u,Sx,uSx,uSuSuS
data/riverside_cats/MLPro_riv.cat,data/oxford_txts/MLPro_oxford.txt,data/csvs/MLPro,02-1-ch 88,,,10,of@prep,swich@gram_adj,unkinde@adj,abhominacioun@n%pl

"Ne I wol noon reherce, if that I may.",||,"Ne I wol noon reherse, if that I may."
data/riverside_cats/MLPro_riv.cat,data/oxford_txts/MLPro_oxford.txt,data/csvs/MLPro,02-1-ch 89,DIFF,green,10,Ne,I,wol,noon,reherce,if,that,I,may
data/riverside_cats/MLPro_riv.cat,data/oxford_txts/MLPro_oxford.txt,data/csvs/MLPro,02-1-ch 89,DIFF,green,10,u,S,u,S,uSx,u,S,u,S
data/riverside_cats/MLPro_riv.cat,data/oxford_txts/MLPro_oxford.txt,data/csvs/MLPro,02-1-ch 89,DIFF,green,10,ne@conj1,ich@pron%nom,willen@v%pr_1,non@pron,rehersen@v%inf,if@conj,that@part,ich@pron%nom,mouen@v3%pr_1
data/riverside_cats/MLPro_riv.cat,data/oxford_txts/MLPro_oxford.txt,data/csvs/MLPro,02-1-ch 89,DIFF,green,10,Ne,I,wol,noon,reherse,if,that,I,may
data/riverside_cats/MLPro_riv.cat,data/oxford_txts/MLPro_oxford.txt,data/csvs/MLPro,02-1-ch 89,DIFF,green,10,u,S,u,S,uSx,u,S,u,S
data/riverside_cats/MLPro_riv.cat,data/oxford_txts/MLPro_oxford.txt,data/csvs/MLPro,02-1-ch 89,DIFF,green,10,ne@conj1,ich@pron%nom,willen@v%pr_1,non@pron,rehersen@v%inf,if@conj,that@part,ich@pron%nom,mouen@v3%pr_1

"""But of my tale how shal I doon this day?",||,¶But of my tale how shal I doon this day?
data/riverside_cats/MLPro_riv.cat,data/oxford_txts/MLPro_oxford.txt,data/csvs/MLPro,02-1-ch 90,,,10,But,of,my,tale,how,shal,I,doon,this,day
data/riverside_cats/MLPro_riv.cat,data/oxford_txts/MLPro_oxford.txt,data/csvs/MLPro,02-1-ch 90,,,10,u,S,u,Sx,u,S,u,S,u,S
data/riverside_cats/MLPro_riv.cat,data/oxford_txts/MLPro_oxford.txt,data/csvs/MLPro,02-1-ch 90,,,10,but@conj,of@prep,min@pron%gen,tale@n,hou@adv&conj,shulen@v1%pr_1,ich@pron%nom,don@v1%inf,this@gram_adj,dai@n
data/riverside_cats/MLPro_riv.cat,data/oxford_txts/MLPro_oxford.txt,data/csvs/MLPro,02-1-ch 90,,,10,But,of,my,tale,how,shal,I,doon,this,day
data/riverside_cats/MLPro_riv.cat,data/oxford_txts/MLPro_oxford.txt,data/csvs/MLPro,02-1-ch 90,,,10,u,S,u,Sx,u,S,u,S,u,S
data/riverside_cats/MLPro_riv.cat,data/oxford_txts/MLPro_oxford.txt,data/csvs/MLPro,02-1-ch 90,,,10,but@conj,of@prep,min@pron%gen,tale@n,hou@adv&conj,shulen@v1%pr_1,ich@pron%nom,don@v1%inf,this@gram_adj,dai@n

"Me were looth be likned, doutelees,",||,"Me were looth° be likned,° doutelees,"
data/riverside_cats/MLPro_riv.cat,data/oxford_txts/MLPro_oxford.txt,data/csvs/MLPro,02-1-ch 91,,,10,Me,were,looth,be,likned,doutelees
data/riverside_cats/MLPro_riv.cat,data/oxford_txts/MLPro_oxford.txt,data/csvs/MLPro,02-1-ch 91,,,10,u,Su,S,u,Su,SuS
data/riverside_cats/MLPro_riv.cat,data/oxford_txts/MLPro_oxford.txt,data/csvs/MLPro,02-1-ch 91,,,10,me@pron2%obj,ben@v%pt_3,loth@adj,ben@v%inf,liknen@v2%ppl,douteles@adv
data/riverside_cats/MLPro_riv.cat,data/oxford_txts/MLPro_oxford.txt,data/csvs/MLPro,02-1-ch 91,,,10,Me,were,looth,be,likned,doutelees
data/riverside_cats/MLPro_riv.cat,data/oxford_txts/MLPro_oxford.txt,data/csvs/MLPro,02-1-ch 91,,,10,u,Su,S,u,Su,SuS
data/riverside_cats/MLPro_riv.cat,data/oxford_txts/MLPro_oxford.txt,data/csvs/MLPro,02-1-ch 91,,,10,me@pron2%obj,ben@v%pt_3,loth@adj,ben@v%inf,liknen@v2%ppl,douteles@adv

To Muses that men clepe Pierides --,||,To Muses that men clepe° Pierides—
data/riverside_cats/MLPro_riv.cat,data/oxford_txts/MLPro_oxford.txt,data/csvs/MLPro,02-1-ch 92,,,10,To,Muses,that,men,clepe,Pierides
data/riverside_cats/MLPro_riv.cat,data/oxford_txts/MLPro_oxford.txt,data/csvs/MLPro,02-1-ch 92,,,10,u,Su,S,u,Sx,uSuS
data/riverside_cats/MLPro_riv.cat,data/oxford_txts/MLPro_oxford.txt,data/csvs/MLPro,02-1-ch 92,,,10,to@prep,muse@n%pl,that@pron,man@n%pl,clepen@v%pr_pl,pierides@n#propn%pl,--@dash
data/riverside_cats/MLPro_riv.cat,data/oxford_txts/MLPro_oxford.txt,data/csvs/MLPro,02-1-ch 92,,,10,To,Muses,that,men,clepe,Pierides
data/riverside_cats/MLPro_riv.cat,data/oxford_txts/MLPro_oxford.txt,data/csvs/MLPro,02-1-ch 92,,,10,u,Su,S,u,Sx,uSuS
data/riverside_cats/MLPro_riv.cat,data/oxford_txts/MLPro_oxford.txt,data/csvs/MLPro,02-1-ch 92,,,10,to@prep,muse@n%pl,that@pron,man@n%pl,clepen@v%pr_pl,pierides@n#propn%pl,--@dash

Methamorphosios woot what I mene;,||,Metamorphoseos wot what I mene:—
data/riverside_cats/MLPro_riv.cat,data/oxford_txts/MLPro_oxford.txt,data/csvs/MLPro,02-1-ch 93,DIFF,,10,Methamorphosios,woot,what,I,mene
data/riverside_cats/MLPro_riv.cat,data/oxford_txts/MLPro_oxford.txt,data/csvs/MLPro,02-1-ch 93,DIFF,,10,uSuSuS,u,S,u,Sx
data/riverside_cats/MLPro_riv.cat,data/oxford_txts/MLPro_oxford.txt,data/csvs/MLPro,02-1-ch 93,DIFF,,10,metamorphoseos@n#propn,witen@v1%pr_3,what@pron,ich@pron%nom,menen@v1%pr_1
data/riverside_cats/MLPro_riv.cat,data/oxford_txts/MLPro_oxford.txt,data/csvs/MLPro,02-1-ch 93,DIFF,,10,Metamorphoseos,wot,what,I,mene
data/riverside_cats/MLPro_riv.cat,data/oxford_txts/MLPro_oxford.txt,data/csvs/MLPro,02-1-ch 93,DIFF,,10,uSuSuS,u,S,u,Sx
data/riverside_cats/MLPro_riv.cat,data/oxford_txts/MLPro_oxford.txt,data/csvs/MLPro,02-1-ch 93,DIFF,,10,,witen@v1%pr_3,what@pron,ich@pron%nom,menen@v1%pr_1

"But nathelees, I recche noght a bene",||,"But nathelees, I recche noght a bene°"
data/riverside_cats/MLPro_riv.cat,data/oxford_txts/MLPro_oxford.txt,data/csvs/MLPro,02-1-ch 94,,,10,But,nathelees,I,recche,noght,a,bene
data/riverside_cats/MLPro_riv.cat,data/oxford_txts/MLPro_oxford.txt,data/csvs/MLPro,02-1-ch 94,,,10,u,SuS,u,Su,S,u,Sx
data/riverside_cats/MLPro_riv.cat,data/oxford_txts/MLPro_oxford.txt,data/csvs/MLPro,02-1-ch 94,,,10,but@conj,no-the-lesse@adv,ich@pron%nom,recchen@v2%pr_1,nought@adv,a@indef_art,bene@n1
data/riverside_cats/MLPro_riv.cat,data/oxford_txts/MLPro_oxford.txt,data/csvs/MLPro,02-1-ch 94,,,10,But,nathelees,I,recche,noght,a,bene
data/riverside_cats/MLPro_riv.cat,data/oxford_txts/MLPro_oxford.txt,data/csvs/MLPro,02-1-ch 94,,,10,u,SuS,u,Su,S,u,Sx
data/riverside_cats/MLPro_riv.cat,data/oxford_txts/MLPro_oxford.txt,data/csvs/MLPro,02-1-ch 94,,,10,but@conj,no-the-lesse@adv,ich@pron%nom,recchen@v2%pr_1,nought@adv,a@indef_art,bene@n1

Though I come after hym with hawebake.,||,Though I come after him with hawebake;°
data/riverside_cats/MLPro_riv.cat,data/oxford_txts/MLPro_oxford.txt,data/csvs/MLPro,02-1-ch 95,,,10,Though,I,come,after,hym,with,hawebake
data/riverside_cats/MLPro_riv.cat,data/oxford_txts/MLPro_oxford.txt,data/csvs/MLPro,02-1-ch 95,,,10,u,S,ux,Su,S,u,SuSx
data/riverside_cats/MLPro_riv.cat,data/oxford_txts/MLPro_oxford.txt,data/csvs/MLPro,02-1-ch 95,,,10,though@conj,ich@pron%nom,comen@v%pr_1,after@prep,him@pron%obj,with@prep,haue-bake@n
data/riverside_cats/MLPro_riv.cat,data/oxford_txts/MLPro_oxford.txt,data/csvs/MLPro,02-1-ch 95,,,10,Though,I,come,after,him,with,hawebake
data/riverside_cats/MLPro_riv.cat,data/oxford_txts/MLPro_oxford.txt,data/csvs/MLPro,02-1-ch 95,,,10,u,S,ux,Su,S,u,SuSx
data/riverside_cats/MLPro_riv.cat,data/oxford_txts/MLPro_oxford.txt,data/csvs/MLPro,02-1-ch 95,,,10,though@conj,ich@pron%nom,comen@v%pr_1,after@prep,him@pron%obj,with@prep,haue-bake@n

"I speke in prose, and lat him rymes make.""",||,"I speke in prose, and lat him rimes make.”"
data/riverside_cats/MLPro_riv.cat,data/oxford_txts/MLPro_oxford.txt,data/csvs/MLPro,02-1-ch 96,,,10,I,speke,in,prose,and,lat,him,rymes,make
data/riverside_cats/MLPro_riv.cat,data/oxford_txts/MLPro_oxford.txt,data/csvs/MLPro,02-1-ch 96,,,10,u,Sx,u,Sx,u,S,u,Su,Sx
data/riverside_cats/MLPro_riv.cat,data/oxford_txts/MLPro_oxford.txt,data/csvs/MLPro,02-1-ch 96,,,10,ich@pron%nom,speken@v%pr_1,in@prep,prose@n,and@conj,leten@v%imp,him@pron%obj,rime@n3%pl,maken@v1%inf
data/riverside_cats/MLPro_riv.cat,data/oxford_txts/MLPro_oxford.txt,data/csvs/MLPro,02-1-ch 96,,,10,I,speke,in,prose,and,lat,him,rimes,make
data/riverside_cats/MLPro_riv.cat,data/oxford_txts/MLPro_oxford.txt,data/csvs/MLPro,02-1-ch 96,,,10,u,Sx,u,Sx,u,S,u,Su,Sx
data/riverside_cats/MLPro_riv.cat,data/oxford_txts/MLPro_oxford.txt,data/csvs/MLPro,02-1-ch 96,,,10,ich@pron%nom,speken@v%pr_1,in@prep,prose@n,and@conj,leten@v%imp,him@pron%obj,rime@n3%pl,maken@v1%inf

"And with that word he, with a sobre cheere,",||,"And with that word he, with a sobre chere,"
data/riverside_cats/MLPro_riv.cat,data/oxford_txts/MLPro_oxford.txt,data/csvs/MLPro,02-1-ch 97,,,10,And,with,that,word,he,with,a,sobre,cheere
data/riverside_cats/MLPro_riv.cat,data/oxford_txts/MLPro_oxford.txt,data/csvs/MLPro,02-1-ch 97,,,10,u,S,u,S,u,S,u,Su,Sx
data/riverside_cats/MLPro_riv.cat,data/oxford_txts/MLPro_oxford.txt,data/csvs/MLPro,02-1-ch 97,,,10,and@conj,with@prep,that@art&gram_adj,word@n,he@pron1%nom,with@prep,a@indef_art,sobre@adj,chere@n1
data/riverside_cats/MLPro_riv.cat,data/oxford_txts/MLPro_oxford.txt,data/csvs/MLPro,02-1-ch 97,,,10,And,with,that,word,he,with,a,sobre,chere
data/riverside_cats/MLPro_riv.cat,data/oxford_txts/MLPro_oxford.txt,data/csvs/MLPro,02-1-ch 97,,,10,u,S,u,S,u,S,u,Su,Sx
data/riverside_cats/MLPro_riv.cat,data/oxford_txts/MLPro_oxford.txt,data/csvs/MLPro,02-1-ch 97,,,10,and@conj,with@prep,that@art&gram_adj,word@n,he@pron1%nom,with@prep,a@indef_art,sobre@adj,chere@n1

"Bigan his tale, as ye shal after heere.",||,"Bigan his tale, as ye shal after here."
data/riverside_cats/MLPro_riv.cat,data/oxford_txts/MLPro_oxford.txt,data/csvs/MLPro,02-1-ch 98,,,10,Bigan,his,tale,as,ye,shal,after,heere
data/riverside_cats/MLPro_riv.cat,data/oxford_txts/MLPro_oxford.txt,data/csvs/MLPro,02-1-ch 98,,,10,uS,u,Sx,u,S,u,Su,Sx
data/riverside_cats/MLPro_riv.cat,data/oxford_txts/MLPro_oxford.txt,data/csvs/MLPro,02-1-ch 98,,,10,biginnen@v%pt_3,his@pron1%gen,tale@n,as@conj,ye@pron%pl_nom,shulen@v1%pr_pl,after@adv,heren@v%inf
data/riverside_cats/MLPro_riv.cat,data/oxford_txts/MLPro_oxford.txt,data/csvs/MLPro,02-1-ch 98,,,10,Bigan,his,tale,as,ye,shal,after,here
data/riverside_cats/MLPro_riv.cat,data/oxford_txts/MLPro_oxford.txt,data/csvs/MLPro,02-1-ch 98,,,10,uS,u,Sx,u,S,u,Su,Sx
data/riverside_cats/MLPro_riv.cat,data/oxford_txts/MLPro_oxford.txt,data/csvs/MLPro,02-1-ch 98,,,10,biginnen@v%pt_3,his@pron1%gen,tale@n,as@conj,ye@pron%pl_nom,shulen@v1%pr_pl,after@adv,heren@v%inf

